2026-09-09T11:37:28+00:00	dgx-spark-04	True	0	cmtpeql4y1etk2auhbk9668ry
2026-09-09T11:37:28+00:00	dgx-spark-03	True	0	cmtpsaud71whj2auh0k27ynki
2026-09-09T11:37:28+00:00	dgx-spark-02	True	0	cmtsqj5lz5qd42auh8vvrfn03
2026-09-09T11:37:30+00:00	dgx-spark-04	True	1	cmtpeql4y1etk2auhbk9668ry
2026-09-09T11:37:30+00:00	dgx-spark-03	True	1	cmtpsaud71whj2auh0k27ynki
2026-09-09T11:37:30+00:00	dgx-spark-02	True	1	cmtsqj5lz5qd42auh8vvrfn03
2026-09-09T11:37:32+00:00	dgx-spark-04	True	1	cmtpeql4y1etk2auhbk9668ry
2026-09-09T11:37:32+00:00	dgx-spark-03	True	1	cmtpsaud71whj2auh0k27ynki
2026-09-09T11:37:32+00:00	dgx-spark-02	True	1	cmtsqj5lz5qd42auh8vvrfn03
2026-09-09T11:37:34+00:00	dgx-spark-04	True	1	cmtpeql4y1etk2auhbk9668ry
2026-09-09T11:37:34+00:00	dgx-spark-03	True	1	cmtpsaud71whj2auh0k27ynki
2026-09-09T11:37:34+00:00	dgx-spark-02	True	1	cmtsqj5lz5qd42auh8vvrfn03
2026-09-09T11:37:36+00:00	dgx-spark-04	True	1	cmtpeql4y1etk2auhbk9668ry
2026-09-09T11:37:36+00:00	dgx-spark-03	True	1	cmtpsaud71whj2auh0k27ynki
2026-09-09T11:37:36+00:00	dgx-spark-02	True	1	cmtsqj5lz5qd42auh8vvrfn03
2026-09-09T11:37:38+00:00	dgx-spark-04	True	1	cmtpeql4y1etk2auhbk9668ry
2026-09-09T11:37:38+00:00	dgx-spark-03	True	1	cmtpsaud71whj2auh0k27ynki
2026-09-09T11:37:38+00:00	dgx-spark-02	True	1	cmtsqj5lz5qd42auh8vvrfn03
2026-09-09T11:37:40+00:00	dgx-spark-04	True	1	cmtpeql4y1etk2auhbk9668ry
2026-09-09T11:37:40+00:00	dgx-spark-03	True	1	cmtpsaud71whj2auh0k27ynki
2026-09-09T11:37:40+00:00	dgx-spark-02	True	1	cmtsqj5lz5qd42auh8vvrfn03
2026-09-09T11:37:42+00:00	dgx-spark-04	True	1	cmtpeql4y1etk2auhbk9668ry
2026-09-09T11:37:42+00:00	dgx-spark-03	True	1	cmtpsaud71whj2auh0k27ynki
2026-09-09T11:37:42+00:00	dgx-spark-02	True	1	cmtsqj5lz5qd42auh8vvrfn03
2026-09-09T11:37:44+00:00	dgx-spark-04	True	1	cmtpeql4y1etk2auhbk9668ry
2026-09-09T11:37:44+00:00	dgx-spark-03	True	1	cmtpsaud71whj2auh0k27ynki
2026-09-09T11:37:44+00:00	dgx-spark-02	True	1	cmtsqj5lz5qd42auh8vvrfn03
2026-09-09T11:37:46+00:00	dgx-spark-04	True	1	cmtpeql4y1etk2auhbk9668ry
2026-09-09T11:37:46+00:00	dgx-spark-03	True	1	cmtpsaud71whj2auh0k27ynki
2026-09-09T11:37:46+00:00	dgx-spark-02	True	1	cmtsqj5lz5qd42auh8vvrfn03
2026-09-09T11:37:48+00:00	dgx-spark-04	True	1	cmtpeql4y1etk2auhbk9668ry
2026-09-09T11:37:48+00:00	dgx-spark-03	True	1	cmtpsaud71whj2auh0k27ynki
2026-09-09T11:37:48+00:00	dgx-spark-02	True	1	cmtsqj5lz5qd42auh8vvrfn03
2026-09-09T11:37:51+00:00	dgx-spark-04	True	1	cmtpeql4y1etk2auhbk9668ry
2026-09-09T11:37:51+00:00	dgx-spark-03	True	1	cmtpsaud71whj2auh0k27ynki
2026-09-09T11:37:51+00:00	dgx-spark-02	True	1	cmtsqj5lz5qd42auh8vvrfn03
2026-09-09T11:37:53+00:00	dgx-spark-04	True	1	cmtpeql4y1etk2auhbk9668ry
2026-09-09T11:37:53+00:00	dgx-spark-03	True	1	cmtpsaud71whj2auh0k27ynki
2026-09-09T11:37:53+00:00	dgx-spark-02	True	1	cmtsqj5lz5qd42auh8vvrfn03
2026-09-09T11:37:55+00:00	dgx-spark-04	True	1	cmtpeql4y1etk2auhbk9668ry
2026-09-09T11:37:55+00:00	dgx-spark-03	True	1	cmtpsaud71whj2auh0k27ynki
2026-09-09T11:37:55+00:00	dgx-spark-02	True	1	cmtsqj5lz5qd42auh8vvrfn03
2026-09-09T11:37:57+00:00	dgx-spark-04	True	1	cmtpeql4y1etk2auhbk9668ry
2026-09-09T11:37:57+00:00	dgx-spark-03	True	1	cmtpsaud71whj2auh0k27ynki
2026-09-09T11:37:57+00:00	dgx-spark-02	True	1	cmtsqj5lz5qd42auh8vvrfn03
2026-09-09T11:37:59+00:00	dgx-spark-04	True	1	cmtpeql4y1etk2auhbk9668ry
2026-09-09T11:37:59+00:00	dgx-spark-03	True	1	cmtpsaud71whj2auh0k27ynki
2026-09-09T11:37:59+00:00	dgx-spark-02	True	1	cmtsqj5lz5qd42auh8vvrfn03
2026-09-09T11:38:01+00:00	dgx-spark-04	True	1	cmtpeql4y1etk2auhbk9668ry
2026-09-09T11:38:01+00:00	dgx-spark-03	True	1	cmtpsaud71whj2auh0k27ynki
2026-09-09T11:38:01+00:00	dgx-spark-02	True	1	cmtsqj5lz5qd42auh8vvrfn03
2026-09-09T11:38:03+00:00	dgx-spark-04	True	1	cmtpeql4y1etk2auhbk9668ry
2026-09-09T11:38:03+00:00	dgx-spark-03	True	1	cmtpsaud71whj2auh0k27ynki
2026-09-09T11:38:03+00:00	dgx-spark-02	True	1	cmtsqj5lz5qd42auh8vvrfn03
2026-09-09T11:38:05+00:00	dgx-spark-04	True	1	cmtpeql4y1etk2auhbk9668ry
2026-09-09T11:38:05+00:00	dgx-spark-03	True	1	cmtpsaud71whj2auh0k27ynki
2026-09-09T11:38:05+00:00	dgx-spark-02	True	1	cmtsqj5lz5qd42auh8vvrfn03
2026-09-09T11:38:07+00:00	dgx-spark-04	True	1	cmtpeql4y1etk2auhbk9668ry
2026-09-09T11:38:07+00:00	dgx-spark-03	True	1	cmtpsaud71whj2auh0k27ynki
2026-09-09T11:38:07+00:00	dgx-spark-02	True	1	cmtsqj5lz5qd42auh8vvrfn03
2026-09-09T11:38:09+00:00	dgx-spark-04	True	1	cmtpeql4y1etk2auhbk9668ry
2026-09-09T11:38:09+00:00	dgx-spark-03	True	1	cmtpsaud71whj2auh0k27ynki
2026-09-09T11:38:09+00:00	dgx-spark-02	True	1	cmtsqj5lz5qd42auh8vvrfn03
2026-09-09T11:38:11+00:00	dgx-spark-04	True	1	cmtpeql4y1etk2auhbk9668ry
2026-09-09T11:38:11+00:00	dgx-spark-03	True	1	cmtpsaud71whj2auh0k27ynki
2026-09-09T11:38:11+00:00	dgx-spark-02	True	1	cmtsqj5lz5qd42auh8vvrfn03
2026-09-09T11:38:13+00:00	dgx-spark-04	True	1	cmtpeql4y1etk2auhbk9668ry
2026-09-09T11:38:13+00:00	dgx-spark-03	True	1	cmtpsaud71whj2auh0k27ynki
2026-09-09T11:38:13+00:00	dgx-spark-02	True	1	cmtsqj5lz5qd42auh8vvrfn03
2026-09-09T11:38:15+00:00	dgx-spark-04	True	1	cmtpeql4y1etk2auhbk9668ry
2026-09-09T11:38:15+00:00	dgx-spark-03	True	1	cmtpsaud71whj2auh0k27ynki
2026-09-09T11:38:15+00:00	dgx-spark-02	True	1	cmtsqj5lz5qd42auh8vvrfn03
2026-09-09T11:38:17+00:00	dgx-spark-04	True	1	cmtpeql4y1etk2auhbk9668ry
2026-09-09T11:38:17+00:00	dgx-spark-03	True	1	cmtpsaud71whj2auh0k27ynki
2026-09-09T11:38:17+00:00	dgx-spark-02	True	1	cmtsqj5lz5qd42auh8vvrfn03
2026-09-09T11:38:19+00:00	dgx-spark-04	True	1	cmtpeql4y1etk2auhbk9668ry
2026-09-09T11:38:19+00:00	dgx-spark-03	True	1	cmtpsaud71whj2auh0k27ynki
2026-09-09T11:38:19+00:00	dgx-spark-02	True	1	cmtsqj5lz5qd42auh8vvrfn03
2026-09-09T11:38:21+00:00	dgx-spark-04	True	1	cmtpeql4y1etk2auhbk9668ry
2026-09-09T11:38:21+00:00	dgx-spark-03	True	1	cmtpsaud71whj2auh0k27ynki
2026-09-09T11:38:21+00:00	dgx-spark-02	True	1	cmtsqj5lz5qd42auh8vvrfn03
2026-09-09T11:38:23+00:00	dgx-spark-04	True	1	cmtpeql4y1etk2auhbk9668ry
2026-09-09T11:38:23+00:00	dgx-spark-03	True	1	cmtpsaud71whj2auh0k27ynki
2026-09-09T11:38:23+00:00	dgx-spark-02	True	1	cmtsqj5lz5qd42auh8vvrfn03
2026-09-09T11:38:25+00:00	dgx-spark-04	True	1	cmtpeql4y1etk2auhbk9668ry
2026-09-09T11:38:25+00:00	dgx-spark-03	True	1	cmtpsaud71whj2auh0k27ynki
2026-09-09T11:38:25+00:00	dgx-spark-02	True	1	cmtsqj5lz5qd42auh8vvrfn03
2026-09-09T11:38:27+00:00	dgx-spark-04	True	1	cmtpeql4y1etk2auhbk9668ry
2026-09-09T11:38:27+00:00	dgx-spark-03	True	1	cmtpsaud71whj2auh0k27ynki
2026-09-09T11:38:27+00:00	dgx-spark-02	True	1	cmtsqj5lz5qd42auh8vvrfn03
2026-09-09T11:38:29+00:00	dgx-spark-04	True	1	cmtpeql4y1etk2auhbk9668ry
2026-09-09T11:38:29+00:00	dgx-spark-03	True	1	cmtpsaud71whj2auh0k27ynki
2026-09-09T11:38:29+00:00	dgx-spark-02	True	1	cmtsqj5lz5qd42auh8vvrfn03
2026-09-09T11:38:31+00:00	dgx-spark-04	True	1	cmtpeql4y1etk2auhbk9668ry
2026-09-09T11:38:31+00:00	dgx-spark-03	True	1	cmtpsaud71whj2auh0k27ynki
2026-09-09T11:38:31+00:00	dgx-spark-02	True	1	cmtsqj5lz5qd42auh8vvrfn03
2026-09-09T11:38:33+00:00	dgx-spark-04	True	1	cmtpeql4y1etk2auhbk9668ry
2026-09-09T11:38:33+00:00	dgx-spark-03	True	1	cmtpsaud71whj2auh0k27ynki
2026-09-09T11:38:33+00:00	dgx-spark-02	True	1	cmtsqj5lz5qd42auh8vvrfn03
2026-09-09T11:38:35+00:00	dgx-spark-04	True	1	cmtpeql4y1etk2auhbk9668ry
2026-09-09T11:38:35+00:00	dgx-spark-03	True	1	cmtpsaud71whj2auh0k27ynki
2026-09-09T11:38:35+00:00	dgx-spark-02	True	1	cmtsqj5lz5qd42auh8vvrfn03
2026-09-09T11:38:37+00:00	dgx-spark-04	True	1	cmtpeql4y1etk2auhbk9668ry
2026-09-09T11:38:37+00:00	dgx-spark-03	True	1	cmtpsaud71whj2auh0k27ynki
2026-09-09T11:38:37+00:00	dgx-spark-02	True	1	cmtsqj5lz5qd42auh8vvrfn03
2026-09-09T11:38:39+00:00	dgx-spark-04	True	1	cmtpeql4y1etk2auhbk9668ry
2026-09-09T11:38:39+00:00	dgx-spark-03	True	1	cmtpsaud71whj2auh0k27ynki
2026-09-09T11:38:39+00:00	dgx-spark-02	True	1	cmtsqj5lz5qd42auh8vvrfn03
2026-09-09T11:38:41+00:00	dgx-spark-04	True	1	cmtpeql4y1etk2auhbk9668ry
2026-09-09T11:38:41+00:00	dgx-spark-03	True	1	cmtpsaud71whj2auh0k27ynki
2026-09-09T11:38:41+00:00	dgx-spark-02	True	1	cmtsqj5lz5qd42auh8vvrfn03
2026-09-09T11:38:43+00:00	dgx-spark-04	True	1	cmtpeql4y1etk2auhbk9668ry
2026-09-09T11:38:43+00:00	dgx-spark-03	True	1	cmtpsaud71whj2auh0k27ynki
2026-09-09T11:38:43+00:00	dgx-spark-02	True	1	cmtsqj5lz5qd42auh8vvrfn03
2026-09-09T11:38:45+00:00	dgx-spark-04	True	1	cmtpeql4y1etk2auhbk9668ry
2026-09-09T11:38:45+00:00	dgx-spark-03	True	1	cmtpsaud71whj2auh0k27ynki
2026-09-09T11:38:45+00:00	dgx-spark-02	True	1	cmtsqj5lz5qd42auh8vvrfn03
2026-09-09T11:38:47+00:00	dgx-spark-04	True	1	cmtpeql4y1etk2auhbk9668ry
2026-09-09T11:38:47+00:00	dgx-spark-03	True	1	cmtpsaud71whj2auh0k27ynki
2026-09-09T11:38:47+00:00	dgx-spark-02	True	1	cmtsqj5lz5qd42auh8vvrfn03
2026-09-09T11:38:49+00:00	dgx-spark-04	True	1	cmtpeql4y1etk2auhbk9668ry
2026-09-09T11:38:49+00:00	dgx-spark-03	True	1	cmtpsaud71whj2auh0k27ynki
2026-09-09T11:38:49+00:00	dgx-spark-02	True	1	cmtsqj5lz5qd42auh8vvrfn03
2026-09-09T11:38:51+00:00	dgx-spark-04	True	1	cmtpeql4y1etk2auhbk9668ry
2026-09-09T11:38:51+00:00	dgx-spark-03	True	1	cmtpsaud71whj2auh0k27ynki
2026-09-09T11:38:51+00:00	dgx-spark-02	True	1	cmtsqj5lz5qd42auh8vvrfn03
2026-09-09T11:38:53+00:00	dgx-spark-04	True	1	cmtpeql4y1etk2auhbk9668ry
2026-09-09T11:38:53+00:00	dgx-spark-03	True	1	cmtpsaud71whj2auh0k27ynki
2026-09-09T11:38:53+00:00	dgx-spark-02	True	1	cmtsqj5lz5qd42auh8vvrfn03
2026-09-09T11:38:55+00:00	dgx-spark-04	True	1	cmtpeql4y1etk2auhbk9668ry
2026-09-09T11:38:55+00:00	dgx-spark-03	True	1	cmtpsaud71whj2auh0k27ynki
2026-09-09T11:38:55+00:00	dgx-spark-02	True	1	cmtsqj5lz5qd42auh8vvrfn03
2026-09-09T11:38:57+00:00	dgx-spark-04	True	1	cmtpeql4y1etk2auhbk9668ry
2026-09-09T11:38:57+00:00	dgx-spark-03	True	1	cmtpsaud71whj2auh0k27ynki
2026-09-09T11:38:57+00:00	dgx-spark-02	True	1	cmtsqj5lz5qd42auh8vvrfn03
2026-09-09T11:38:59+00:00	dgx-spark-04	True	1	cmtpeql4y1etk2auhbk9668ry
2026-09-09T11:38:59+00:00	dgx-spark-03	True	1	cmtpsaud71whj2auh0k27ynki
2026-09-09T11:38:59+00:00	dgx-spark-02	True	1	cmtsqj5lz5qd42auh8vvrfn03
2026-09-09T11:39:01+00:00	dgx-spark-04	True	1	cmtpeql4y1etk2auhbk9668ry
2026-09-09T11:39:01+00:00	dgx-spark-03	True	1	cmtpsaud71whj2auh0k27ynki
2026-09-09T11:39:01+00:00	dgx-spark-02	True	1	cmtsqj5lz5qd42auh8vvrfn03
2026-09-09T11:39:03+00:00	dgx-spark-04	True	1	cmtpeql4y1etk2auhbk9668ry
2026-09-09T11:39:03+00:00	dgx-spark-03	True	1	cmtpsaud71whj2auh0k27ynki
2026-09-09T11:39:03+00:00	dgx-spark-02	True	1	cmtsqj5lz5qd42auh8vvrfn03
2026-09-09T11:39:05+00:00	dgx-spark-04	True	1	cmtpeql4y1etk2auhbk9668ry
2026-09-09T11:39:05+00:00	dgx-spark-03	True	1	cmtpsaud71whj2auh0k27ynki
2026-09-09T11:39:05+00:00	dgx-spark-02	True	1	cmtsqj5lz5qd42auh8vvrfn03
2026-09-09T11:39:07+00:00	dgx-spark-04	True	1	cmtpeql4y1etk2auhbk9668ry
2026-09-09T11:39:07+00:00	dgx-spark-03	True	1	cmtpsaud71whj2auh0k27ynki
2026-09-09T11:39:07+00:00	dgx-spark-02	True	1	cmtsqj5lz5qd42auh8vvrfn03
2026-09-09T11:39:09+00:00	dgx-spark-04	True	1	cmtpeql4y1etk2auhbk9668ry
2026-09-09T11:39:09+00:00	dgx-spark-03	True	1	cmtpsaud71whj2auh0k27ynki
2026-09-09T11:39:09+00:00	dgx-spark-02	True	1	cmtsqj5lz5qd42auh8vvrfn03
2026-09-09T11:39:11+00:00	dgx-spark-04	True	1	cmtpeql4y1etk2auhbk9668ry
2026-09-09T11:39:11+00:00	dgx-spark-03	True	1	cmtpsaud71whj2auh0k27ynki
2026-09-09T11:39:11+00:00	dgx-spark-02	True	1	cmtsqj5lz5qd42auh8vvrfn03
2026-09-09T11:39:13+00:00	dgx-spark-04	True	1	cmtpeql4y1etk2auhbk9668ry
2026-09-09T11:39:13+00:00	dgx-spark-03	True	1	cmtpsaud71whj2auh0k27ynki
2026-09-09T11:39:13+00:00	dgx-spark-02	True	1	cmtsqj5lz5qd42auh8vvrfn03
2026-09-09T11:39:15+00:00	dgx-spark-04	True	1	cmtpeql4y1etk2auhbk9668ry
2026-09-09T11:39:15+00:00	dgx-spark-03	True	1	cmtpsaud71whj2auh0k27ynki
2026-09-09T11:39:15+00:00	dgx-spark-02	True	1	cmtsqj5lz5qd42auh8vvrfn03
2026-09-09T11:39:17+00:00	dgx-spark-04	True	1	cmtpeql4y1etk2auhbk9668ry
2026-09-09T11:39:17+00:00	dgx-spark-03	True	1	cmtpsaud71whj2auh0k27ynki
2026-09-09T11:39:17+00:00	dgx-spark-02	True	1	cmtsqj5lz5qd42auh8vvrfn03
2026-09-09T11:39:19+00:00	dgx-spark-04	True	1	cmtpeql4y1etk2auhbk9668ry
2026-09-09T11:39:19+00:00	dgx-spark-03	True	1	cmtpsaud71whj2auh0k27ynki
2026-09-09T11:39:19+00:00	dgx-spark-02	True	1	cmtsqj5lz5qd42auh8vvrfn03
2026-09-09T11:39:21+00:00	dgx-spark-04	True	1	cmtpeql4y1etk2auhbk9668ry
2026-09-09T11:39:21+00:00	dgx-spark-03	True	1	cmtpsaud71whj2auh0k27ynki
2026-09-09T11:39:21+00:00	dgx-spark-02	True	1	cmtsqj5lz5qd42auh8vvrfn03
2026-09-09T11:39:24+00:00	dgx-spark-04	True	1	cmtpeql4y1etk2auhbk9668ry
2026-09-09T11:39:24+00:00	dgx-spark-03	True	1	cmtpsaud71whj2auh0k27ynki
2026-09-09T11:39:24+00:00	dgx-spark-02	True	1	cmtsqj5lz5qd42auh8vvrfn03
2026-09-09T11:39:26+00:00	dgx-spark-04	True	1	cmtpeql4y1etk2auhbk9668ry
2026-09-09T11:39:26+00:00	dgx-spark-03	True	1	cmtpsaud71whj2auh0k27ynki
2026-09-09T11:39:26+00:00	dgx-spark-02	True	1	cmtsqj5lz5qd42auh8vvrfn03
2026-09-09T11:39:28+00:00	dgx-spark-04	True	1	cmtpeql4y1etk2auhbk9668ry
2026-09-09T11:39:28+00:00	dgx-spark-03	True	1	cmtpsaud71whj2auh0k27ynki
2026-09-09T11:39:28+00:00	dgx-spark-02	True	1	cmtsqj5lz5qd42auh8vvrfn03
2026-09-09T11:39:30+00:00	dgx-spark-04	True	1	cmtpeql4y1etk2auhbk9668ry
2026-09-09T11:39:30+00:00	dgx-spark-03	True	1	cmtpsaud71whj2auh0k27ynki
2026-09-09T11:39:30+00:00	dgx-spark-02	True	1	cmtsqj5lz5qd42auh8vvrfn03
2026-09-09T11:39:32+00:00	dgx-spark-04	True	1	cmtpeql4y1etk2auhbk9668ry
2026-09-09T11:39:32+00:00	dgx-spark-03	True	1	cmtpsaud71whj2auh0k27ynki
2026-09-09T11:39:32+00:00	dgx-spark-02	True	1	cmtsqj5lz5qd42auh8vvrfn03
2026-09-09T11:39:34+00:00	dgx-spark-04	True	1	cmtpeql4y1etk2auhbk9668ry
2026-09-09T11:39:34+00:00	dgx-spark-03	True	1	cmtpsaud71whj2auh0k27ynki
2026-09-09T11:39:34+00:00	dgx-spark-02	True	1	cmtsqj5lz5qd42auh8vvrfn03
2026-09-09T11:39:36+00:00	dgx-spark-04	True	1	cmtpeql4y1etk2auhbk9668ry
2026-09-09T11:39:36+00:00	dgx-spark-03	True	1	cmtpsaud71whj2auh0k27ynki
2026-09-09T11:39:36+00:00	dgx-spark-02	True	1	cmtsqj5lz5qd42auh8vvrfn03
2026-09-09T11:39:38+00:00	dgx-spark-04	True	1	cmtpeql4y1etk2auhbk9668ry
2026-09-09T11:39:38+00:00	dgx-spark-03	True	1	cmtpsaud71whj2auh0k27ynki
2026-09-09T11:39:38+00:00	dgx-spark-02	True	1	cmtsqj5lz5qd42auh8vvrfn03
2026-09-09T11:39:40+00:00	dgx-spark-04	True	1	cmtpeql4y1etk2auhbk9668ry
2026-09-09T11:39:40+00:00	dgx-spark-03	True	1	cmtpsaud71whj2auh0k27ynki
2026-09-09T11:39:40+00:00	dgx-spark-02	True	1	cmtsqj5lz5qd42auh8vvrfn03
2026-09-09T11:39:42+00:00	dgx-spark-04	True	1	cmtpeql4y1etk2auhbk9668ry
2026-09-09T11:39:42+00:00	dgx-spark-03	True	1	cmtpsaud71whj2auh0k27ynki
2026-09-09T11:39:42+00:00	dgx-spark-02	True	1	cmtsqj5lz5qd42auh8vvrfn03
2026-09-09T11:39:44+00:00	dgx-spark-04	True	1	cmtpeql4y1etk2auhbk9668ry
2026-09-09T11:39:44+00:00	dgx-spark-03	True	1	cmtpsaud71whj2auh0k27ynki
2026-09-09T11:39:44+00:00	dgx-spark-02	True	1	cmtsqj5lz5qd42auh8vvrfn03
2026-09-09T11:39:46+00:00	dgx-spark-04	True	1	cmtpeql4y1etk2auhbk9668ry
2026-09-09T11:39:46+00:00	dgx-spark-03	True	1	cmtpsaud71whj2auh0k27ynki
2026-09-09T11:39:46+00:00	dgx-spark-02	True	1	cmtsqj5lz5qd42auh8vvrfn03
2026-09-09T11:39:48+00:00	dgx-spark-04	True	1	cmtpeql4y1etk2auhbk9668ry
2026-09-09T11:39:48+00:00	dgx-spark-03	True	1	cmtpsaud71whj2auh0k27ynki
2026-09-09T11:39:48+00:00	dgx-spark-02	True	1	cmtsqj5lz5qd42auh8vvrfn03
2026-09-09T11:39:50+00:00	dgx-spark-04	True	1	cmtpeql4y1etk2auhbk9668ry
2026-09-09T11:39:50+00:00	dgx-spark-03	True	1	cmtpsaud71whj2auh0k27ynki
2026-09-09T11:39:50+00:00	dgx-spark-02	True	1	cmtsqj5lz5qd42auh8vvrfn03
2026-09-09T11:39:52+00:00	dgx-spark-04	True	1	cmtpeql4y1etk2auhbk9668ry
2026-09-09T11:39:52+00:00	dgx-spark-03	True	1	cmtpsaud71whj2auh0k27ynki
2026-09-09T11:39:52+00:00	dgx-spark-02	True	1	cmtsqj5lz5qd42auh8vvrfn03
2026-09-09T11:39:54+00:00	dgx-spark-04	True	1	cmtpeql4y1etk2auhbk9668ry
2026-09-09T11:39:54+00:00	dgx-spark-03	True	1	cmtpsaud71whj2auh0k27ynki
2026-09-09T11:39:54+00:00	dgx-spark-02	True	1	cmtsqj5lz5qd42auh8vvrfn03
2026-09-09T11:39:56+00:00	dgx-spark-04	True	1	cmtpeql4y1etk2auhbk9668ry
2026-09-09T11:39:56+00:00	dgx-spark-03	True	1	cmtpsaud71whj2auh0k27ynki
2026-09-09T11:39:56+00:00	dgx-spark-02	True	1	cmtsqj5lz5qd42auh8vvrfn03
2026-09-09T11:39:58+00:00	dgx-spark-04	True	1	cmtpeql4y1etk2auhbk9668ry
2026-09-09T11:39:58+00:00	dgx-spark-03	True	1	cmtpsaud71whj2auh0k27ynki
2026-09-09T11:39:58+00:00	dgx-spark-02	True	1	cmtsqj5lz5qd42auh8vvrfn03
2026-09-09T11:40:00+00:00	dgx-spark-04	True	1	cmtpeql4y1etk2auhbk9668ry
2026-09-09T11:40:00+00:00	dgx-spark-03	True	1	cmtpsaud71whj2auh0k27ynki
2026-09-09T11:40:00+00:00	dgx-spark-02	True	1	cmtsqj5lz5qd42auh8vvrfn03
2026-09-09T11:40:02+00:00	dgx-spark-04	True	1	cmtpeql4y1etk2auhbk9668ry
2026-09-09T11:40:02+00:00	dgx-spark-03	True	1	cmtpsaud71whj2auh0k27ynki
2026-09-09T11:40:02+00:00	dgx-spark-02	True	1	cmtsqj5lz5qd42auh8vvrfn03
2026-09-09T11:40:04+00:00	dgx-spark-04	True	1	cmtpeql4y1etk2auhbk9668ry
2026-09-09T11:40:04+00:00	dgx-spark-03	True	1	cmtpsaud71whj2auh0k27ynki
2026-09-09T11:40:04+00:00	dgx-spark-02	True	1	cmtsqj5lz5qd42auh8vvrfn03
2026-09-09T11:40:06+00:00	dgx-spark-04	True	1	cmtpeql4y1etk2auhbk9668ry
2026-09-09T11:40:06+00:00	dgx-spark-03	True	0	cmtpsaud71whj2auh0k27ynki
2026-09-09T11:40:06+00:00	dgx-spark-02	True	1	cmtsqj5lz5qd42auh8vvrfn03
2026-09-09T11:40:08+00:00	dgx-spark-04	True	1	cmtpeql4y1etk2auhbk9668ry
2026-09-09T11:40:08+00:00	dgx-spark-03	True	1	cmtpsaud71whj2auh0k27ynki
2026-09-09T11:40:08+00:00	dgx-spark-02	True	1	cmtsqj5lz5qd42auh8vvrfn03
2026-09-09T11:40:10+00:00	dgx-spark-04	True	1	cmtpeql4y1etk2auhbk9668ry
2026-09-09T11:40:10+00:00	dgx-spark-03	True	1	cmtpsaud71whj2auh0k27ynki
2026-09-09T11:40:10+00:00	dgx-spark-02	True	1	cmtsqj5lz5qd42auh8vvrfn03
2026-09-09T11:40:12+00:00	dgx-spark-04	True	1	cmtpeql4y1etk2auhbk9668ry
2026-09-09T11:40:12+00:00	dgx-spark-03	True	1	cmtpsaud71whj2auh0k27ynki
2026-09-09T11:40:12+00:00	dgx-spark-02	True	1	cmtsqj5lz5qd42auh8vvrfn03
2026-09-09T11:40:14+00:00	dgx-spark-04	True	1	cmtpeql4y1etk2auhbk9668ry
2026-09-09T11:40:14+00:00	dgx-spark-03	True	1	cmtpsaud71whj2auh0k27ynki
2026-09-09T11:40:14+00:00	dgx-spark-02	True	1	cmtsqj5lz5qd42auh8vvrfn03
2026-09-09T11:40:16+00:00	dgx-spark-04	True	1	cmtpeql4y1etk2auhbk9668ry
2026-09-09T11:40:16+00:00	dgx-spark-03	True	1	cmtpsaud71whj2auh0k27ynki
2026-09-09T11:40:16+00:00	dgx-spark-02	True	1	cmtsqj5lz5qd42auh8vvrfn03
2026-09-09T11:40:18+00:00	dgx-spark-04	True	1	cmtpeql4y1etk2auhbk9668ry
2026-09-09T11:40:18+00:00	dgx-spark-03	True	1	cmtpsaud71whj2auh0k27ynki
2026-09-09T11:40:18+00:00	dgx-spark-02	True	1	cmtsqj5lz5qd42auh8vvrfn03
2026-09-09T11:40:20+00:00	dgx-spark-04	True	1	cmtpeql4y1etk2auhbk9668ry
2026-09-09T11:40:20+00:00	dgx-spark-03	True	1	cmtpsaud71whj2auh0k27ynki
2026-09-09T11:40:20+00:00	dgx-spark-02	True	1	cmtsqj5lz5qd42auh8vvrfn03
2026-09-09T11:40:22+00:00	dgx-spark-04	True	1	cmtpeql4y1etk2auhbk9668ry
2026-09-09T11:40:22+00:00	dgx-spark-03	True	1	cmtpsaud71whj2auh0k27ynki
2026-09-09T11:40:22+00:00	dgx-spark-02	True	1	cmtsqj5lz5qd42auh8vvrfn03
2026-09-09T11:40:24+00:00	dgx-spark-04	True	1	cmtpeql4y1etk2auhbk9668ry
2026-09-09T11:40:24+00:00	dgx-spark-03	True	1	cmtpsaud71whj2auh0k27ynki
2026-09-09T11:40:24+00:00	dgx-spark-02	True	1	cmtsqj5lz5qd42auh8vvrfn03
2026-09-09T11:40:26+00:00	dgx-spark-04	True	1	cmtpeql4y1etk2auhbk9668ry
2026-09-09T11:40:26+00:00	dgx-spark-03	True	1	cmtpsaud71whj2auh0k27ynki
2026-09-09T11:40:26+00:00	dgx-spark-02	True	1	cmtsqj5lz5qd42auh8vvrfn03
2026-09-09T11:40:28+00:00	dgx-spark-04	True	1	cmtpeql4y1etk2auhbk9668ry
2026-09-09T11:40:28+00:00	dgx-spark-03	True	1	cmtpsaud71whj2auh0k27ynki
2026-09-09T11:40:28+00:00	dgx-spark-02	True	1	cmtsqj5lz5qd42auh8vvrfn03
2026-09-09T11:40:30+00:00	dgx-spark-04	True	1	cmtpeql4y1etk2auhbk9668ry
2026-09-09T11:40:30+00:00	dgx-spark-03	True	1	cmtpsaud71whj2auh0k27ynki
2026-09-09T11:40:30+00:00	dgx-spark-02	True	1	cmtsqj5lz5qd42auh8vvrfn03
2026-09-09T11:40:32+00:00	dgx-spark-04	True	1	cmtpeql4y1etk2auhbk9668ry
2026-09-09T11:40:32+00:00	dgx-spark-03	True	1	cmtpsaud71whj2auh0k27ynki
2026-09-09T11:40:32+00:00	dgx-spark-02	True	1	cmtsqj5lz5qd42auh8vvrfn03
2026-09-09T11:40:34+00:00	dgx-spark-04	True	1	cmtpeql4y1etk2auhbk9668ry
2026-09-09T11:40:34+00:00	dgx-spark-03	True	1	cmtpsaud71whj2auh0k27ynki
2026-09-09T11:40:34+00:00	dgx-spark-02	True	1	cmtsqj5lz5qd42auh8vvrfn03
2026-09-09T11:40:36+00:00	dgx-spark-04	True	1	cmtpeql4y1etk2auhbk9668ry
2026-09-09T11:40:36+00:00	dgx-spark-03	True	1	cmtpsaud71whj2auh0k27ynki
2026-09-09T11:40:36+00:00	dgx-spark-02	True	1	cmtsqj5lz5qd42auh8vvrfn03
2026-09-09T11:40:38+00:00	dgx-spark-04	True	1	cmtpeql4y1etk2auhbk9668ry
2026-09-09T11:40:38+00:00	dgx-spark-03	True	1	cmtpsaud71whj2auh0k27ynki
2026-09-09T11:40:38+00:00	dgx-spark-02	True	1	cmtsqj5lz5qd42auh8vvrfn03
2026-09-09T11:40:40+00:00	dgx-spark-04	True	1	cmtpeql4y1etk2auhbk9668ry
2026-09-09T11:40:40+00:00	dgx-spark-03	True	1	cmtpsaud71whj2auh0k27ynki
2026-09-09T11:40:40+00:00	dgx-spark-02	True	1	cmtsqj5lz5qd42auh8vvrfn03
2026-09-09T11:40:42+00:00	dgx-spark-04	True	1	cmtpeql4y1etk2auhbk9668ry
2026-09-09T11:40:42+00:00	dgx-spark-03	True	1	cmtpsaud71whj2auh0k27ynki
2026-09-09T11:40:42+00:00	dgx-spark-02	True	1	cmtsqj5lz5qd42auh8vvrfn03
2026-09-09T11:40:44+00:00	dgx-spark-04	True	1	cmtpeql4y1etk2auhbk9668ry
2026-09-09T11:40:44+00:00	dgx-spark-03	True	1	cmtpsaud71whj2auh0k27ynki
2026-09-09T11:40:44+00:00	dgx-spark-02	True	1	cmtsqj5lz5qd42auh8vvrfn03
2026-09-09T11:40:46+00:00	dgx-spark-04	True	1	cmtpeql4y1etk2auhbk9668ry
2026-09-09T11:40:46+00:00	dgx-spark-03	True	1	cmtpsaud71whj2auh0k27ynki
2026-09-09T11:40:46+00:00	dgx-spark-02	True	1	cmtsqj5lz5qd42auh8vvrfn03
2026-09-09T11:40:48+00:00	dgx-spark-04	True	1	cmtpeql4y1etk2auhbk9668ry
2026-09-09T11:40:48+00:00	dgx-spark-03	True	1	cmtpsaud71whj2auh0k27ynki
2026-09-09T11:40:48+00:00	dgx-spark-02	True	1	cmtsqj5lz5qd42auh8vvrfn03
2026-09-09T11:40:50+00:00	dgx-spark-04	True	1	cmtpeql4y1etk2auhbk9668ry
2026-09-09T11:40:50+00:00	dgx-spark-03	True	1	cmtpsaud71whj2auh0k27ynki
2026-09-09T11:40:50+00:00	dgx-spark-02	True	1	cmtsqj5lz5qd42auh8vvrfn03
2026-09-09T11:40:52+00:00	dgx-spark-04	True	1	cmtpeql4y1etk2auhbk9668ry
2026-09-09T11:40:52+00:00	dgx-spark-03	True	1	cmtpsaud71whj2auh0k27ynki
2026-09-09T11:40:52+00:00	dgx-spark-02	True	1	cmtsqj5lz5qd42auh8vvrfn03
2026-09-09T11:40:54+00:00	dgx-spark-04	True	1	cmtpeql4y1etk2auhbk9668ry
2026-09-09T11:40:54+00:00	dgx-spark-03	True	1	cmtpsaud71whj2auh0k27ynki
2026-09-09T11:40:54+00:00	dgx-spark-02	True	1	cmtsqj5lz5qd42auh8vvrfn03
2026-09-09T11:40:56+00:00	dgx-spark-04	True	0	cmtpeql4y1etk2auhbk9668ry
2026-09-09T11:40:56+00:00	dgx-spark-03	True	1	cmtpsaud71whj2auh0k27ynki
2026-09-09T11:40:56+00:00	dgx-spark-02	True	1	cmtsqj5lz5qd42auh8vvrfn03
2026-09-09T11:40:58+00:00	dgx-spark-04	True	1	cmtpeql4y1etk2auhbk9668ry
2026-09-09T11:40:58+00:00	dgx-spark-03	True	1	cmtpsaud71whj2auh0k27ynki
2026-09-09T11:40:58+00:00	dgx-spark-02	True	1	cmtsqj5lz5qd42auh8vvrfn03
2026-09-09T11:41:00+00:00	dgx-spark-04	True	1	cmtpeql4y1etk2auhbk9668ry
2026-09-09T11:41:00+00:00	dgx-spark-03	True	1	cmtpsaud71whj2auh0k27ynki
2026-09-09T11:41:00+00:00	dgx-spark-02	True	1	cmtsqj5lz5qd42auh8vvrfn03
2026-09-09T11:41:02+00:00	dgx-spark-04	True	1	cmtpeql4y1etk2auhbk9668ry
2026-09-09T11:41:02+00:00	dgx-spark-03	True	1	cmtpsaud71whj2auh0k27ynki
2026-09-09T11:41:02+00:00	dgx-spark-02	True	1	cmtsqj5lz5qd42auh8vvrfn03
2026-09-09T11:41:04+00:00	dgx-spark-04	True	1	cmtpeql4y1etk2auhbk9668ry
2026-09-09T11:41:04+00:00	dgx-spark-03	True	1	cmtpsaud71whj2auh0k27ynki
2026-09-09T11:41:04+00:00	dgx-spark-02	True	1	cmtsqj5lz5qd42auh8vvrfn03
2026-09-09T11:41:06+00:00	dgx-spark-04	True	1	cmtpeql4y1etk2auhbk9668ry
2026-09-09T11:41:06+00:00	dgx-spark-03	True	1	cmtpsaud71whj2auh0k27ynki
2026-09-09T11:41:06+00:00	dgx-spark-02	True	1	cmtsqj5lz5qd42auh8vvrfn03
2026-09-09T11:41:08+00:00	dgx-spark-04	True	0	cmtpeql4y1etk2auhbk9668ry
2026-09-09T11:41:08+00:00	dgx-spark-03	True	1	cmtpsaud71whj2auh0k27ynki
2026-09-09T11:41:08+00:00	dgx-spark-02	True	1	cmtsqj5lz5qd42auh8vvrfn03
2026-09-09T11:41:11+00:00	dgx-spark-04	True	1	cmtpeql4y1etk2auhbk9668ry
2026-09-09T11:41:11+00:00	dgx-spark-03	True	1	cmtpsaud71whj2auh0k27ynki
2026-09-09T11:41:11+00:00	dgx-spark-02	True	1	cmtsqj5lz5qd42auh8vvrfn03
2026-09-09T11:41:13+00:00	dgx-spark-04	True	1	cmtpeql4y1etk2auhbk9668ry
2026-09-09T11:41:13+00:00	dgx-spark-03	True	1	cmtpsaud71whj2auh0k27ynki
2026-09-09T11:41:13+00:00	dgx-spark-02	True	1	cmtsqj5lz5qd42auh8vvrfn03
2026-09-09T11:41:15+00:00	dgx-spark-04	True	1	cmtpeql4y1etk2auhbk9668ry
2026-09-09T11:41:15+00:00	dgx-spark-03	True	1	cmtpsaud71whj2auh0k27ynki
2026-09-09T11:41:15+00:00	dgx-spark-02	True	1	cmtsqj5lz5qd42auh8vvrfn03
2026-09-09T11:41:17+00:00	dgx-spark-04	True	1	cmtpeql4y1etk2auhbk9668ry
2026-09-09T11:41:17+00:00	dgx-spark-03	True	1	cmtpsaud71whj2auh0k27ynki
2026-09-09T11:41:17+00:00	dgx-spark-02	True	1	cmtsqj5lz5qd42auh8vvrfn03
2026-09-09T11:41:19+00:00	dgx-spark-04	True	1	cmtpeql4y1etk2auhbk9668ry
2026-09-09T11:41:19+00:00	dgx-spark-03	True	1	cmtpsaud71whj2auh0k27ynki
2026-09-09T11:41:19+00:00	dgx-spark-02	True	1	cmtsqj5lz5qd42auh8vvrfn03
2026-09-09T11:41:21+00:00	dgx-spark-04	True	1	cmtpeql4y1etk2auhbk9668ry
2026-09-09T11:41:21+00:00	dgx-spark-03	True	1	cmtpsaud71whj2auh0k27ynki
2026-09-09T11:41:21+00:00	dgx-spark-02	True	1	cmtsqj5lz5qd42auh8vvrfn03
2026-09-09T11:41:23+00:00	dgx-spark-04	True	1	cmtpeql4y1etk2auhbk9668ry
2026-09-09T11:41:23+00:00	dgx-spark-03	True	1	cmtpsaud71whj2auh0k27ynki
2026-09-09T11:41:23+00:00	dgx-spark-02	True	1	cmtsqj5lz5qd42auh8vvrfn03
2026-09-09T11:41:25+00:00	dgx-spark-04	True	1	cmtpeql4y1etk2auhbk9668ry
2026-09-09T11:41:25+00:00	dgx-spark-03	True	1	cmtpsaud71whj2auh0k27ynki
2026-09-09T11:41:25+00:00	dgx-spark-02	True	1	cmtsqj5lz5qd42auh8vvrfn03
2026-09-09T11:41:27+00:00	dgx-spark-04	True	1	cmtpeql4y1etk2auhbk9668ry
2026-09-09T11:41:27+00:00	dgx-spark-03	True	1	cmtpsaud71whj2auh0k27ynki
2026-09-09T11:41:27+00:00	dgx-spark-02	True	1	cmtsqj5lz5qd42auh8vvrfn03
2026-09-09T11:41:29+00:00	dgx-spark-04	True	1	cmtpeql4y1etk2auhbk9668ry
2026-09-09T11:41:29+00:00	dgx-spark-03	True	1	cmtpsaud71whj2auh0k27ynki
2026-09-09T11:41:29+00:00	dgx-spark-02	True	1	cmtsqj5lz5qd42auh8vvrfn03
2026-09-09T11:41:31+00:00	dgx-spark-04	True	1	cmtpeql4y1etk2auhbk9668ry
2026-09-09T11:41:31+00:00	dgx-spark-03	True	1	cmtpsaud71whj2auh0k27ynki
2026-09-09T11:41:31+00:00	dgx-spark-02	True	1	cmtsqj5lz5qd42auh8vvrfn03
2026-09-09T11:41:33+00:00	dgx-spark-04	True	1	cmtpeql4y1etk2auhbk9668ry
2026-09-09T11:41:33+00:00	dgx-spark-03	True	1	cmtpsaud71whj2auh0k27ynki
2026-09-09T11:41:33+00:00	dgx-spark-02	True	1	cmtsqj5lz5qd42auh8vvrfn03
2026-09-09T11:41:35+00:00	dgx-spark-04	True	1	cmtpeql4y1etk2auhbk9668ry
2026-09-09T11:41:35+00:00	dgx-spark-03	True	1	cmtpsaud71whj2auh0k27ynki
2026-09-09T11:41:35+00:00	dgx-spark-02	True	1	cmtsqj5lz5qd42auh8vvrfn03
2026-09-09T11:41:37+00:00	dgx-spark-04	True	1	cmtpeql4y1etk2auhbk9668ry
2026-09-09T11:41:37+00:00	dgx-spark-03	True	1	cmtpsaud71whj2auh0k27ynki
2026-09-09T11:41:37+00:00	dgx-spark-02	True	1	cmtsqj5lz5qd42auh8vvrfn03
2026-09-09T11:41:39+00:00	dgx-spark-04	True	1	cmtpeql4y1etk2auhbk9668ry
2026-09-09T11:41:39+00:00	dgx-spark-03	True	1	cmtpsaud71whj2auh0k27ynki
2026-09-09T11:41:39+00:00	dgx-spark-02	True	1	cmtsqj5lz5qd42auh8vvrfn03
2026-09-09T11:41:41+00:00	dgx-spark-04	True	1	cmtpeql4y1etk2auhbk9668ry
2026-09-09T11:41:41+00:00	dgx-spark-03	True	1	cmtpsaud71whj2auh0k27ynki
2026-09-09T11:41:41+00:00	dgx-spark-02	True	1	cmtsqj5lz5qd42auh8vvrfn03
2026-09-09T11:41:43+00:00	dgx-spark-04	True	1	cmtpeql4y1etk2auhbk9668ry
2026-09-09T11:41:43+00:00	dgx-spark-03	True	1	cmtpsaud71whj2auh0k27ynki
2026-09-09T11:41:43+00:00	dgx-spark-02	True	1	cmtsqj5lz5qd42auh8vvrfn03
2026-09-09T11:41:45+00:00	dgx-spark-04	True	1	cmtpeql4y1etk2auhbk9668ry
2026-09-09T11:41:45+00:00	dgx-spark-03	True	1	cmtpsaud71whj2auh0k27ynki
2026-09-09T11:41:45+00:00	dgx-spark-02	True	1	cmtsqj5lz5qd42auh8vvrfn03
2026-09-09T11:41:47+00:00	dgx-spark-04	True	1	cmtpeql4y1etk2auhbk9668ry
2026-09-09T11:41:47+00:00	dgx-spark-03	True	1	cmtpsaud71whj2auh0k27ynki
2026-09-09T11:41:47+00:00	dgx-spark-02	True	1	cmtsqj5lz5qd42auh8vvrfn03
2026-09-09T11:41:49+00:00	dgx-spark-04	True	1	cmtpeql4y1etk2auhbk9668ry
2026-09-09T11:41:49+00:00	dgx-spark-03	True	1	cmtpsaud71whj2auh0k27ynki
2026-09-09T11:41:49+00:00	dgx-spark-02	True	1	cmtsqj5lz5qd42auh8vvrfn03
2026-09-09T11:41:51+00:00	dgx-spark-04	True	1	cmtpeql4y1etk2auhbk9668ry
2026-09-09T11:41:51+00:00	dgx-spark-03	True	1	cmtpsaud71whj2auh0k27ynki
2026-09-09T11:41:51+00:00	dgx-spark-02	True	1	cmtsqj5lz5qd42auh8vvrfn03
2026-09-09T11:41:53+00:00	dgx-spark-04	True	1	cmtpeql4y1etk2auhbk9668ry
2026-09-09T11:41:53+00:00	dgx-spark-03	True	1	cmtpsaud71whj2auh0k27ynki
2026-09-09T11:41:53+00:00	dgx-spark-02	True	1	cmtsqj5lz5qd42auh8vvrfn03
2026-09-09T11:41:55+00:00	dgx-spark-04	True	1	cmtpeql4y1etk2auhbk9668ry
2026-09-09T11:41:55+00:00	dgx-spark-03	True	1	cmtpsaud71whj2auh0k27ynki
2026-09-09T11:41:55+00:00	dgx-spark-02	True	1	cmtsqj5lz5qd42auh8vvrfn03
2026-09-09T11:41:57+00:00	dgx-spark-04	True	1	cmtpeql4y1etk2auhbk9668ry
2026-09-09T11:41:57+00:00	dgx-spark-03	True	1	cmtpsaud71whj2auh0k27ynki
2026-09-09T11:41:57+00:00	dgx-spark-02	True	1	cmtsqj5lz5qd42auh8vvrfn03
2026-09-09T11:41:59+00:00	dgx-spark-04	True	1	cmtpeql4y1etk2auhbk9668ry
2026-09-09T11:41:59+00:00	dgx-spark-03	True	1	cmtpsaud71whj2auh0k27ynki
2026-09-09T11:41:59+00:00	dgx-spark-02	True	1	cmtsqj5lz5qd42auh8vvrfn03
2026-09-09T11:42:01+00:00	dgx-spark-04	True	1	cmtpeql4y1etk2auhbk9668ry
2026-09-09T11:42:01+00:00	dgx-spark-03	True	1	cmtpsaud71whj2auh0k27ynki
2026-09-09T11:42:01+00:00	dgx-spark-02	True	0	cmtsqj5lz5qd42auh8vvrfn03
2026-09-09T11:42:03+00:00	dgx-spark-04	True	1	cmtpeql4y1etk2auhbk9668ry
2026-09-09T11:42:03+00:00	dgx-spark-03	True	1	cmtpsaud71whj2auh0k27ynki
2026-09-09T11:42:03+00:00	dgx-spark-02	True	1	cmtsqj5lz5qd42auh8vvrfn03
2026-09-09T11:42:05+00:00	dgx-spark-04	True	1	cmtpeql4y1etk2auhbk9668ry
2026-09-09T11:42:05+00:00	dgx-spark-03	True	1	cmtpsaud71whj2auh0k27ynki
2026-09-09T11:42:05+00:00	dgx-spark-02	True	1	cmtsqj5lz5qd42auh8vvrfn03
2026-09-09T11:42:07+00:00	dgx-spark-04	True	1	cmtpeql4y1etk2auhbk9668ry
2026-09-09T11:42:07+00:00	dgx-spark-03	True	1	cmtpsaud71whj2auh0k27ynki
2026-09-09T11:42:07+00:00	dgx-spark-02	True	1	cmtsqj5lz5qd42auh8vvrfn03
2026-09-09T11:42:09+00:00	dgx-spark-04	True	1	cmtpeql4y1etk2auhbk9668ry
2026-09-09T11:42:09+00:00	dgx-spark-03	True	1	cmtpsaud71whj2auh0k27ynki
2026-09-09T11:42:09+00:00	dgx-spark-02	True	1	cmtsqj5lz5qd42auh8vvrfn03
2026-09-09T11:42:11+00:00	dgx-spark-04	True	1	cmtpeql4y1etk2auhbk9668ry
2026-09-09T11:42:11+00:00	dgx-spark-03	True	1	cmtpsaud71whj2auh0k27ynki
2026-09-09T11:42:11+00:00	dgx-spark-02	True	1	cmtsqj5lz5qd42auh8vvrfn03
2026-09-09T11:42:13+00:00	dgx-spark-04	True	1	cmtpeql4y1etk2auhbk9668ry
2026-09-09T11:42:13+00:00	dgx-spark-03	True	1	cmtpsaud71whj2auh0k27ynki
2026-09-09T11:42:13+00:00	dgx-spark-02	True	1	cmtsqj5lz5qd42auh8vvrfn03
2026-09-09T11:42:15+00:00	dgx-spark-04	True	1	cmtpeql4y1etk2auhbk9668ry
2026-09-09T11:42:15+00:00	dgx-spark-03	True	1	cmtpsaud71whj2auh0k27ynki
2026-09-09T11:42:15+00:00	dgx-spark-02	True	0	cmtsqj5lz5qd42auh8vvrfn03
2026-09-09T11:42:17+00:00	dgx-spark-04	True	1	cmtpeql4y1etk2auhbk9668ry
2026-09-09T11:42:17+00:00	dgx-spark-03	True	1	cmtpsaud71whj2auh0k27ynki
2026-09-09T11:42:17+00:00	dgx-spark-02	True	1	cmtsqj5lz5qd42auh8vvrfn03
2026-09-09T11:42:19+00:00	dgx-spark-04	True	1	cmtpeql4y1etk2auhbk9668ry
2026-09-09T11:42:19+00:00	dgx-spark-03	True	1	cmtpsaud71whj2auh0k27ynki
2026-09-09T11:42:19+00:00	dgx-spark-02	True	1	cmtsqj5lz5qd42auh8vvrfn03
2026-09-09T11:42:21+00:00	dgx-spark-04	True	1	cmtpeql4y1etk2auhbk9668ry
2026-09-09T11:42:21+00:00	dgx-spark-03	True	1	cmtpsaud71whj2auh0k27ynki
2026-09-09T11:42:21+00:00	dgx-spark-02	True	1	cmtsqj5lz5qd42auh8vvrfn03
2026-09-09T11:42:23+00:00	dgx-spark-04	True	1	cmtpeql4y1etk2auhbk9668ry
2026-09-09T11:42:23+00:00	dgx-spark-03	True	1	cmtpsaud71whj2auh0k27ynki
2026-09-09T11:42:23+00:00	dgx-spark-02	True	1	cmtsqj5lz5qd42auh8vvrfn03
2026-09-09T11:42:25+00:00	dgx-spark-04	True	1	cmtpeql4y1etk2auhbk9668ry
2026-09-09T11:42:25+00:00	dgx-spark-03	True	1	cmtpsaud71whj2auh0k27ynki
2026-09-09T11:42:25+00:00	dgx-spark-02	True	1	cmtsqj5lz5qd42auh8vvrfn03
2026-09-09T11:42:27+00:00	dgx-spark-04	True	1	cmtpeql4y1etk2auhbk9668ry
2026-09-09T11:42:27+00:00	dgx-spark-03	True	1	cmtpsaud71whj2auh0k27ynki
2026-09-09T11:42:27+00:00	dgx-spark-02	True	1	cmtsqj5lz5qd42auh8vvrfn03
2026-09-09T11:42:29+00:00	dgx-spark-04	True	1	cmtpeql4y1etk2auhbk9668ry
2026-09-09T11:42:29+00:00	dgx-spark-03	True	1	cmtpsaud71whj2auh0k27ynki
2026-09-09T11:42:29+00:00	dgx-spark-02	True	1	cmtsqj5lz5qd42auh8vvrfn03
2026-09-09T11:42:31+00:00	dgx-spark-04	True	1	cmtpeql4y1etk2auhbk9668ry
2026-09-09T11:42:31+00:00	dgx-spark-03	True	1	cmtpsaud71whj2auh0k27ynki
2026-09-09T11:42:31+00:00	dgx-spark-02	True	1	cmtsqj5lz5qd42auh8vvrfn03
2026-09-09T11:42:33+00:00	dgx-spark-04	True	1	cmtpeql4y1etk2auhbk9668ry
2026-09-09T11:42:33+00:00	dgx-spark-03	True	1	cmtpsaud71whj2auh0k27ynki
2026-09-09T11:42:33+00:00	dgx-spark-02	True	1	cmtsqj5lz5qd42auh8vvrfn03
2026-09-09T11:42:35+00:00	dgx-spark-04	True	1	cmtpeql4y1etk2auhbk9668ry
2026-09-09T11:42:35+00:00	dgx-spark-03	True	1	cmtpsaud71whj2auh0k27ynki
2026-09-09T11:42:35+00:00	dgx-spark-02	True	1	cmtsqj5lz5qd42auh8vvrfn03
2026-09-09T11:42:37+00:00	dgx-spark-04	True	1	cmtpeql4y1etk2auhbk9668ry
2026-09-09T11:42:37+00:00	dgx-spark-03	True	1	cmtpsaud71whj2auh0k27ynki
2026-09-09T11:42:37+00:00	dgx-spark-02	True	1	cmtsqj5lz5qd42auh8vvrfn03
2026-09-09T11:42:39+00:00	dgx-spark-04	True	1	cmtpeql4y1etk2auhbk9668ry
2026-09-09T11:42:39+00:00	dgx-spark-03	True	1	cmtpsaud71whj2auh0k27ynki
2026-09-09T11:42:39+00:00	dgx-spark-02	True	1	cmtsqj5lz5qd42auh8vvrfn03
2026-09-09T11:42:41+00:00	dgx-spark-04	True	1	cmtpeql4y1etk2auhbk9668ry
2026-09-09T11:42:41+00:00	dgx-spark-03	True	1	cmtpsaud71whj2auh0k27ynki
2026-09-09T11:42:41+00:00	dgx-spark-02	True	1	cmtsqj5lz5qd42auh8vvrfn03
2026-09-09T11:42:43+00:00	dgx-spark-04	True	1	cmtpeql4y1etk2auhbk9668ry
2026-09-09T11:42:43+00:00	dgx-spark-03	True	1	cmtpsaud71whj2auh0k27ynki
2026-09-09T11:42:43+00:00	dgx-spark-02	True	1	cmtsqj5lz5qd42auh8vvrfn03
2026-09-09T11:42:45+00:00	dgx-spark-04	True	1	cmtpeql4y1etk2auhbk9668ry
2026-09-09T11:42:45+00:00	dgx-spark-03	True	1	cmtpsaud71whj2auh0k27ynki
2026-09-09T11:42:45+00:00	dgx-spark-02	True	1	cmtsqj5lz5qd42auh8vvrfn03
2026-09-09T11:42:47+00:00	dgx-spark-04	True	1	cmtpeql4y1etk2auhbk9668ry
2026-09-09T11:42:47+00:00	dgx-spark-03	True	1	cmtpsaud71whj2auh0k27ynki
2026-09-09T11:42:47+00:00	dgx-spark-02	True	1	cmtsqj5lz5qd42auh8vvrfn03
2026-09-09T11:42:49+00:00	dgx-spark-04	True	1	cmtpeql4y1etk2auhbk9668ry
2026-09-09T11:42:49+00:00	dgx-spark-03	True	1	cmtpsaud71whj2auh0k27ynki
2026-09-09T11:42:49+00:00	dgx-spark-02	True	1	cmtsqj5lz5qd42auh8vvrfn03
2026-09-09T11:42:51+00:00	dgx-spark-04	True	1	cmtpeql4y1etk2auhbk9668ry
2026-09-09T11:42:51+00:00	dgx-spark-03	True	1	cmtpsaud71whj2auh0k27ynki
2026-09-09T11:42:51+00:00	dgx-spark-02	True	1	cmtsqj5lz5qd42auh8vvrfn03
2026-09-09T11:42:54+00:00	dgx-spark-04	True	1	cmtpeql4y1etk2auhbk9668ry
2026-09-09T11:42:54+00:00	dgx-spark-03	True	1	cmtpsaud71whj2auh0k27ynki
2026-09-09T11:42:54+00:00	dgx-spark-02	True	1	cmtsqj5lz5qd42auh8vvrfn03
2026-09-09T11:42:56+00:00	dgx-spark-04	True	1	cmtpeql4y1etk2auhbk9668ry
2026-09-09T11:42:56+00:00	dgx-spark-03	True	1	cmtpsaud71whj2auh0k27ynki
2026-09-09T11:42:56+00:00	dgx-spark-02	True	1	cmtsqj5lz5qd42auh8vvrfn03
2026-09-09T11:42:58+00:00	dgx-spark-04	True	1	cmtpeql4y1etk2auhbk9668ry
2026-09-09T11:42:58+00:00	dgx-spark-03	True	1	cmtpsaud71whj2auh0k27ynki
2026-09-09T11:42:58+00:00	dgx-spark-02	True	1	cmtsqj5lz5qd42auh8vvrfn03
2026-09-09T11:43:00+00:00	dgx-spark-04	True	1	cmtpeql4y1etk2auhbk9668ry
2026-09-09T11:43:00+00:00	dgx-spark-03	True	1	cmtpsaud71whj2auh0k27ynki
2026-09-09T11:43:00+00:00	dgx-spark-02	True	1	cmtsqj5lz5qd42auh8vvrfn03
2026-09-09T11:43:02+00:00	dgx-spark-04	True	1	cmtpeql4y1etk2auhbk9668ry
2026-09-09T11:43:02+00:00	dgx-spark-03	True	1	cmtpsaud71whj2auh0k27ynki
2026-09-09T11:43:02+00:00	dgx-spark-02	True	1	cmtsqj5lz5qd42auh8vvrfn03
2026-09-09T11:43:04+00:00	dgx-spark-04	True	1	cmtpeql4y1etk2auhbk9668ry
2026-09-09T11:43:04+00:00	dgx-spark-03	True	1	cmtpsaud71whj2auh0k27ynki
2026-09-09T11:43:04+00:00	dgx-spark-02	True	1	cmtsqj5lz5qd42auh8vvrfn03
2026-09-09T11:43:06+00:00	dgx-spark-04	True	1	cmtpeql4y1etk2auhbk9668ry
2026-09-09T11:43:06+00:00	dgx-spark-03	True	1	cmtpsaud71whj2auh0k27ynki
2026-09-09T11:43:06+00:00	dgx-spark-02	True	1	cmtsqj5lz5qd42auh8vvrfn03
2026-09-09T11:43:08+00:00	dgx-spark-04	True	1	cmtpeql4y1etk2auhbk9668ry
2026-09-09T11:43:08+00:00	dgx-spark-03	True	1	cmtpsaud71whj2auh0k27ynki
2026-09-09T11:43:08+00:00	dgx-spark-02	True	1	cmtsqj5lz5qd42auh8vvrfn03
2026-09-09T11:43:10+00:00	dgx-spark-04	True	1	cmtpeql4y1etk2auhbk9668ry
2026-09-09T11:43:10+00:00	dgx-spark-03	True	0	cmtpsaud71whj2auh0k27ynki
2026-09-09T11:43:10+00:00	dgx-spark-02	True	1	cmtsqj5lz5qd42auh8vvrfn03
2026-09-09T11:43:12+00:00	dgx-spark-04	True	1	cmtpeql4y1etk2auhbk9668ry
2026-09-09T11:43:12+00:00	dgx-spark-03	True	1	cmtpsaud71whj2auh0k27ynki
2026-09-09T11:43:12+00:00	dgx-spark-02	True	1	cmtsqj5lz5qd42auh8vvrfn03
2026-09-09T11:43:14+00:00	dgx-spark-04	True	1	cmtpeql4y1etk2auhbk9668ry
2026-09-09T11:43:14+00:00	dgx-spark-03	True	1	cmtpsaud71whj2auh0k27ynki
2026-09-09T11:43:14+00:00	dgx-spark-02	True	1	cmtsqj5lz5qd42auh8vvrfn03
2026-09-09T11:43:16+00:00	dgx-spark-04	True	1	cmtpeql4y1etk2auhbk9668ry
2026-09-09T11:43:16+00:00	dgx-spark-03	True	1	cmtpsaud71whj2auh0k27ynki
2026-09-09T11:43:16+00:00	dgx-spark-02	True	1	cmtsqj5lz5qd42auh8vvrfn03
2026-09-09T11:43:19+00:00	dgx-spark-04	True	1	cmtpeql4y1etk2auhbk9668ry
2026-09-09T11:43:19+00:00	dgx-spark-03	True	1	cmtpsaud71whj2auh0k27ynki
2026-09-09T11:43:19+00:00	dgx-spark-02	True	1	cmtsqj5lz5qd42auh8vvrfn03
2026-09-09T11:43:21+00:00	dgx-spark-04	True	1	cmtpeql4y1etk2auhbk9668ry
2026-09-09T11:43:21+00:00	dgx-spark-03	True	1	cmtpsaud71whj2auh0k27ynki
2026-09-09T11:43:21+00:00	dgx-spark-02	True	1	cmtsqj5lz5qd42auh8vvrfn03
2026-09-09T11:43:23+00:00	dgx-spark-04	True	1	cmtpeql4y1etk2auhbk9668ry
2026-09-09T11:43:23+00:00	dgx-spark-03	True	1	cmtpsaud71whj2auh0k27ynki
2026-09-09T11:43:23+00:00	dgx-spark-02	True	1	cmtsqj5lz5qd42auh8vvrfn03
2026-09-09T11:43:25+00:00	dgx-spark-04	True	1	cmtpeql4y1etk2auhbk9668ry
2026-09-09T11:43:25+00:00	dgx-spark-03	True	1	cmtpsaud71whj2auh0k27ynki
2026-09-09T11:43:25+00:00	dgx-spark-02	True	1	cmtsqj5lz5qd42auh8vvrfn03
2026-09-09T11:43:27+00:00	dgx-spark-04	True	1	cmtpeql4y1etk2auhbk9668ry
2026-09-09T11:43:27+00:00	dgx-spark-03	True	1	cmtpsaud71whj2auh0k27ynki
2026-09-09T11:43:27+00:00	dgx-spark-02	True	1	cmtsqj5lz5qd42auh8vvrfn03
2026-09-09T11:43:29+00:00	dgx-spark-04	True	1	cmtpeql4y1etk2auhbk9668ry
2026-09-09T11:43:29+00:00	dgx-spark-03	True	1	cmtpsaud71whj2auh0k27ynki
2026-09-09T11:43:29+00:00	dgx-spark-02	True	1	cmtsqj5lz5qd42auh8vvrfn03
2026-09-09T11:43:31+00:00	dgx-spark-04	True	1	cmtpeql4y1etk2auhbk9668ry
2026-09-09T11:43:31+00:00	dgx-spark-03	True	1	cmtpsaud71whj2auh0k27ynki
2026-09-09T11:43:31+00:00	dgx-spark-02	True	1	cmtsqj5lz5qd42auh8vvrfn03
2026-09-09T11:43:33+00:00	dgx-spark-04	True	1	cmtpeql4y1etk2auhbk9668ry
2026-09-09T11:43:33+00:00	dgx-spark-03	True	1	cmtpsaud71whj2auh0k27ynki
2026-09-09T11:43:33+00:00	dgx-spark-02	True	0	cmtsqj5lz5qd42auh8vvrfn03
2026-09-09T11:43:35+00:00	dgx-spark-04	True	1	cmtpeql4y1etk2auhbk9668ry
2026-09-09T11:43:35+00:00	dgx-spark-03	True	1	cmtpsaud71whj2auh0k27ynki
2026-09-09T11:43:35+00:00	dgx-spark-02	True	1	cmtsqj5lz5qd42auh8vvrfn03
2026-09-09T11:43:37+00:00	dgx-spark-04	True	1	cmtpeql4y1etk2auhbk9668ry
2026-09-09T11:43:37+00:00	dgx-spark-03	True	0	cmtpsaud71whj2auh0k27ynki
2026-09-09T11:43:37+00:00	dgx-spark-02	True	1	cmtsqj5lz5qd42auh8vvrfn03
2026-09-09T11:43:39+00:00	dgx-spark-04	True	1	cmtpeql4y1etk2auhbk9668ry
2026-09-09T11:43:39+00:00	dgx-spark-03	True	1	cmtpsaud71whj2auh0k27ynki
2026-09-09T11:43:39+00:00	dgx-spark-02	True	1	cmtsqj5lz5qd42auh8vvrfn03
2026-09-09T11:43:42+00:00	dgx-spark-04	True	1	cmtpeql4y1etk2auhbk9668ry
2026-09-09T11:43:42+00:00	dgx-spark-03	True	1	cmtpsaud71whj2auh0k27ynki
2026-09-09T11:43:42+00:00	dgx-spark-02	True	1	cmtsqj5lz5qd42auh8vvrfn03
2026-09-09T11:43:44+00:00	dgx-spark-04	True	1	cmtpeql4y1etk2auhbk9668ry
2026-09-09T11:43:44+00:00	dgx-spark-03	True	1	cmtpsaud71whj2auh0k27ynki
2026-09-09T11:43:44+00:00	dgx-spark-02	True	1	cmtsqj5lz5qd42auh8vvrfn03
2026-09-09T11:43:46+00:00	dgx-spark-04	True	1	cmtpeql4y1etk2auhbk9668ry
2026-09-09T11:43:46+00:00	dgx-spark-03	True	1	cmtpsaud71whj2auh0k27ynki
2026-09-09T11:43:46+00:00	dgx-spark-02	True	0	cmtsqj5lz5qd42auh8vvrfn03
2026-09-09T11:43:48+00:00	dgx-spark-04	True	1	cmtpeql4y1etk2auhbk9668ry
2026-09-09T11:43:48+00:00	dgx-spark-03	True	1	cmtpsaud71whj2auh0k27ynki
2026-09-09T11:43:48+00:00	dgx-spark-02	True	1	cmtsqj5lz5qd42auh8vvrfn03
2026-09-09T11:43:50+00:00	dgx-spark-04	True	1	cmtpeql4y1etk2auhbk9668ry
2026-09-09T11:43:50+00:00	dgx-spark-03	True	1	cmtpsaud71whj2auh0k27ynki
2026-09-09T11:43:50+00:00	dgx-spark-02	True	1	cmtsqj5lz5qd42auh8vvrfn03
2026-09-09T11:43:52+00:00	dgx-spark-04	True	1	cmtpeql4y1etk2auhbk9668ry
2026-09-09T11:43:52+00:00	dgx-spark-03	True	1	cmtpsaud71whj2auh0k27ynki
2026-09-09T11:43:52+00:00	dgx-spark-02	True	1	cmtsqj5lz5qd42auh8vvrfn03
2026-09-09T11:43:54+00:00	dgx-spark-04	True	1	cmtpeql4y1etk2auhbk9668ry
2026-09-09T11:43:54+00:00	dgx-spark-03	True	1	cmtpsaud71whj2auh0k27ynki
2026-09-09T11:43:54+00:00	dgx-spark-02	True	1	cmtsqj5lz5qd42auh8vvrfn03
2026-09-09T11:43:56+00:00	dgx-spark-04	True	1	cmtpeql4y1etk2auhbk9668ry
2026-09-09T11:43:56+00:00	dgx-spark-03	True	1	cmtpsaud71whj2auh0k27ynki
2026-09-09T11:43:56+00:00	dgx-spark-02	True	1	cmtsqj5lz5qd42auh8vvrfn03
2026-09-09T11:43:58+00:00	dgx-spark-04	True	1	cmtpeql4y1etk2auhbk9668ry
2026-09-09T11:43:58+00:00	dgx-spark-03	True	1	cmtpsaud71whj2auh0k27ynki
2026-09-09T11:43:58+00:00	dgx-spark-02	True	1	cmtsqj5lz5qd42auh8vvrfn03
2026-09-09T11:44:00+00:00	dgx-spark-04	True	1	cmtpeql4y1etk2auhbk9668ry
2026-09-09T11:44:00+00:00	dgx-spark-03	True	1	cmtpsaud71whj2auh0k27ynki
2026-09-09T11:44:00+00:00	dgx-spark-02	True	1	cmtsqj5lz5qd42auh8vvrfn03
2026-09-09T11:44:03+00:00	dgx-spark-04	True	1	cmtpeql4y1etk2auhbk9668ry
2026-09-09T11:44:03+00:00	dgx-spark-03	True	1	cmtpsaud71whj2auh0k27ynki
2026-09-09T11:44:03+00:00	dgx-spark-02	True	1	cmtsqj5lz5qd42auh8vvrfn03
2026-09-09T11:44:05+00:00	dgx-spark-04	True	1	cmtpeql4y1etk2auhbk9668ry
2026-09-09T11:44:05+00:00	dgx-spark-03	True	1	cmtpsaud71whj2auh0k27ynki
2026-09-09T11:44:05+00:00	dgx-spark-02	True	1	cmtsqj5lz5qd42auh8vvrfn03
2026-09-09T11:44:07+00:00	dgx-spark-04	True	1	cmtpeql4y1etk2auhbk9668ry
2026-09-09T11:44:07+00:00	dgx-spark-03	True	1	cmtpsaud71whj2auh0k27ynki
2026-09-09T11:44:07+00:00	dgx-spark-02	True	1	cmtsqj5lz5qd42auh8vvrfn03
2026-09-09T11:44:09+00:00	dgx-spark-04	True	1	cmtpeql4y1etk2auhbk9668ry
2026-09-09T11:44:09+00:00	dgx-spark-03	True	0	cmtpsaud71whj2auh0k27ynki
2026-09-09T11:44:09+00:00	dgx-spark-02	True	1	cmtsqj5lz5qd42auh8vvrfn03
2026-09-09T11:44:11+00:00	dgx-spark-04	True	1	cmtpeql4y1etk2auhbk9668ry
2026-09-09T11:44:11+00:00	dgx-spark-03	True	1	cmtpsaud71whj2auh0k27ynki
2026-09-09T11:44:11+00:00	dgx-spark-02	True	1	cmtsqj5lz5qd42auh8vvrfn03
2026-09-09T11:44:13+00:00	dgx-spark-04	True	1	cmtpeql4y1etk2auhbk9668ry
2026-09-09T11:44:13+00:00	dgx-spark-03	True	1	cmtpsaud71whj2auh0k27ynki
2026-09-09T11:44:13+00:00	dgx-spark-02	True	1	cmtsqj5lz5qd42auh8vvrfn03
2026-09-09T11:44:15+00:00	dgx-spark-04	True	1	cmtpeql4y1etk2auhbk9668ry
2026-09-09T11:44:15+00:00	dgx-spark-03	True	1	cmtpsaud71whj2auh0k27ynki
2026-09-09T11:44:15+00:00	dgx-spark-02	True	1	cmtsqj5lz5qd42auh8vvrfn03
2026-09-09T11:44:17+00:00	dgx-spark-04	True	1	cmtpeql4y1etk2auhbk9668ry
2026-09-09T11:44:17+00:00	dgx-spark-03	True	1	cmtpsaud71whj2auh0k27ynki
2026-09-09T11:44:17+00:00	dgx-spark-02	True	1	cmtsqj5lz5qd42auh8vvrfn03
2026-09-09T11:44:19+00:00	dgx-spark-04	True	1	cmtpeql4y1etk2auhbk9668ry
2026-09-09T11:44:19+00:00	dgx-spark-03	True	1	cmtpsaud71whj2auh0k27ynki
2026-09-09T11:44:19+00:00	dgx-spark-02	True	1	cmtsqj5lz5qd42auh8vvrfn03
2026-09-09T11:44:21+00:00	dgx-spark-04	True	1	cmtpeql4y1etk2auhbk9668ry
2026-09-09T11:44:21+00:00	dgx-spark-03	True	1	cmtpsaud71whj2auh0k27ynki
2026-09-09T11:44:21+00:00	dgx-spark-02	True	1	cmtsqj5lz5qd42auh8vvrfn03
2026-09-09T11:44:24+00:00	dgx-spark-04	True	1	cmtpeql4y1etk2auhbk9668ry
2026-09-09T11:44:24+00:00	dgx-spark-03	True	1	cmtpsaud71whj2auh0k27ynki
2026-09-09T11:44:24+00:00	dgx-spark-02	True	1	cmtsqj5lz5qd42auh8vvrfn03
2026-09-09T11:44:26+00:00	dgx-spark-04	True	1	cmtpeql4y1etk2auhbk9668ry
2026-09-09T11:44:26+00:00	dgx-spark-03	True	1	cmtpsaud71whj2auh0k27ynki
2026-09-09T11:44:26+00:00	dgx-spark-02	True	1	cmtsqj5lz5qd42auh8vvrfn03
2026-09-09T11:44:28+00:00	dgx-spark-04	True	1	cmtpeql4y1etk2auhbk9668ry
2026-09-09T11:44:28+00:00	dgx-spark-03	True	1	cmtpsaud71whj2auh0k27ynki
2026-09-09T11:44:28+00:00	dgx-spark-02	True	1	cmtsqj5lz5qd42auh8vvrfn03
2026-09-09T11:44:30+00:00	dgx-spark-04	True	1	cmtpeql4y1etk2auhbk9668ry
2026-09-09T11:44:30+00:00	dgx-spark-03	True	1	cmtpsaud71whj2auh0k27ynki
2026-09-09T11:44:30+00:00	dgx-spark-02	True	1	cmtsqj5lz5qd42auh8vvrfn03
2026-09-09T11:44:32+00:00	dgx-spark-04	True	1	cmtpeql4y1etk2auhbk9668ry
2026-09-09T11:44:32+00:00	dgx-spark-03	True	1	cmtpsaud71whj2auh0k27ynki
2026-09-09T11:44:32+00:00	dgx-spark-02	True	1	cmtsqj5lz5qd42auh8vvrfn03
2026-09-09T11:44:34+00:00	dgx-spark-04	True	1	cmtpeql4y1etk2auhbk9668ry
2026-09-09T11:44:34+00:00	dgx-spark-03	True	1	cmtpsaud71whj2auh0k27ynki
2026-09-09T11:44:34+00:00	dgx-spark-02	True	1	cmtsqj5lz5qd42auh8vvrfn03
2026-09-09T11:44:36+00:00	dgx-spark-04	True	1	cmtpeql4y1etk2auhbk9668ry
2026-09-09T11:44:36+00:00	dgx-spark-03	True	1	cmtpsaud71whj2auh0k27ynki
2026-09-09T11:44:36+00:00	dgx-spark-02	True	1	cmtsqj5lz5qd42auh8vvrfn03
2026-09-09T11:44:38+00:00	dgx-spark-04	True	1	cmtpeql4y1etk2auhbk9668ry
2026-09-09T11:44:38+00:00	dgx-spark-03	True	1	cmtpsaud71whj2auh0k27ynki
2026-09-09T11:44:38+00:00	dgx-spark-02	True	1	cmtsqj5lz5qd42auh8vvrfn03
2026-09-09T11:44:40+00:00	dgx-spark-04	True	1	cmtpeql4y1etk2auhbk9668ry
2026-09-09T11:44:40+00:00	dgx-spark-03	True	1	cmtpsaud71whj2auh0k27ynki
2026-09-09T11:44:40+00:00	dgx-spark-02	True	1	cmtsqj5lz5qd42auh8vvrfn03
2026-09-09T11:44:42+00:00	dgx-spark-04	True	1	cmtpeql4y1etk2auhbk9668ry
2026-09-09T11:44:42+00:00	dgx-spark-03	True	1	cmtpsaud71whj2auh0k27ynki
2026-09-09T11:44:42+00:00	dgx-spark-02	True	1	cmtsqj5lz5qd42auh8vvrfn03
2026-09-09T11:44:44+00:00	dgx-spark-04	True	1	cmtpeql4y1etk2auhbk9668ry
2026-09-09T11:44:44+00:00	dgx-spark-03	True	1	cmtpsaud71whj2auh0k27ynki
2026-09-09T11:44:44+00:00	dgx-spark-02	True	1	cmtsqj5lz5qd42auh8vvrfn03
2026-09-09T11:44:46+00:00	dgx-spark-04	True	1	cmtpeql4y1etk2auhbk9668ry
2026-09-09T11:44:46+00:00	dgx-spark-03	True	1	cmtpsaud71whj2auh0k27ynki
2026-09-09T11:44:46+00:00	dgx-spark-02	True	1	cmtsqj5lz5qd42auh8vvrfn03
2026-09-09T11:44:48+00:00	dgx-spark-04	True	1	cmtpeql4y1etk2auhbk9668ry
2026-09-09T11:44:48+00:00	dgx-spark-03	True	1	cmtpsaud71whj2auh0k27ynki
2026-09-09T11:44:48+00:00	dgx-spark-02	True	1	cmtsqj5lz5qd42auh8vvrfn03
2026-09-09T11:44:50+00:00	dgx-spark-04	True	1	cmtpeql4y1etk2auhbk9668ry
2026-09-09T11:44:50+00:00	dgx-spark-03	True	1	cmtpsaud71whj2auh0k27ynki
2026-09-09T11:44:50+00:00	dgx-spark-02	True	1	cmtsqj5lz5qd42auh8vvrfn03
2026-09-09T11:44:52+00:00	dgx-spark-04	True	1	cmtpeql4y1etk2auhbk9668ry
2026-09-09T11:44:52+00:00	dgx-spark-03	True	1	cmtpsaud71whj2auh0k27ynki
2026-09-09T11:44:52+00:00	dgx-spark-02	True	1	cmtsqj5lz5qd42auh8vvrfn03
2026-09-09T11:44:54+00:00	dgx-spark-04	True	1	cmtpeql4y1etk2auhbk9668ry
2026-09-09T11:44:54+00:00	dgx-spark-03	True	1	cmtpsaud71whj2auh0k27ynki
2026-09-09T11:44:54+00:00	dgx-spark-02	True	1	cmtsqj5lz5qd42auh8vvrfn03
2026-09-09T11:44:56+00:00	dgx-spark-04	True	1	cmtpeql4y1etk2auhbk9668ry
2026-09-09T11:44:56+00:00	dgx-spark-03	True	1	cmtpsaud71whj2auh0k27ynki
2026-09-09T11:44:56+00:00	dgx-spark-02	True	1	cmtsqj5lz5qd42auh8vvrfn03
2026-09-09T11:44:58+00:00	dgx-spark-04	True	1	cmtpeql4y1etk2auhbk9668ry
2026-09-09T11:44:58+00:00	dgx-spark-03	True	1	cmtpsaud71whj2auh0k27ynki
2026-09-09T11:44:58+00:00	dgx-spark-02	True	1	cmtsqj5lz5qd42auh8vvrfn03
2026-09-09T11:45:00+00:00	dgx-spark-04	True	1	cmtpeql4y1etk2auhbk9668ry
2026-09-09T11:45:00+00:00	dgx-spark-03	True	1	cmtpsaud71whj2auh0k27ynki
2026-09-09T11:45:00+00:00	dgx-spark-02	True	1	cmtsqj5lz5qd42auh8vvrfn03
2026-09-09T11:45:03+00:00	dgx-spark-04	True	1	cmtpeql4y1etk2auhbk9668ry
2026-09-09T11:45:03+00:00	dgx-spark-03	True	1	cmtpsaud71whj2auh0k27ynki
2026-09-09T11:45:03+00:00	dgx-spark-02	True	1	cmtsqj5lz5qd42auh8vvrfn03
2026-09-09T11:45:05+00:00	dgx-spark-04	True	1	cmtpeql4y1etk2auhbk9668ry
2026-09-09T11:45:05+00:00	dgx-spark-03	True	1	cmtpsaud71whj2auh0k27ynki
2026-09-09T11:45:05+00:00	dgx-spark-02	True	1	cmtsqj5lz5qd42auh8vvrfn03
2026-09-09T11:45:07+00:00	dgx-spark-04	True	1	cmtpeql4y1etk2auhbk9668ry
2026-09-09T11:45:07+00:00	dgx-spark-03	True	1	cmtpsaud71whj2auh0k27ynki
2026-09-09T11:45:07+00:00	dgx-spark-02	True	1	cmtsqj5lz5qd42auh8vvrfn03
2026-09-09T11:45:09+00:00	dgx-spark-04	True	1	cmtpeql4y1etk2auhbk9668ry
2026-09-09T11:45:09+00:00	dgx-spark-03	True	1	cmtpsaud71whj2auh0k27ynki
2026-09-09T11:45:09+00:00	dgx-spark-02	True	1	cmtsqj5lz5qd42auh8vvrfn03
2026-09-09T11:45:11+00:00	dgx-spark-04	True	1	cmtpeql4y1etk2auhbk9668ry
2026-09-09T11:45:11+00:00	dgx-spark-03	True	1	cmtpsaud71whj2auh0k27ynki
2026-09-09T11:45:11+00:00	dgx-spark-02	True	1	cmtsqj5lz5qd42auh8vvrfn03
2026-09-09T11:45:13+00:00	dgx-spark-04	True	1	cmtpeql4y1etk2auhbk9668ry
2026-09-09T11:45:13+00:00	dgx-spark-03	True	1	cmtpsaud71whj2auh0k27ynki
2026-09-09T11:45:13+00:00	dgx-spark-02	True	1	cmtsqj5lz5qd42auh8vvrfn03
2026-09-09T11:45:15+00:00	dgx-spark-04	True	1	cmtpeql4y1etk2auhbk9668ry
2026-09-09T11:45:15+00:00	dgx-spark-03	True	1	cmtpsaud71whj2auh0k27ynki
2026-09-09T11:45:15+00:00	dgx-spark-02	True	1	cmtsqj5lz5qd42auh8vvrfn03
2026-09-09T11:45:17+00:00	dgx-spark-04	True	1	cmtpeql4y1etk2auhbk9668ry
2026-09-09T11:45:17+00:00	dgx-spark-03	True	1	cmtpsaud71whj2auh0k27ynki
2026-09-09T11:45:17+00:00	dgx-spark-02	True	1	cmtsqj5lz5qd42auh8vvrfn03
2026-09-09T11:45:19+00:00	dgx-spark-04	True	1	cmtpeql4y1etk2auhbk9668ry
2026-09-09T11:45:19+00:00	dgx-spark-03	True	1	cmtpsaud71whj2auh0k27ynki
2026-09-09T11:45:19+00:00	dgx-spark-02	True	1	cmtsqj5lz5qd42auh8vvrfn03
2026-09-09T11:45:21+00:00	dgx-spark-04	True	1	cmtpeql4y1etk2auhbk9668ry
2026-09-09T11:45:21+00:00	dgx-spark-03	True	1	cmtpsaud71whj2auh0k27ynki
2026-09-09T11:45:21+00:00	dgx-spark-02	True	1	cmtsqj5lz5qd42auh8vvrfn03
2026-09-09T11:45:23+00:00	dgx-spark-04	True	1	cmtpeql4y1etk2auhbk9668ry
2026-09-09T11:45:23+00:00	dgx-spark-03	True	1	cmtpsaud71whj2auh0k27ynki
2026-09-09T11:45:23+00:00	dgx-spark-02	True	1	cmtsqj5lz5qd42auh8vvrfn03
2026-09-09T11:45:25+00:00	dgx-spark-04	True	1	cmtpeql4y1etk2auhbk9668ry
2026-09-09T11:45:25+00:00	dgx-spark-03	True	1	cmtpsaud71whj2auh0k27ynki
2026-09-09T11:45:25+00:00	dgx-spark-02	True	1	cmtsqj5lz5qd42auh8vvrfn03
2026-09-09T11:45:27+00:00	dgx-spark-04	True	1	cmtpeql4y1etk2auhbk9668ry
2026-09-09T11:45:27+00:00	dgx-spark-03	True	1	cmtpsaud71whj2auh0k27ynki
2026-09-09T11:45:27+00:00	dgx-spark-02	True	1	cmtsqj5lz5qd42auh8vvrfn03
2026-09-09T11:45:29+00:00	dgx-spark-04	True	1	cmtpeql4y1etk2auhbk9668ry
2026-09-09T11:45:29+00:00	dgx-spark-03	True	1	cmtpsaud71whj2auh0k27ynki
2026-09-09T11:45:29+00:00	dgx-spark-02	True	1	cmtsqj5lz5qd42auh8vvrfn03
2026-09-09T11:45:31+00:00	dgx-spark-04	True	1	cmtpeql4y1etk2auhbk9668ry
2026-09-09T11:45:31+00:00	dgx-spark-03	True	1	cmtpsaud71whj2auh0k27ynki
2026-09-09T11:45:31+00:00	dgx-spark-02	True	1	cmtsqj5lz5qd42auh8vvrfn03
2026-09-09T11:45:33+00:00	dgx-spark-04	True	1	cmtpeql4y1etk2auhbk9668ry
2026-09-09T11:45:33+00:00	dgx-spark-03	True	1	cmtpsaud71whj2auh0k27ynki
2026-09-09T11:45:33+00:00	dgx-spark-02	True	1	cmtsqj5lz5qd42auh8vvrfn03
2026-09-09T11:45:35+00:00	dgx-spark-04	True	1	cmtpeql4y1etk2auhbk9668ry
2026-09-09T11:45:35+00:00	dgx-spark-03	True	1	cmtpsaud71whj2auh0k27ynki
2026-09-09T11:45:35+00:00	dgx-spark-02	True	1	cmtsqj5lz5qd42auh8vvrfn03
2026-09-09T11:45:37+00:00	dgx-spark-04	True	1	cmtpeql4y1etk2auhbk9668ry
2026-09-09T11:45:37+00:00	dgx-spark-03	True	1	cmtpsaud71whj2auh0k27ynki
2026-09-09T11:45:37+00:00	dgx-spark-02	True	1	cmtsqj5lz5qd42auh8vvrfn03
2026-09-09T11:45:39+00:00	dgx-spark-04	True	1	cmtpeql4y1etk2auhbk9668ry
2026-09-09T11:45:39+00:00	dgx-spark-03	True	1	cmtpsaud71whj2auh0k27ynki
2026-09-09T11:45:39+00:00	dgx-spark-02	True	1	cmtsqj5lz5qd42auh8vvrfn03
2026-09-09T11:45:41+00:00	dgx-spark-04	True	1	cmtpeql4y1etk2auhbk9668ry
2026-09-09T11:45:41+00:00	dgx-spark-03	True	1	cmtpsaud71whj2auh0k27ynki
2026-09-09T11:45:41+00:00	dgx-spark-02	True	1	cmtsqj5lz5qd42auh8vvrfn03
2026-09-09T11:45:43+00:00	dgx-spark-04	True	1	cmtpeql4y1etk2auhbk9668ry
2026-09-09T11:45:43+00:00	dgx-spark-03	True	1	cmtpsaud71whj2auh0k27ynki
2026-09-09T11:45:43+00:00	dgx-spark-02	True	1	cmtsqj5lz5qd42auh8vvrfn03
2026-09-09T11:45:45+00:00	dgx-spark-04	True	1	cmtpeql4y1etk2auhbk9668ry
2026-09-09T11:45:45+00:00	dgx-spark-03	True	1	cmtpsaud71whj2auh0k27ynki
2026-09-09T11:45:45+00:00	dgx-spark-02	True	1	cmtsqj5lz5qd42auh8vvrfn03
2026-09-09T11:45:47+00:00	dgx-spark-04	True	1	cmtpeql4y1etk2auhbk9668ry
2026-09-09T11:45:47+00:00	dgx-spark-03	True	1	cmtpsaud71whj2auh0k27ynki
2026-09-09T11:45:47+00:00	dgx-spark-02	True	1	cmtsqj5lz5qd42auh8vvrfn03
2026-09-09T11:45:49+00:00	dgx-spark-04	True	1	cmtpeql4y1etk2auhbk9668ry
2026-09-09T11:45:49+00:00	dgx-spark-03	True	1	cmtpsaud71whj2auh0k27ynki
2026-09-09T11:45:49+00:00	dgx-spark-02	True	1	cmtsqj5lz5qd42auh8vvrfn03
2026-09-09T11:45:51+00:00	dgx-spark-04	True	1	cmtpeql4y1etk2auhbk9668ry
2026-09-09T11:45:51+00:00	dgx-spark-03	True	1	cmtpsaud71whj2auh0k27ynki
2026-09-09T11:45:51+00:00	dgx-spark-02	True	1	cmtsqj5lz5qd42auh8vvrfn03
2026-09-09T11:45:53+00:00	dgx-spark-04	True	1	cmtpeql4y1etk2auhbk9668ry
2026-09-09T11:45:53+00:00	dgx-spark-03	True	1	cmtpsaud71whj2auh0k27ynki
2026-09-09T11:45:53+00:00	dgx-spark-02	True	1	cmtsqj5lz5qd42auh8vvrfn03
2026-09-09T11:45:55+00:00	dgx-spark-04	True	1	cmtpeql4y1etk2auhbk9668ry
2026-09-09T11:45:55+00:00	dgx-spark-03	True	1	cmtpsaud71whj2auh0k27ynki
2026-09-09T11:45:55+00:00	dgx-spark-02	True	1	cmtsqj5lz5qd42auh8vvrfn03
2026-09-09T11:45:57+00:00	dgx-spark-04	True	1	cmtpeql4y1etk2auhbk9668ry
2026-09-09T11:45:57+00:00	dgx-spark-03	True	1	cmtpsaud71whj2auh0k27ynki
2026-09-09T11:45:57+00:00	dgx-spark-02	True	1	cmtsqj5lz5qd42auh8vvrfn03
2026-09-09T11:45:59+00:00	dgx-spark-04	True	1	cmtpeql4y1etk2auhbk9668ry
2026-09-09T11:45:59+00:00	dgx-spark-03	True	1	cmtpsaud71whj2auh0k27ynki
2026-09-09T11:45:59+00:00	dgx-spark-02	True	1	cmtsqj5lz5qd42auh8vvrfn03
2026-09-09T11:46:01+00:00	dgx-spark-04	True	1	cmtpeql4y1etk2auhbk9668ry
2026-09-09T11:46:01+00:00	dgx-spark-03	True	1	cmtpsaud71whj2auh0k27ynki
2026-09-09T11:46:01+00:00	dgx-spark-02	True	1	cmtsqj5lz5qd42auh8vvrfn03
2026-09-09T11:46:03+00:00	dgx-spark-04	True	1	cmtpeql4y1etk2auhbk9668ry
2026-09-09T11:46:03+00:00	dgx-spark-03	True	1	cmtpsaud71whj2auh0k27ynki
2026-09-09T11:46:03+00:00	dgx-spark-02	True	1	cmtsqj5lz5qd42auh8vvrfn03
2026-09-09T11:46:05+00:00	dgx-spark-04	True	1	cmtpeql4y1etk2auhbk9668ry
2026-09-09T11:46:05+00:00	dgx-spark-03	True	1	cmtpsaud71whj2auh0k27ynki
2026-09-09T11:46:05+00:00	dgx-spark-02	True	1	cmtsqj5lz5qd42auh8vvrfn03
2026-09-09T11:46:07+00:00	dgx-spark-04	True	1	cmtpeql4y1etk2auhbk9668ry
2026-09-09T11:46:07+00:00	dgx-spark-03	True	1	cmtpsaud71whj2auh0k27ynki
2026-09-09T11:46:07+00:00	dgx-spark-02	True	1	cmtsqj5lz5qd42auh8vvrfn03
2026-09-09T11:46:09+00:00	dgx-spark-04	True	1	cmtpeql4y1etk2auhbk9668ry
2026-09-09T11:46:09+00:00	dgx-spark-03	True	1	cmtpsaud71whj2auh0k27ynki
2026-09-09T11:46:09+00:00	dgx-spark-02	True	1	cmtsqj5lz5qd42auh8vvrfn03
2026-09-09T11:46:11+00:00	dgx-spark-04	True	1	cmtpeql4y1etk2auhbk9668ry
2026-09-09T11:46:11+00:00	dgx-spark-03	True	1	cmtpsaud71whj2auh0k27ynki
2026-09-09T11:46:11+00:00	dgx-spark-02	True	1	cmtsqj5lz5qd42auh8vvrfn03
2026-09-09T11:46:13+00:00	dgx-spark-04	True	1	cmtpeql4y1etk2auhbk9668ry
2026-09-09T11:46:13+00:00	dgx-spark-03	True	1	cmtpsaud71whj2auh0k27ynki
2026-09-09T11:46:13+00:00	dgx-spark-02	True	1	cmtsqj5lz5qd42auh8vvrfn03
2026-09-09T11:46:15+00:00	dgx-spark-04	True	1	cmtpeql4y1etk2auhbk9668ry
2026-09-09T11:46:15+00:00	dgx-spark-03	True	1	cmtpsaud71whj2auh0k27ynki
2026-09-09T11:46:15+00:00	dgx-spark-02	True	1	cmtsqj5lz5qd42auh8vvrfn03
2026-09-09T11:46:17+00:00	dgx-spark-04	True	1	cmtpeql4y1etk2auhbk9668ry
2026-09-09T11:46:17+00:00	dgx-spark-03	True	1	cmtpsaud71whj2auh0k27ynki
2026-09-09T11:46:17+00:00	dgx-spark-02	True	1	cmtsqj5lz5qd42auh8vvrfn03
2026-09-09T11:46:19+00:00	dgx-spark-04	True	1	cmtpeql4y1etk2auhbk9668ry
2026-09-09T11:46:19+00:00	dgx-spark-03	True	1	cmtpsaud71whj2auh0k27ynki
2026-09-09T11:46:19+00:00	dgx-spark-02	True	1	cmtsqj5lz5qd42auh8vvrfn03
2026-09-09T11:46:21+00:00	dgx-spark-04	True	1	cmtpeql4y1etk2auhbk9668ry
2026-09-09T11:46:21+00:00	dgx-spark-03	True	1	cmtpsaud71whj2auh0k27ynki
2026-09-09T11:46:21+00:00	dgx-spark-02	True	1	cmtsqj5lz5qd42auh8vvrfn03
2026-09-09T11:46:23+00:00	dgx-spark-04	True	1	cmtpeql4y1etk2auhbk9668ry
2026-09-09T11:46:23+00:00	dgx-spark-03	True	1	cmtpsaud71whj2auh0k27ynki
2026-09-09T11:46:23+00:00	dgx-spark-02	True	1	cmtsqj5lz5qd42auh8vvrfn03
2026-09-09T11:46:25+00:00	dgx-spark-04	True	1	cmtpeql4y1etk2auhbk9668ry
2026-09-09T11:46:25+00:00	dgx-spark-03	True	1	cmtpsaud71whj2auh0k27ynki
2026-09-09T11:46:25+00:00	dgx-spark-02	True	1	cmtsqj5lz5qd42auh8vvrfn03
2026-09-09T11:46:27+00:00	dgx-spark-04	True	1	cmtpeql4y1etk2auhbk9668ry
2026-09-09T11:46:27+00:00	dgx-spark-03	True	1	cmtpsaud71whj2auh0k27ynki
2026-09-09T11:46:27+00:00	dgx-spark-02	True	1	cmtsqj5lz5qd42auh8vvrfn03
2026-09-09T11:46:29+00:00	dgx-spark-04	True	1	cmtpeql4y1etk2auhbk9668ry
2026-09-09T11:46:29+00:00	dgx-spark-03	True	1	cmtpsaud71whj2auh0k27ynki
2026-09-09T11:46:29+00:00	dgx-spark-02	True	1	cmtsqj5lz5qd42auh8vvrfn03
2026-09-09T11:46:31+00:00	dgx-spark-04	True	1	cmtpeql4y1etk2auhbk9668ry
2026-09-09T11:46:31+00:00	dgx-spark-03	True	1	cmtpsaud71whj2auh0k27ynki
2026-09-09T11:46:31+00:00	dgx-spark-02	True	1	cmtsqj5lz5qd42auh8vvrfn03
2026-09-09T11:46:33+00:00	dgx-spark-04	True	1	cmtpeql4y1etk2auhbk9668ry
2026-09-09T11:46:33+00:00	dgx-spark-03	True	1	cmtpsaud71whj2auh0k27ynki
2026-09-09T11:46:33+00:00	dgx-spark-02	True	1	cmtsqj5lz5qd42auh8vvrfn03
2026-09-09T11:46:35+00:00	dgx-spark-04	True	1	cmtpeql4y1etk2auhbk9668ry
2026-09-09T11:46:35+00:00	dgx-spark-03	True	1	cmtpsaud71whj2auh0k27ynki
2026-09-09T11:46:35+00:00	dgx-spark-02	True	1	cmtsqj5lz5qd42auh8vvrfn03
2026-09-09T11:46:37+00:00	dgx-spark-04	True	1	cmtpeql4y1etk2auhbk9668ry
2026-09-09T11:46:37+00:00	dgx-spark-03	True	1	cmtpsaud71whj2auh0k27ynki
2026-09-09T11:46:37+00:00	dgx-spark-02	True	1	cmtsqj5lz5qd42auh8vvrfn03
2026-09-09T11:46:39+00:00	dgx-spark-04	True	1	cmtpeql4y1etk2auhbk9668ry
2026-09-09T11:46:39+00:00	dgx-spark-03	True	1	cmtpsaud71whj2auh0k27ynki
2026-09-09T11:46:39+00:00	dgx-spark-02	True	1	cmtsqj5lz5qd42auh8vvrfn03
2026-09-09T11:46:41+00:00	dgx-spark-04	True	1	cmtpeql4y1etk2auhbk9668ry
2026-09-09T11:46:41+00:00	dgx-spark-03	True	1	cmtpsaud71whj2auh0k27ynki
2026-09-09T11:46:41+00:00	dgx-spark-02	True	1	cmtsqj5lz5qd42auh8vvrfn03
2026-09-09T11:46:44+00:00	dgx-spark-04	True	1	cmtpeql4y1etk2auhbk9668ry
2026-09-09T11:46:44+00:00	dgx-spark-03	True	1	cmtpsaud71whj2auh0k27ynki
2026-09-09T11:46:44+00:00	dgx-spark-02	True	1	cmtsqj5lz5qd42auh8vvrfn03
2026-09-09T11:46:46+00:00	dgx-spark-04	True	1	cmtpeql4y1etk2auhbk9668ry
2026-09-09T11:46:46+00:00	dgx-spark-03	True	1	cmtpsaud71whj2auh0k27ynki
2026-09-09T11:46:46+00:00	dgx-spark-02	True	1	cmtsqj5lz5qd42auh8vvrfn03
2026-09-09T11:46:48+00:00	dgx-spark-04	True	1	cmtpeql4y1etk2auhbk9668ry
2026-09-09T11:46:48+00:00	dgx-spark-03	True	1	cmtpsaud71whj2auh0k27ynki
2026-09-09T11:46:48+00:00	dgx-spark-02	True	1	cmtsqj5lz5qd42auh8vvrfn03
2026-09-09T11:46:50+00:00	dgx-spark-04	True	1	cmtpeql4y1etk2auhbk9668ry
2026-09-09T11:46:50+00:00	dgx-spark-03	True	1	cmtpsaud71whj2auh0k27ynki
2026-09-09T11:46:50+00:00	dgx-spark-02	True	1	cmtsqj5lz5qd42auh8vvrfn03
2026-09-09T11:46:52+00:00	dgx-spark-04	True	1	cmtpeql4y1etk2auhbk9668ry
2026-09-09T11:46:52+00:00	dgx-spark-03	True	1	cmtpsaud71whj2auh0k27ynki
2026-09-09T11:46:52+00:00	dgx-spark-02	True	1	cmtsqj5lz5qd42auh8vvrfn03
2026-09-09T11:46:54+00:00	dgx-spark-04	True	1	cmtpeql4y1etk2auhbk9668ry
2026-09-09T11:46:54+00:00	dgx-spark-03	True	1	cmtpsaud71whj2auh0k27ynki
2026-09-09T11:46:54+00:00	dgx-spark-02	True	1	cmtsqj5lz5qd42auh8vvrfn03
2026-09-09T11:46:56+00:00	dgx-spark-04	True	1	cmtpeql4y1etk2auhbk9668ry
2026-09-09T11:46:56+00:00	dgx-spark-03	True	1	cmtpsaud71whj2auh0k27ynki
2026-09-09T11:46:56+00:00	dgx-spark-02	True	1	cmtsqj5lz5qd42auh8vvrfn03
2026-09-09T11:46:58+00:00	dgx-spark-04	True	1	cmtpeql4y1etk2auhbk9668ry
2026-09-09T11:46:58+00:00	dgx-spark-03	True	1	cmtpsaud71whj2auh0k27ynki
2026-09-09T11:46:58+00:00	dgx-spark-02	True	1	cmtsqj5lz5qd42auh8vvrfn03
2026-09-09T11:47:00+00:00	dgx-spark-04	True	1	cmtpeql4y1etk2auhbk9668ry
2026-09-09T11:47:00+00:00	dgx-spark-03	True	1	cmtpsaud71whj2auh0k27ynki
2026-09-09T11:47:00+00:00	dgx-spark-02	True	1	cmtsqj5lz5qd42auh8vvrfn03
2026-09-09T11:47:02+00:00	dgx-spark-04	True	1	cmtpeql4y1etk2auhbk9668ry
2026-09-09T11:47:02+00:00	dgx-spark-03	True	0	cmtpsaud71whj2auh0k27ynki
2026-09-09T11:47:02+00:00	dgx-spark-02	True	1	cmtsqj5lz5qd42auh8vvrfn03
2026-09-09T11:47:04+00:00	dgx-spark-04	True	1	cmtpeql4y1etk2auhbk9668ry
2026-09-09T11:47:04+00:00	dgx-spark-03	True	1	cmtpsaud71whj2auh0k27ynki
2026-09-09T11:47:04+00:00	dgx-spark-02	True	1	cmtsqj5lz5qd42auh8vvrfn03
2026-09-09T11:47:06+00:00	dgx-spark-04	True	1	cmtpeql4y1etk2auhbk9668ry
2026-09-09T11:47:06+00:00	dgx-spark-03	True	1	cmtpsaud71whj2auh0k27ynki
2026-09-09T11:47:06+00:00	dgx-spark-02	True	1	cmtsqj5lz5qd42auh8vvrfn03
2026-09-09T11:47:08+00:00	dgx-spark-04	True	1	cmtpeql4y1etk2auhbk9668ry
2026-09-09T11:47:08+00:00	dgx-spark-03	True	1	cmtpsaud71whj2auh0k27ynki
2026-09-09T11:47:08+00:00	dgx-spark-02	True	1	cmtsqj5lz5qd42auh8vvrfn03
2026-09-09T11:47:10+00:00	dgx-spark-04	True	1	cmtpeql4y1etk2auhbk9668ry
2026-09-09T11:47:10+00:00	dgx-spark-03	True	1	cmtpsaud71whj2auh0k27ynki
2026-09-09T11:47:10+00:00	dgx-spark-02	True	1	cmtsqj5lz5qd42auh8vvrfn03
2026-09-09T11:47:12+00:00	dgx-spark-04	True	1	cmtpeql4y1etk2auhbk9668ry
2026-09-09T11:47:12+00:00	dgx-spark-03	True	1	cmtpsaud71whj2auh0k27ynki
2026-09-09T11:47:12+00:00	dgx-spark-02	True	1	cmtsqj5lz5qd42auh8vvrfn03
2026-09-09T11:47:14+00:00	dgx-spark-04	True	1	cmtpeql4y1etk2auhbk9668ry
2026-09-09T11:47:14+00:00	dgx-spark-03	True	1	cmtpsaud71whj2auh0k27ynki
2026-09-09T11:47:14+00:00	dgx-spark-02	True	1	cmtsqj5lz5qd42auh8vvrfn03
2026-09-09T11:47:16+00:00	dgx-spark-04	True	1	cmtpeql4y1etk2auhbk9668ry
2026-09-09T11:47:16+00:00	dgx-spark-03	True	1	cmtpsaud71whj2auh0k27ynki
2026-09-09T11:47:16+00:00	dgx-spark-02	True	1	cmtsqj5lz5qd42auh8vvrfn03
2026-09-09T11:47:18+00:00	dgx-spark-04	True	1	cmtpeql4y1etk2auhbk9668ry
2026-09-09T11:47:18+00:00	dgx-spark-03	True	1	cmtpsaud71whj2auh0k27ynki
2026-09-09T11:47:18+00:00	dgx-spark-02	True	1	cmtsqj5lz5qd42auh8vvrfn03
2026-09-09T11:47:20+00:00	dgx-spark-04	True	1	cmtpeql4y1etk2auhbk9668ry
2026-09-09T11:47:20+00:00	dgx-spark-03	True	1	cmtpsaud71whj2auh0k27ynki
2026-09-09T11:47:20+00:00	dgx-spark-02	True	1	cmtsqj5lz5qd42auh8vvrfn03
2026-09-09T11:47:22+00:00	dgx-spark-04	True	1	cmtpeql4y1etk2auhbk9668ry
2026-09-09T11:47:22+00:00	dgx-spark-03	True	1	cmtpsaud71whj2auh0k27ynki
2026-09-09T11:47:22+00:00	dgx-spark-02	True	1	cmtsqj5lz5qd42auh8vvrfn03
2026-09-09T11:47:24+00:00	dgx-spark-04	True	1	cmtpeql4y1etk2auhbk9668ry
2026-09-09T11:47:24+00:00	dgx-spark-03	True	1	cmtpsaud71whj2auh0k27ynki
2026-09-09T11:47:24+00:00	dgx-spark-02	True	1	cmtsqj5lz5qd42auh8vvrfn03
2026-09-09T11:47:26+00:00	dgx-spark-04	True	1	cmtpeql4y1etk2auhbk9668ry
2026-09-09T11:47:26+00:00	dgx-spark-03	True	1	cmtpsaud71whj2auh0k27ynki
2026-09-09T11:47:26+00:00	dgx-spark-02	True	1	cmtsqj5lz5qd42auh8vvrfn03
2026-09-09T11:47:28+00:00	dgx-spark-04	True	1	cmtpeql4y1etk2auhbk9668ry
2026-09-09T11:47:28+00:00	dgx-spark-03	True	1	cmtpsaud71whj2auh0k27ynki
2026-09-09T11:47:28+00:00	dgx-spark-02	True	1	cmtsqj5lz5qd42auh8vvrfn03
2026-09-09T11:47:30+00:00	dgx-spark-04	True	1	cmtpeql4y1etk2auhbk9668ry
2026-09-09T11:47:30+00:00	dgx-spark-03	True	1	cmtpsaud71whj2auh0k27ynki
2026-09-09T11:47:30+00:00	dgx-spark-02	True	1	cmtsqj5lz5qd42auh8vvrfn03
2026-09-09T11:47:32+00:00	dgx-spark-04	True	1	cmtpeql4y1etk2auhbk9668ry
2026-09-09T11:47:32+00:00	dgx-spark-03	True	1	cmtpsaud71whj2auh0k27ynki
2026-09-09T11:47:32+00:00	dgx-spark-02	True	1	cmtsqj5lz5qd42auh8vvrfn03
2026-09-09T11:47:34+00:00	dgx-spark-04	True	1	cmtpeql4y1etk2auhbk9668ry
2026-09-09T11:47:34+00:00	dgx-spark-03	True	1	cmtpsaud71whj2auh0k27ynki
2026-09-09T11:47:34+00:00	dgx-spark-02	True	1	cmtsqj5lz5qd42auh8vvrfn03
2026-09-09T11:47:36+00:00	dgx-spark-04	True	1	cmtpeql4y1etk2auhbk9668ry
2026-09-09T11:47:36+00:00	dgx-spark-03	True	1	cmtpsaud71whj2auh0k27ynki
2026-09-09T11:47:36+00:00	dgx-spark-02	True	1	cmtsqj5lz5qd42auh8vvrfn03
2026-09-09T11:47:38+00:00	dgx-spark-04	True	1	cmtpeql4y1etk2auhbk9668ry
2026-09-09T11:47:38+00:00	dgx-spark-03	True	1	cmtpsaud71whj2auh0k27ynki
2026-09-09T11:47:38+00:00	dgx-spark-02	True	1	cmtsqj5lz5qd42auh8vvrfn03
2026-09-09T11:47:40+00:00	dgx-spark-04	True	1	cmtpeql4y1etk2auhbk9668ry
2026-09-09T11:47:40+00:00	dgx-spark-03	True	1	cmtpsaud71whj2auh0k27ynki
2026-09-09T11:47:40+00:00	dgx-spark-02	True	1	cmtsqj5lz5qd42auh8vvrfn03
2026-09-09T11:47:42+00:00	dgx-spark-04	True	1	cmtpeql4y1etk2auhbk9668ry
2026-09-09T11:47:42+00:00	dgx-spark-03	True	1	cmtpsaud71whj2auh0k27ynki
2026-09-09T11:47:42+00:00	dgx-spark-02	True	1	cmtsqj5lz5qd42auh8vvrfn03
2026-09-09T11:47:44+00:00	dgx-spark-04	True	1	cmtpeql4y1etk2auhbk9668ry
2026-09-09T11:47:44+00:00	dgx-spark-03	True	1	cmtpsaud71whj2auh0k27ynki
2026-09-09T11:47:44+00:00	dgx-spark-02	True	1	cmtsqj5lz5qd42auh8vvrfn03
2026-09-09T11:47:46+00:00	dgx-spark-04	True	1	cmtpeql4y1etk2auhbk9668ry
2026-09-09T11:47:46+00:00	dgx-spark-03	True	1	cmtpsaud71whj2auh0k27ynki
2026-09-09T11:47:46+00:00	dgx-spark-02	True	1	cmtsqj5lz5qd42auh8vvrfn03
2026-09-09T11:47:48+00:00	dgx-spark-04	True	1	cmtpeql4y1etk2auhbk9668ry
2026-09-09T11:47:48+00:00	dgx-spark-03	True	1	cmtpsaud71whj2auh0k27ynki
2026-09-09T11:47:48+00:00	dgx-spark-02	True	1	cmtsqj5lz5qd42auh8vvrfn03
2026-09-09T11:47:50+00:00	dgx-spark-04	True	1	cmtpeql4y1etk2auhbk9668ry
2026-09-09T11:47:50+00:00	dgx-spark-03	True	1	cmtpsaud71whj2auh0k27ynki
2026-09-09T11:47:50+00:00	dgx-spark-02	True	1	cmtsqj5lz5qd42auh8vvrfn03
2026-09-09T11:47:52+00:00	dgx-spark-04	True	1	cmtpeql4y1etk2auhbk9668ry
2026-09-09T11:47:52+00:00	dgx-spark-03	True	1	cmtpsaud71whj2auh0k27ynki
2026-09-09T11:47:52+00:00	dgx-spark-02	True	1	cmtsqj5lz5qd42auh8vvrfn03
2026-09-09T11:47:54+00:00	dgx-spark-04	True	1	cmtpeql4y1etk2auhbk9668ry
2026-09-09T11:47:54+00:00	dgx-spark-03	True	1	cmtpsaud71whj2auh0k27ynki
2026-09-09T11:47:54+00:00	dgx-spark-02	True	1	cmtsqj5lz5qd42auh8vvrfn03
2026-09-09T11:47:56+00:00	dgx-spark-04	True	1	cmtpeql4y1etk2auhbk9668ry
2026-09-09T11:47:56+00:00	dgx-spark-03	True	1	cmtpsaud71whj2auh0k27ynki
2026-09-09T11:47:56+00:00	dgx-spark-02	True	1	cmtsqj5lz5qd42auh8vvrfn03
2026-09-09T11:47:58+00:00	dgx-spark-04	True	1	cmtpeql4y1etk2auhbk9668ry
2026-09-09T11:47:58+00:00	dgx-spark-03	True	1	cmtpsaud71whj2auh0k27ynki
2026-09-09T11:47:58+00:00	dgx-spark-02	True	1	cmtsqj5lz5qd42auh8vvrfn03
2026-09-09T11:48:00+00:00	dgx-spark-04	True	1	cmtpeql4y1etk2auhbk9668ry
2026-09-09T11:48:00+00:00	dgx-spark-03	True	1	cmtpsaud71whj2auh0k27ynki
2026-09-09T11:48:00+00:00	dgx-spark-02	True	1	cmtsqj5lz5qd42auh8vvrfn03
2026-09-09T11:48:02+00:00	dgx-spark-04	True	1	cmtpeql4y1etk2auhbk9668ry
2026-09-09T11:48:02+00:00	dgx-spark-03	True	1	cmtpsaud71whj2auh0k27ynki
2026-09-09T11:48:02+00:00	dgx-spark-02	True	1	cmtsqj5lz5qd42auh8vvrfn03
2026-09-09T11:48:04+00:00	dgx-spark-04	True	1	cmtpeql4y1etk2auhbk9668ry
2026-09-09T11:48:04+00:00	dgx-spark-03	True	1	cmtpsaud71whj2auh0k27ynki
2026-09-09T11:48:04+00:00	dgx-spark-02	True	1	cmtsqj5lz5qd42auh8vvrfn03
2026-09-09T11:48:06+00:00	dgx-spark-04	True	1	cmtpeql4y1etk2auhbk9668ry
2026-09-09T11:48:06+00:00	dgx-spark-03	True	1	cmtpsaud71whj2auh0k27ynki
2026-09-09T11:48:06+00:00	dgx-spark-02	True	1	cmtsqj5lz5qd42auh8vvrfn03
2026-09-09T11:48:08+00:00	dgx-spark-04	True	1	cmtpeql4y1etk2auhbk9668ry
2026-09-09T11:48:08+00:00	dgx-spark-03	True	1	cmtpsaud71whj2auh0k27ynki
2026-09-09T11:48:08+00:00	dgx-spark-02	True	1	cmtsqj5lz5qd42auh8vvrfn03
2026-09-09T11:48:10+00:00	dgx-spark-04	True	1	cmtpeql4y1etk2auhbk9668ry
2026-09-09T11:48:10+00:00	dgx-spark-03	True	1	cmtpsaud71whj2auh0k27ynki
2026-09-09T11:48:10+00:00	dgx-spark-02	True	1	cmtsqj5lz5qd42auh8vvrfn03
2026-09-09T11:48:12+00:00	dgx-spark-04	True	1	cmtpeql4y1etk2auhbk9668ry
2026-09-09T11:48:12+00:00	dgx-spark-03	True	1	cmtpsaud71whj2auh0k27ynki
2026-09-09T11:48:12+00:00	dgx-spark-02	True	1	cmtsqj5lz5qd42auh8vvrfn03
2026-09-09T11:48:14+00:00	dgx-spark-04	True	1	cmtpeql4y1etk2auhbk9668ry
2026-09-09T11:48:14+00:00	dgx-spark-03	True	1	cmtpsaud71whj2auh0k27ynki
2026-09-09T11:48:14+00:00	dgx-spark-02	True	1	cmtsqj5lz5qd42auh8vvrfn03
2026-09-09T11:48:16+00:00	dgx-spark-04	True	1	cmtpeql4y1etk2auhbk9668ry
2026-09-09T11:48:16+00:00	dgx-spark-03	True	1	cmtpsaud71whj2auh0k27ynki
2026-09-09T11:48:16+00:00	dgx-spark-02	True	1	cmtsqj5lz5qd42auh8vvrfn03
2026-09-09T11:48:18+00:00	dgx-spark-04	True	1	cmtpeql4y1etk2auhbk9668ry
2026-09-09T11:48:18+00:00	dgx-spark-03	True	1	cmtpsaud71whj2auh0k27ynki
2026-09-09T11:48:18+00:00	dgx-spark-02	True	1	cmtsqj5lz5qd42auh8vvrfn03
2026-09-09T11:48:20+00:00	dgx-spark-04	True	1	cmtpeql4y1etk2auhbk9668ry
2026-09-09T11:48:20+00:00	dgx-spark-03	True	1	cmtpsaud71whj2auh0k27ynki
2026-09-09T11:48:20+00:00	dgx-spark-02	True	1	cmtsqj5lz5qd42auh8vvrfn03
2026-09-09T11:48:22+00:00	dgx-spark-04	True	1	cmtpeql4y1etk2auhbk9668ry
2026-09-09T11:48:22+00:00	dgx-spark-03	True	1	cmtpsaud71whj2auh0k27ynki
2026-09-09T11:48:22+00:00	dgx-spark-02	True	1	cmtsqj5lz5qd42auh8vvrfn03
2026-09-09T11:48:24+00:00	dgx-spark-04	True	1	cmtpeql4y1etk2auhbk9668ry
2026-09-09T11:48:24+00:00	dgx-spark-03	True	1	cmtpsaud71whj2auh0k27ynki
2026-09-09T11:48:24+00:00	dgx-spark-02	True	1	cmtsqj5lz5qd42auh8vvrfn03
2026-09-09T11:48:26+00:00	dgx-spark-04	True	1	cmtpeql4y1etk2auhbk9668ry
2026-09-09T11:48:26+00:00	dgx-spark-03	True	1	cmtpsaud71whj2auh0k27ynki
2026-09-09T11:48:26+00:00	dgx-spark-02	True	1	cmtsqj5lz5qd42auh8vvrfn03
2026-09-09T11:48:29+00:00	dgx-spark-04	True	1	cmtpeql4y1etk2auhbk9668ry
2026-09-09T11:48:29+00:00	dgx-spark-03	True	1	cmtpsaud71whj2auh0k27ynki
2026-09-09T11:48:29+00:00	dgx-spark-02	True	1	cmtsqj5lz5qd42auh8vvrfn03
2026-09-09T11:48:31+00:00	dgx-spark-04	True	1	cmtpeql4y1etk2auhbk9668ry
2026-09-09T11:48:31+00:00	dgx-spark-03	True	1	cmtpsaud71whj2auh0k27ynki
2026-09-09T11:48:31+00:00	dgx-spark-02	True	1	cmtsqj5lz5qd42auh8vvrfn03
2026-09-09T11:48:33+00:00	dgx-spark-04	True	1	cmtpeql4y1etk2auhbk9668ry
2026-09-09T11:48:33+00:00	dgx-spark-03	True	1	cmtpsaud71whj2auh0k27ynki
2026-09-09T11:48:33+00:00	dgx-spark-02	True	1	cmtsqj5lz5qd42auh8vvrfn03
2026-09-09T11:48:35+00:00	dgx-spark-04	True	1	cmtpeql4y1etk2auhbk9668ry
2026-09-09T11:48:35+00:00	dgx-spark-03	True	1	cmtpsaud71whj2auh0k27ynki
2026-09-09T11:48:35+00:00	dgx-spark-02	True	1	cmtsqj5lz5qd42auh8vvrfn03
2026-09-09T11:48:37+00:00	dgx-spark-04	True	1	cmtpeql4y1etk2auhbk9668ry
2026-09-09T11:48:37+00:00	dgx-spark-03	True	1	cmtpsaud71whj2auh0k27ynki
2026-09-09T11:48:37+00:00	dgx-spark-02	True	1	cmtsqj5lz5qd42auh8vvrfn03
2026-09-09T11:48:39+00:00	dgx-spark-04	True	1	cmtpeql4y1etk2auhbk9668ry
2026-09-09T11:48:39+00:00	dgx-spark-03	True	1	cmtpsaud71whj2auh0k27ynki
2026-09-09T11:48:39+00:00	dgx-spark-02	True	1	cmtsqj5lz5qd42auh8vvrfn03
2026-09-09T11:48:41+00:00	dgx-spark-04	True	1	cmtpeql4y1etk2auhbk9668ry
2026-09-09T11:48:41+00:00	dgx-spark-03	True	1	cmtpsaud71whj2auh0k27ynki
2026-09-09T11:48:41+00:00	dgx-spark-02	True	1	cmtsqj5lz5qd42auh8vvrfn03
2026-09-09T11:48:43+00:00	dgx-spark-04	True	1	cmtpeql4y1etk2auhbk9668ry
2026-09-09T11:48:43+00:00	dgx-spark-03	True	1	cmtpsaud71whj2auh0k27ynki
2026-09-09T11:48:43+00:00	dgx-spark-02	True	1	cmtsqj5lz5qd42auh8vvrfn03
2026-09-09T11:48:45+00:00	dgx-spark-04	True	1	cmtpeql4y1etk2auhbk9668ry
2026-09-09T11:48:45+00:00	dgx-spark-03	True	1	cmtpsaud71whj2auh0k27ynki
2026-09-09T11:48:45+00:00	dgx-spark-02	True	1	cmtsqj5lz5qd42auh8vvrfn03
2026-09-09T11:48:47+00:00	dgx-spark-04	True	1	cmtpeql4y1etk2auhbk9668ry
2026-09-09T11:48:47+00:00	dgx-spark-03	True	1	cmtpsaud71whj2auh0k27ynki
2026-09-09T11:48:47+00:00	dgx-spark-02	True	1	cmtsqj5lz5qd42auh8vvrfn03
2026-09-09T11:48:49+00:00	dgx-spark-04	True	1	cmtpeql4y1etk2auhbk9668ry
2026-09-09T11:48:49+00:00	dgx-spark-03	True	1	cmtpsaud71whj2auh0k27ynki
2026-09-09T11:48:49+00:00	dgx-spark-02	True	1	cmtsqj5lz5qd42auh8vvrfn03
2026-09-09T11:48:51+00:00	dgx-spark-04	True	1	cmtpeql4y1etk2auhbk9668ry
2026-09-09T11:48:51+00:00	dgx-spark-03	True	1	cmtpsaud71whj2auh0k27ynki
2026-09-09T11:48:51+00:00	dgx-spark-02	True	1	cmtsqj5lz5qd42auh8vvrfn03
2026-09-09T11:48:53+00:00	dgx-spark-04	True	1	cmtpeql4y1etk2auhbk9668ry
2026-09-09T11:48:53+00:00	dgx-spark-03	True	1	cmtpsaud71whj2auh0k27ynki
2026-09-09T11:48:53+00:00	dgx-spark-02	True	1	cmtsqj5lz5qd42auh8vvrfn03
2026-09-09T11:48:55+00:00	dgx-spark-04	True	1	cmtpeql4y1etk2auhbk9668ry
2026-09-09T11:48:55+00:00	dgx-spark-03	True	1	cmtpsaud71whj2auh0k27ynki
2026-09-09T11:48:55+00:00	dgx-spark-02	True	1	cmtsqj5lz5qd42auh8vvrfn03
2026-09-09T11:48:57+00:00	dgx-spark-04	True	1	cmtpeql4y1etk2auhbk9668ry
2026-09-09T11:48:57+00:00	dgx-spark-03	True	1	cmtpsaud71whj2auh0k27ynki
2026-09-09T11:48:57+00:00	dgx-spark-02	True	1	cmtsqj5lz5qd42auh8vvrfn03
2026-09-09T11:48:59+00:00	dgx-spark-04	True	1	cmtpeql4y1etk2auhbk9668ry
2026-09-09T11:48:59+00:00	dgx-spark-03	True	1	cmtpsaud71whj2auh0k27ynki
2026-09-09T11:48:59+00:00	dgx-spark-02	True	1	cmtsqj5lz5qd42auh8vvrfn03
2026-09-09T11:49:01+00:00	dgx-spark-04	True	0	cmtpeql4y1etk2auhbk9668ry
2026-09-09T11:49:01+00:00	dgx-spark-03	True	1	cmtpsaud71whj2auh0k27ynki
2026-09-09T11:49:01+00:00	dgx-spark-02	True	1	cmtsqj5lz5qd42auh8vvrfn03
2026-09-09T11:49:03+00:00	dgx-spark-04	True	1	cmtpeql4y1etk2auhbk9668ry
2026-09-09T11:49:03+00:00	dgx-spark-03	True	1	cmtpsaud71whj2auh0k27ynki
2026-09-09T11:49:03+00:00	dgx-spark-02	True	1	cmtsqj5lz5qd42auh8vvrfn03
2026-09-09T11:49:05+00:00	dgx-spark-04	True	1	cmtpeql4y1etk2auhbk9668ry
2026-09-09T11:49:05+00:00	dgx-spark-03	True	1	cmtpsaud71whj2auh0k27ynki
2026-09-09T11:49:05+00:00	dgx-spark-02	True	1	cmtsqj5lz5qd42auh8vvrfn03
2026-09-09T11:49:07+00:00	dgx-spark-04	True	1	cmtpeql4y1etk2auhbk9668ry
2026-09-09T11:49:07+00:00	dgx-spark-03	True	1	cmtpsaud71whj2auh0k27ynki
2026-09-09T11:49:07+00:00	dgx-spark-02	True	1	cmtsqj5lz5qd42auh8vvrfn03
2026-09-09T11:49:09+00:00	dgx-spark-04	True	1	cmtpeql4y1etk2auhbk9668ry
2026-09-09T11:49:09+00:00	dgx-spark-03	True	1	cmtpsaud71whj2auh0k27ynki
2026-09-09T11:49:09+00:00	dgx-spark-02	True	1	cmtsqj5lz5qd42auh8vvrfn03
2026-09-09T11:49:11+00:00	dgx-spark-04	True	1	cmtpeql4y1etk2auhbk9668ry
2026-09-09T11:49:11+00:00	dgx-spark-03	True	1	cmtpsaud71whj2auh0k27ynki
2026-09-09T11:49:11+00:00	dgx-spark-02	True	1	cmtsqj5lz5qd42auh8vvrfn03
2026-09-09T11:49:13+00:00	dgx-spark-04	True	1	cmtpeql4y1etk2auhbk9668ry
2026-09-09T11:49:13+00:00	dgx-spark-03	True	1	cmtpsaud71whj2auh0k27ynki
2026-09-09T11:49:13+00:00	dgx-spark-02	True	1	cmtsqj5lz5qd42auh8vvrfn03
2026-09-09T11:49:15+00:00	dgx-spark-04	True	1	cmtpeql4y1etk2auhbk9668ry
2026-09-09T11:49:15+00:00	dgx-spark-03	True	0	cmtpsaud71whj2auh0k27ynki
2026-09-09T11:49:15+00:00	dgx-spark-02	True	1	cmtsqj5lz5qd42auh8vvrfn03
2026-09-09T11:49:17+00:00	dgx-spark-04	True	1	cmtpeql4y1etk2auhbk9668ry
2026-09-09T11:49:17+00:00	dgx-spark-03	True	1	cmtpsaud71whj2auh0k27ynki
2026-09-09T11:49:17+00:00	dgx-spark-02	True	1	cmtsqj5lz5qd42auh8vvrfn03
2026-09-09T11:49:19+00:00	dgx-spark-04	True	1	cmtpeql4y1etk2auhbk9668ry
2026-09-09T11:49:19+00:00	dgx-spark-03	True	1	cmtpsaud71whj2auh0k27ynki
2026-09-09T11:49:19+00:00	dgx-spark-02	True	1	cmtsqj5lz5qd42auh8vvrfn03
2026-09-09T11:49:21+00:00	dgx-spark-04	True	1	cmtpeql4y1etk2auhbk9668ry
2026-09-09T11:49:21+00:00	dgx-spark-03	True	1	cmtpsaud71whj2auh0k27ynki
2026-09-09T11:49:21+00:00	dgx-spark-02	True	1	cmtsqj5lz5qd42auh8vvrfn03
2026-09-09T11:49:23+00:00	dgx-spark-04	True	1	cmtpeql4y1etk2auhbk9668ry
2026-09-09T11:49:23+00:00	dgx-spark-03	True	1	cmtpsaud71whj2auh0k27ynki
2026-09-09T11:49:23+00:00	dgx-spark-02	True	1	cmtsqj5lz5qd42auh8vvrfn03
2026-09-09T11:49:25+00:00	dgx-spark-04	True	1	cmtpeql4y1etk2auhbk9668ry
2026-09-09T11:49:25+00:00	dgx-spark-03	True	1	cmtpsaud71whj2auh0k27ynki
2026-09-09T11:49:25+00:00	dgx-spark-02	True	1	cmtsqj5lz5qd42auh8vvrfn03
2026-09-09T11:49:27+00:00	dgx-spark-04	True	1	cmtpeql4y1etk2auhbk9668ry
2026-09-09T11:49:27+00:00	dgx-spark-03	True	1	cmtpsaud71whj2auh0k27ynki
2026-09-09T11:49:27+00:00	dgx-spark-02	True	1	cmtsqj5lz5qd42auh8vvrfn03
2026-09-09T11:49:29+00:00	dgx-spark-04	True	1	cmtpeql4y1etk2auhbk9668ry
2026-09-09T11:49:29+00:00	dgx-spark-03	True	1	cmtpsaud71whj2auh0k27ynki
2026-09-09T11:49:29+00:00	dgx-spark-02	True	1	cmtsqj5lz5qd42auh8vvrfn03
2026-09-09T11:49:31+00:00	dgx-spark-04	True	1	cmtpeql4y1etk2auhbk9668ry
2026-09-09T11:49:31+00:00	dgx-spark-03	True	1	cmtpsaud71whj2auh0k27ynki
2026-09-09T11:49:31+00:00	dgx-spark-02	True	1	cmtsqj5lz5qd42auh8vvrfn03
2026-09-09T11:49:33+00:00	dgx-spark-04	True	1	cmtpeql4y1etk2auhbk9668ry
2026-09-09T11:49:33+00:00	dgx-spark-03	True	1	cmtpsaud71whj2auh0k27ynki
2026-09-09T11:49:33+00:00	dgx-spark-02	True	1	cmtsqj5lz5qd42auh8vvrfn03
2026-09-09T11:49:35+00:00	dgx-spark-04	True	1	cmtpeql4y1etk2auhbk9668ry
2026-09-09T11:49:35+00:00	dgx-spark-03	True	1	cmtpsaud71whj2auh0k27ynki
2026-09-09T11:49:35+00:00	dgx-spark-02	True	1	cmtsqj5lz5qd42auh8vvrfn03
2026-09-09T11:49:37+00:00	dgx-spark-04	True	1	cmtpeql4y1etk2auhbk9668ry
2026-09-09T11:49:37+00:00	dgx-spark-03	True	1	cmtpsaud71whj2auh0k27ynki
2026-09-09T11:49:37+00:00	dgx-spark-02	True	1	cmtsqj5lz5qd42auh8vvrfn03
2026-09-09T11:49:39+00:00	dgx-spark-04	True	1	cmtpeql4y1etk2auhbk9668ry
2026-09-09T11:49:39+00:00	dgx-spark-03	True	1	cmtpsaud71whj2auh0k27ynki
2026-09-09T11:49:39+00:00	dgx-spark-02	True	1	cmtsqj5lz5qd42auh8vvrfn03
2026-09-09T11:49:41+00:00	dgx-spark-04	True	1	cmtpeql4y1etk2auhbk9668ry
2026-09-09T11:49:41+00:00	dgx-spark-03	True	1	cmtpsaud71whj2auh0k27ynki
2026-09-09T11:49:41+00:00	dgx-spark-02	True	1	cmtsqj5lz5qd42auh8vvrfn03
2026-09-09T11:49:43+00:00	dgx-spark-04	True	1	cmtpeql4y1etk2auhbk9668ry
2026-09-09T11:49:43+00:00	dgx-spark-03	True	1	cmtpsaud71whj2auh0k27ynki
2026-09-09T11:49:43+00:00	dgx-spark-02	True	1	cmtsqj5lz5qd42auh8vvrfn03
2026-09-09T11:49:45+00:00	dgx-spark-04	True	1	cmtpeql4y1etk2auhbk9668ry
2026-09-09T11:49:45+00:00	dgx-spark-03	True	1	cmtpsaud71whj2auh0k27ynki
2026-09-09T11:49:45+00:00	dgx-spark-02	True	1	cmtsqj5lz5qd42auh8vvrfn03
2026-09-09T11:49:47+00:00	dgx-spark-04	True	1	cmtpeql4y1etk2auhbk9668ry
2026-09-09T11:49:47+00:00	dgx-spark-03	True	1	cmtpsaud71whj2auh0k27ynki
2026-09-09T11:49:47+00:00	dgx-spark-02	True	1	cmtsqj5lz5qd42auh8vvrfn03
2026-09-09T11:49:49+00:00	dgx-spark-04	True	1	cmtpeql4y1etk2auhbk9668ry
2026-09-09T11:49:49+00:00	dgx-spark-03	True	1	cmtpsaud71whj2auh0k27ynki
2026-09-09T11:49:49+00:00	dgx-spark-02	True	1	cmtsqj5lz5qd42auh8vvrfn03
2026-09-09T11:49:51+00:00	dgx-spark-04	True	1	cmtpeql4y1etk2auhbk9668ry
2026-09-09T11:49:51+00:00	dgx-spark-03	True	1	cmtpsaud71whj2auh0k27ynki
2026-09-09T11:49:51+00:00	dgx-spark-02	True	1	cmtsqj5lz5qd42auh8vvrfn03
2026-09-09T11:49:53+00:00	dgx-spark-04	True	1	cmtpeql4y1etk2auhbk9668ry
2026-09-09T11:49:53+00:00	dgx-spark-03	True	1	cmtpsaud71whj2auh0k27ynki
2026-09-09T11:49:53+00:00	dgx-spark-02	True	1	cmtsqj5lz5qd42auh8vvrfn03
2026-09-09T11:49:55+00:00	dgx-spark-04	True	1	cmtpeql4y1etk2auhbk9668ry
2026-09-09T11:49:55+00:00	dgx-spark-03	True	1	cmtpsaud71whj2auh0k27ynki
2026-09-09T11:49:55+00:00	dgx-spark-02	True	1	cmtsqj5lz5qd42auh8vvrfn03
2026-09-09T11:49:57+00:00	dgx-spark-04	True	1	cmtpeql4y1etk2auhbk9668ry
2026-09-09T11:49:57+00:00	dgx-spark-03	True	1	cmtpsaud71whj2auh0k27ynki
2026-09-09T11:49:57+00:00	dgx-spark-02	True	1	cmtsqj5lz5qd42auh8vvrfn03
2026-09-09T11:49:59+00:00	dgx-spark-04	True	1	cmtpeql4y1etk2auhbk9668ry
2026-09-09T11:49:59+00:00	dgx-spark-03	True	1	cmtpsaud71whj2auh0k27ynki
2026-09-09T11:49:59+00:00	dgx-spark-02	True	1	cmtsqj5lz5qd42auh8vvrfn03
2026-09-09T11:50:01+00:00	dgx-spark-04	True	1	cmtpeql4y1etk2auhbk9668ry
2026-09-09T11:50:01+00:00	dgx-spark-03	True	1	cmtpsaud71whj2auh0k27ynki
2026-09-09T11:50:01+00:00	dgx-spark-02	True	1	cmtsqj5lz5qd42auh8vvrfn03
2026-09-09T11:50:03+00:00	dgx-spark-04	True	1	cmtpeql4y1etk2auhbk9668ry
2026-09-09T11:50:03+00:00	dgx-spark-03	True	1	cmtpsaud71whj2auh0k27ynki
2026-09-09T11:50:03+00:00	dgx-spark-02	True	1	cmtsqj5lz5qd42auh8vvrfn03
2026-09-09T11:50:05+00:00	dgx-spark-04	True	1	cmtpeql4y1etk2auhbk9668ry
2026-09-09T11:50:05+00:00	dgx-spark-03	True	1	cmtpsaud71whj2auh0k27ynki
2026-09-09T11:50:05+00:00	dgx-spark-02	True	1	cmtsqj5lz5qd42auh8vvrfn03
2026-09-09T11:50:07+00:00	dgx-spark-04	True	1	cmtpeql4y1etk2auhbk9668ry
2026-09-09T11:50:07+00:00	dgx-spark-03	True	1	cmtpsaud71whj2auh0k27ynki
2026-09-09T11:50:07+00:00	dgx-spark-02	True	1	cmtsqj5lz5qd42auh8vvrfn03
2026-09-09T11:50:10+00:00	dgx-spark-04	True	1	cmtpeql4y1etk2auhbk9668ry
2026-09-09T11:50:10+00:00	dgx-spark-03	True	1	cmtpsaud71whj2auh0k27ynki
2026-09-09T11:50:10+00:00	dgx-spark-02	True	1	cmtsqj5lz5qd42auh8vvrfn03
2026-09-09T11:50:12+00:00	dgx-spark-04	True	1	cmtpeql4y1etk2auhbk9668ry
2026-09-09T11:50:12+00:00	dgx-spark-03	True	1	cmtpsaud71whj2auh0k27ynki
2026-09-09T11:50:12+00:00	dgx-spark-02	True	1	cmtsqj5lz5qd42auh8vvrfn03
2026-09-09T11:50:14+00:00	dgx-spark-04	True	1	cmtpeql4y1etk2auhbk9668ry
2026-09-09T11:50:14+00:00	dgx-spark-03	True	1	cmtpsaud71whj2auh0k27ynki
2026-09-09T11:50:14+00:00	dgx-spark-02	True	1	cmtsqj5lz5qd42auh8vvrfn03
2026-09-09T11:50:16+00:00	dgx-spark-04	True	1	cmtpeql4y1etk2auhbk9668ry
2026-09-09T11:50:16+00:00	dgx-spark-03	True	1	cmtpsaud71whj2auh0k27ynki
2026-09-09T11:50:16+00:00	dgx-spark-02	True	1	cmtsqj5lz5qd42auh8vvrfn03
2026-09-09T11:50:18+00:00	dgx-spark-04	True	1	cmtpeql4y1etk2auhbk9668ry
2026-09-09T11:50:18+00:00	dgx-spark-03	True	1	cmtpsaud71whj2auh0k27ynki
2026-09-09T11:50:18+00:00	dgx-spark-02	True	1	cmtsqj5lz5qd42auh8vvrfn03
2026-09-09T11:50:20+00:00	dgx-spark-04	True	1	cmtpeql4y1etk2auhbk9668ry
2026-09-09T11:50:20+00:00	dgx-spark-03	True	1	cmtpsaud71whj2auh0k27ynki
2026-09-09T11:50:20+00:00	dgx-spark-02	True	1	cmtsqj5lz5qd42auh8vvrfn03
2026-09-09T11:50:22+00:00	dgx-spark-04	True	1	cmtpeql4y1etk2auhbk9668ry
2026-09-09T11:50:22+00:00	dgx-spark-03	True	1	cmtpsaud71whj2auh0k27ynki
2026-09-09T11:50:22+00:00	dgx-spark-02	True	1	cmtsqj5lz5qd42auh8vvrfn03
2026-09-09T11:50:24+00:00	dgx-spark-04	True	1	cmtpeql4y1etk2auhbk9668ry
2026-09-09T11:50:24+00:00	dgx-spark-03	True	1	cmtpsaud71whj2auh0k27ynki
2026-09-09T11:50:24+00:00	dgx-spark-02	True	1	cmtsqj5lz5qd42auh8vvrfn03
2026-09-09T11:50:26+00:00	dgx-spark-04	True	1	cmtpeql4y1etk2auhbk9668ry
2026-09-09T11:50:26+00:00	dgx-spark-03	True	1	cmtpsaud71whj2auh0k27ynki
2026-09-09T11:50:26+00:00	dgx-spark-02	True	1	cmtsqj5lz5qd42auh8vvrfn03
2026-09-09T11:50:28+00:00	dgx-spark-04	True	1	cmtpeql4y1etk2auhbk9668ry
2026-09-09T11:50:28+00:00	dgx-spark-03	True	1	cmtpsaud71whj2auh0k27ynki
2026-09-09T11:50:28+00:00	dgx-spark-02	True	1	cmtsqj5lz5qd42auh8vvrfn03
2026-09-09T11:50:30+00:00	dgx-spark-04	True	1	cmtpeql4y1etk2auhbk9668ry
2026-09-09T11:50:30+00:00	dgx-spark-03	True	1	cmtpsaud71whj2auh0k27ynki
2026-09-09T11:50:30+00:00	dgx-spark-02	True	1	cmtsqj5lz5qd42auh8vvrfn03
2026-09-09T11:50:32+00:00	dgx-spark-04	True	1	cmtpeql4y1etk2auhbk9668ry
2026-09-09T11:50:32+00:00	dgx-spark-03	True	1	cmtpsaud71whj2auh0k27ynki
2026-09-09T11:50:32+00:00	dgx-spark-02	True	1	cmtsqj5lz5qd42auh8vvrfn03
2026-09-09T11:50:34+00:00	dgx-spark-04	True	1	cmtpeql4y1etk2auhbk9668ry
2026-09-09T11:50:34+00:00	dgx-spark-03	True	1	cmtpsaud71whj2auh0k27ynki
2026-09-09T11:50:34+00:00	dgx-spark-02	True	1	cmtsqj5lz5qd42auh8vvrfn03
2026-09-09T11:50:36+00:00	dgx-spark-04	True	1	cmtpeql4y1etk2auhbk9668ry
2026-09-09T11:50:36+00:00	dgx-spark-03	True	1	cmtpsaud71whj2auh0k27ynki
2026-09-09T11:50:36+00:00	dgx-spark-02	True	1	cmtsqj5lz5qd42auh8vvrfn03
2026-09-09T11:50:38+00:00	dgx-spark-04	True	1	cmtpeql4y1etk2auhbk9668ry
2026-09-09T11:50:38+00:00	dgx-spark-03	True	1	cmtpsaud71whj2auh0k27ynki
2026-09-09T11:50:38+00:00	dgx-spark-02	True	1	cmtsqj5lz5qd42auh8vvrfn03
2026-09-09T11:50:40+00:00	dgx-spark-04	True	1	cmtpeql4y1etk2auhbk9668ry
2026-09-09T11:50:40+00:00	dgx-spark-03	True	1	cmtpsaud71whj2auh0k27ynki
2026-09-09T11:50:40+00:00	dgx-spark-02	True	1	cmtsqj5lz5qd42auh8vvrfn03
2026-09-09T11:50:42+00:00	dgx-spark-04	True	1	cmtpeql4y1etk2auhbk9668ry
2026-09-09T11:50:42+00:00	dgx-spark-03	True	1	cmtpsaud71whj2auh0k27ynki
2026-09-09T11:50:42+00:00	dgx-spark-02	True	1	cmtsqj5lz5qd42auh8vvrfn03
2026-09-09T11:50:44+00:00	dgx-spark-04	True	1	cmtpeql4y1etk2auhbk9668ry
2026-09-09T11:50:44+00:00	dgx-spark-03	True	1	cmtpsaud71whj2auh0k27ynki
2026-09-09T11:50:44+00:00	dgx-spark-02	True	1	cmtsqj5lz5qd42auh8vvrfn03
2026-09-09T11:50:46+00:00	dgx-spark-04	True	1	cmtpeql4y1etk2auhbk9668ry
2026-09-09T11:50:46+00:00	dgx-spark-03	True	1	cmtpsaud71whj2auh0k27ynki
2026-09-09T11:50:46+00:00	dgx-spark-02	True	1	cmtsqj5lz5qd42auh8vvrfn03
2026-09-09T11:50:48+00:00	dgx-spark-04	True	1	cmtpeql4y1etk2auhbk9668ry
2026-09-09T11:50:48+00:00	dgx-spark-03	True	1	cmtpsaud71whj2auh0k27ynki
2026-09-09T11:50:48+00:00	dgx-spark-02	True	1	cmtsqj5lz5qd42auh8vvrfn03
2026-09-09T11:50:50+00:00	dgx-spark-04	True	1	cmtpeql4y1etk2auhbk9668ry
2026-09-09T11:50:50+00:00	dgx-spark-03	True	1	cmtpsaud71whj2auh0k27ynki
2026-09-09T11:50:50+00:00	dgx-spark-02	True	1	cmtsqj5lz5qd42auh8vvrfn03
2026-09-09T11:50:52+00:00	dgx-spark-04	True	1	cmtpeql4y1etk2auhbk9668ry
2026-09-09T11:50:52+00:00	dgx-spark-03	True	1	cmtpsaud71whj2auh0k27ynki
2026-09-09T11:50:52+00:00	dgx-spark-02	True	1	cmtsqj5lz5qd42auh8vvrfn03
2026-09-09T11:50:54+00:00	dgx-spark-04	True	1	cmtpeql4y1etk2auhbk9668ry
2026-09-09T11:50:54+00:00	dgx-spark-03	True	1	cmtpsaud71whj2auh0k27ynki
2026-09-09T11:50:54+00:00	dgx-spark-02	True	1	cmtsqj5lz5qd42auh8vvrfn03
2026-09-09T11:50:56+00:00	dgx-spark-04	True	1	cmtpeql4y1etk2auhbk9668ry
2026-09-09T11:50:56+00:00	dgx-spark-03	True	1	cmtpsaud71whj2auh0k27ynki
2026-09-09T11:50:56+00:00	dgx-spark-02	True	1	cmtsqj5lz5qd42auh8vvrfn03
2026-09-09T11:50:58+00:00	dgx-spark-04	True	1	cmtpeql4y1etk2auhbk9668ry
2026-09-09T11:50:58+00:00	dgx-spark-03	True	1	cmtpsaud71whj2auh0k27ynki
2026-09-09T11:50:58+00:00	dgx-spark-02	True	1	cmtsqj5lz5qd42auh8vvrfn03
2026-09-09T11:51:00+00:00	dgx-spark-04	True	1	cmtpeql4y1etk2auhbk9668ry
2026-09-09T11:51:00+00:00	dgx-spark-03	True	1	cmtpsaud71whj2auh0k27ynki
2026-09-09T11:51:00+00:00	dgx-spark-02	True	1	cmtsqj5lz5qd42auh8vvrfn03
2026-09-09T11:51:02+00:00	dgx-spark-04	True	1	cmtpeql4y1etk2auhbk9668ry
2026-09-09T11:51:02+00:00	dgx-spark-03	True	1	cmtpsaud71whj2auh0k27ynki
2026-09-09T11:51:02+00:00	dgx-spark-02	True	1	cmtsqj5lz5qd42auh8vvrfn03
2026-09-09T11:51:04+00:00	dgx-spark-04	True	1	cmtpeql4y1etk2auhbk9668ry
2026-09-09T11:51:04+00:00	dgx-spark-03	True	0	cmtpsaud71whj2auh0k27ynki
2026-09-09T11:51:04+00:00	dgx-spark-02	True	1	cmtsqj5lz5qd42auh8vvrfn03
2026-09-09T11:51:06+00:00	dgx-spark-04	True	1	cmtpeql4y1etk2auhbk9668ry
2026-09-09T11:51:06+00:00	dgx-spark-03	True	1	cmtpsaud71whj2auh0k27ynki
2026-09-09T11:51:06+00:00	dgx-spark-02	True	1	cmtsqj5lz5qd42auh8vvrfn03
2026-09-09T11:51:08+00:00	dgx-spark-04	True	1	cmtpeql4y1etk2auhbk9668ry
2026-09-09T11:51:08+00:00	dgx-spark-03	True	1	cmtpsaud71whj2auh0k27ynki
2026-09-09T11:51:08+00:00	dgx-spark-02	True	1	cmtsqj5lz5qd42auh8vvrfn03
2026-09-09T11:51:10+00:00	dgx-spark-04	True	1	cmtpeql4y1etk2auhbk9668ry
2026-09-09T11:51:10+00:00	dgx-spark-03	True	1	cmtpsaud71whj2auh0k27ynki
2026-09-09T11:51:10+00:00	dgx-spark-02	True	1	cmtsqj5lz5qd42auh8vvrfn03
2026-09-09T11:51:12+00:00	dgx-spark-04	True	1	cmtpeql4y1etk2auhbk9668ry
2026-09-09T11:51:12+00:00	dgx-spark-03	True	1	cmtpsaud71whj2auh0k27ynki
2026-09-09T11:51:12+00:00	dgx-spark-02	True	1	cmtsqj5lz5qd42auh8vvrfn03
2026-09-09T11:51:14+00:00	dgx-spark-04	True	1	cmtpeql4y1etk2auhbk9668ry
2026-09-09T11:51:14+00:00	dgx-spark-03	True	1	cmtpsaud71whj2auh0k27ynki
2026-09-09T11:51:14+00:00	dgx-spark-02	True	1	cmtsqj5lz5qd42auh8vvrfn03
2026-09-09T11:51:16+00:00	dgx-spark-04	True	1	cmtpeql4y1etk2auhbk9668ry
2026-09-09T11:51:16+00:00	dgx-spark-03	True	1	cmtpsaud71whj2auh0k27ynki
2026-09-09T11:51:16+00:00	dgx-spark-02	True	1	cmtsqj5lz5qd42auh8vvrfn03
2026-09-09T11:51:18+00:00	dgx-spark-04	True	1	cmtpeql4y1etk2auhbk9668ry
2026-09-09T11:51:18+00:00	dgx-spark-03	True	1	cmtpsaud71whj2auh0k27ynki
2026-09-09T11:51:18+00:00	dgx-spark-02	True	1	cmtsqj5lz5qd42auh8vvrfn03
2026-09-09T11:51:20+00:00	dgx-spark-04	True	1	cmtpeql4y1etk2auhbk9668ry
2026-09-09T11:51:20+00:00	dgx-spark-03	True	1	cmtpsaud71whj2auh0k27ynki
2026-09-09T11:51:20+00:00	dgx-spark-02	True	1	cmtsqj5lz5qd42auh8vvrfn03
2026-09-09T11:51:22+00:00	dgx-spark-04	True	1	cmtpeql4y1etk2auhbk9668ry
2026-09-09T11:51:22+00:00	dgx-spark-03	True	1	cmtpsaud71whj2auh0k27ynki
2026-09-09T11:51:22+00:00	dgx-spark-02	True	0	cmtsqj5lz5qd42auh8vvrfn03
2026-09-09T11:51:24+00:00	dgx-spark-04	True	1	cmtpeql4y1etk2auhbk9668ry
2026-09-09T11:51:24+00:00	dgx-spark-03	True	1	cmtpsaud71whj2auh0k27ynki
2026-09-09T11:51:24+00:00	dgx-spark-02	True	1	cmtsqj5lz5qd42auh8vvrfn03
2026-09-09T11:51:26+00:00	dgx-spark-04	True	1	cmtpeql4y1etk2auhbk9668ry
2026-09-09T11:51:26+00:00	dgx-spark-03	True	1	cmtpsaud71whj2auh0k27ynki
2026-09-09T11:51:26+00:00	dgx-spark-02	True	1	cmtsqj5lz5qd42auh8vvrfn03
2026-09-09T11:51:28+00:00	dgx-spark-04	True	1	cmtpeql4y1etk2auhbk9668ry
2026-09-09T11:51:28+00:00	dgx-spark-03	True	1	cmtpsaud71whj2auh0k27ynki
2026-09-09T11:51:28+00:00	dgx-spark-02	True	1	cmtsqj5lz5qd42auh8vvrfn03
2026-09-09T11:51:30+00:00	dgx-spark-04	True	1	cmtpeql4y1etk2auhbk9668ry
2026-09-09T11:51:30+00:00	dgx-spark-03	True	1	cmtpsaud71whj2auh0k27ynki
2026-09-09T11:51:30+00:00	dgx-spark-02	True	1	cmtsqj5lz5qd42auh8vvrfn03
2026-09-09T11:51:32+00:00	dgx-spark-04	True	1	cmtpeql4y1etk2auhbk9668ry
2026-09-09T11:51:32+00:00	dgx-spark-03	True	1	cmtpsaud71whj2auh0k27ynki
2026-09-09T11:51:32+00:00	dgx-spark-02	True	1	cmtsqj5lz5qd42auh8vvrfn03
2026-09-09T11:51:34+00:00	dgx-spark-04	True	1	cmtpeql4y1etk2auhbk9668ry
2026-09-09T11:51:34+00:00	dgx-spark-03	True	1	cmtpsaud71whj2auh0k27ynki
2026-09-09T11:51:34+00:00	dgx-spark-02	True	0	cmtsqj5lz5qd42auh8vvrfn03
2026-09-09T11:51:36+00:00	dgx-spark-04	True	1	cmtpeql4y1etk2auhbk9668ry
2026-09-09T11:51:36+00:00	dgx-spark-03	True	1	cmtpsaud71whj2auh0k27ynki
2026-09-09T11:51:36+00:00	dgx-spark-02	True	1	cmtsqj5lz5qd42auh8vvrfn03
2026-09-09T11:51:38+00:00	dgx-spark-04	True	1	cmtpeql4y1etk2auhbk9668ry
2026-09-09T11:51:38+00:00	dgx-spark-03	True	1	cmtpsaud71whj2auh0k27ynki
2026-09-09T11:51:38+00:00	dgx-spark-02	True	1	cmtsqj5lz5qd42auh8vvrfn03
2026-09-09T11:51:40+00:00	dgx-spark-04	True	1	cmtpeql4y1etk2auhbk9668ry
2026-09-09T11:51:40+00:00	dgx-spark-03	True	1	cmtpsaud71whj2auh0k27ynki
2026-09-09T11:51:40+00:00	dgx-spark-02	True	1	cmtsqj5lz5qd42auh8vvrfn03
2026-09-09T11:51:42+00:00	dgx-spark-04	True	1	cmtpeql4y1etk2auhbk9668ry
2026-09-09T11:51:42+00:00	dgx-spark-03	True	0	cmtpsaud71whj2auh0k27ynki
2026-09-09T11:51:42+00:00	dgx-spark-02	True	1	cmtsqj5lz5qd42auh8vvrfn03
2026-09-09T11:51:44+00:00	dgx-spark-04	True	1	cmtpeql4y1etk2auhbk9668ry
2026-09-09T11:51:44+00:00	dgx-spark-03	True	1	cmtpsaud71whj2auh0k27ynki
2026-09-09T11:51:44+00:00	dgx-spark-02	True	1	cmtsqj5lz5qd42auh8vvrfn03
2026-09-09T11:51:47+00:00	dgx-spark-04	True	0	cmtpeql4y1etk2auhbk9668ry
2026-09-09T11:51:47+00:00	dgx-spark-03	True	1	cmtpsaud71whj2auh0k27ynki
2026-09-09T11:51:47+00:00	dgx-spark-02	True	1	cmtsqj5lz5qd42auh8vvrfn03
2026-09-09T11:51:49+00:00	dgx-spark-04	True	1	cmtpeql4y1etk2auhbk9668ry
2026-09-09T11:51:49+00:00	dgx-spark-03	True	1	cmtpsaud71whj2auh0k27ynki
2026-09-09T11:51:49+00:00	dgx-spark-02	True	1	cmtsqj5lz5qd42auh8vvrfn03
2026-09-09T11:51:51+00:00	dgx-spark-04	True	1	cmtpeql4y1etk2auhbk9668ry
2026-09-09T11:51:51+00:00	dgx-spark-03	True	1	cmtpsaud71whj2auh0k27ynki
2026-09-09T11:51:51+00:00	dgx-spark-02	True	1	cmtsqj5lz5qd42auh8vvrfn03
2026-09-09T11:51:53+00:00	dgx-spark-04	True	1	cmtpeql4y1etk2auhbk9668ry
2026-09-09T11:51:53+00:00	dgx-spark-03	True	1	cmtpsaud71whj2auh0k27ynki
2026-09-09T11:51:53+00:00	dgx-spark-02	True	1	cmtsqj5lz5qd42auh8vvrfn03
2026-09-09T11:51:55+00:00	dgx-spark-04	True	1	cmtpeql4y1etk2auhbk9668ry
2026-09-09T11:51:55+00:00	dgx-spark-03	True	1	cmtpsaud71whj2auh0k27ynki
2026-09-09T11:51:55+00:00	dgx-spark-02	True	1	cmtsqj5lz5qd42auh8vvrfn03
2026-09-09T11:51:57+00:00	dgx-spark-04	True	1	cmtpeql4y1etk2auhbk9668ry
2026-09-09T11:51:57+00:00	dgx-spark-03	True	1	cmtpsaud71whj2auh0k27ynki
2026-09-09T11:51:57+00:00	dgx-spark-02	True	1	cmtsqj5lz5qd42auh8vvrfn03
2026-09-09T11:51:59+00:00	dgx-spark-04	True	1	cmtpeql4y1etk2auhbk9668ry
2026-09-09T11:51:59+00:00	dgx-spark-03	True	1	cmtpsaud71whj2auh0k27ynki
2026-09-09T11:51:59+00:00	dgx-spark-02	True	1	cmtsqj5lz5qd42auh8vvrfn03
2026-09-09T11:52:01+00:00	dgx-spark-04	True	1	cmtpeql4y1etk2auhbk9668ry
2026-09-09T11:52:01+00:00	dgx-spark-03	True	1	cmtpsaud71whj2auh0k27ynki
2026-09-09T11:52:01+00:00	dgx-spark-02	True	1	cmtsqj5lz5qd42auh8vvrfn03
2026-09-09T11:52:03+00:00	dgx-spark-04	True	1	cmtpeql4y1etk2auhbk9668ry
2026-09-09T11:52:03+00:00	dgx-spark-03	True	1	cmtpsaud71whj2auh0k27ynki
2026-09-09T11:52:03+00:00	dgx-spark-02	True	1	cmtsqj5lz5qd42auh8vvrfn03
2026-09-09T11:52:05+00:00	dgx-spark-04	True	1	cmtpeql4y1etk2auhbk9668ry
2026-09-09T11:52:05+00:00	dgx-spark-03	True	1	cmtpsaud71whj2auh0k27ynki
2026-09-09T11:52:05+00:00	dgx-spark-02	True	1	cmtsqj5lz5qd42auh8vvrfn03
2026-09-09T11:52:07+00:00	dgx-spark-04	True	1	cmtpeql4y1etk2auhbk9668ry
2026-09-09T11:52:07+00:00	dgx-spark-03	True	1	cmtpsaud71whj2auh0k27ynki
2026-09-09T11:52:07+00:00	dgx-spark-02	True	1	cmtsqj5lz5qd42auh8vvrfn03
2026-09-09T11:52:09+00:00	dgx-spark-04	True	1	cmtpeql4y1etk2auhbk9668ry
2026-09-09T11:52:09+00:00	dgx-spark-03	True	1	cmtpsaud71whj2auh0k27ynki
2026-09-09T11:52:09+00:00	dgx-spark-02	True	1	cmtsqj5lz5qd42auh8vvrfn03
2026-09-09T11:52:11+00:00	dgx-spark-04	True	1	cmtpeql4y1etk2auhbk9668ry
2026-09-09T11:52:11+00:00	dgx-spark-03	True	1	cmtpsaud71whj2auh0k27ynki
2026-09-09T11:52:11+00:00	dgx-spark-02	True	1	cmtsqj5lz5qd42auh8vvrfn03
2026-09-09T11:52:13+00:00	dgx-spark-04	True	1	cmtpeql4y1etk2auhbk9668ry
2026-09-09T11:52:13+00:00	dgx-spark-03	True	1	cmtpsaud71whj2auh0k27ynki
2026-09-09T11:52:13+00:00	dgx-spark-02	True	0	cmtsqj5lz5qd42auh8vvrfn03
2026-09-09T11:52:15+00:00	dgx-spark-04	True	0	cmtpeql4y1etk2auhbk9668ry
2026-09-09T11:52:15+00:00	dgx-spark-03	True	0	cmtpsaud71whj2auh0k27ynki
2026-09-09T11:52:15+00:00	dgx-spark-02	True	0	cmtsqj5lz5qd42auh8vvrfn03
2026-09-09T11:52:17+00:00	dgx-spark-04	True	0	cmtpeql4y1etk2auhbk9668ry
2026-09-09T11:52:17+00:00	dgx-spark-03	True	0	cmtpsaud71whj2auh0k27ynki
2026-09-09T11:52:17+00:00	dgx-spark-02	True	0	cmtsqj5lz5qd42auh8vvrfn03
2026-09-09T11:52:19+00:00	dgx-spark-04	True	0	cmtpeql4y1etk2auhbk9668ry
2026-09-09T11:52:19+00:00	dgx-spark-03	True	0	cmtpsaud71whj2auh0k27ynki
2026-09-09T11:52:19+00:00	dgx-spark-02	True	0	cmtsqj5lz5qd42auh8vvrfn03
2026-09-09T11:52:21+00:00	dgx-spark-04	True	0	cmtpeql4y1etk2auhbk9668ry
2026-09-09T11:52:21+00:00	dgx-spark-03	True	0	cmtpsaud71whj2auh0k27ynki
2026-09-09T11:52:21+00:00	dgx-spark-02	True	0	cmtsqj5lz5qd42auh8vvrfn03
2026-09-09T11:52:23+00:00	dgx-spark-04	True	0	cmtpeql4y1etk2auhbk9668ry
2026-09-09T11:52:23+00:00	dgx-spark-03	True	0	cmtpsaud71whj2auh0k27ynki
2026-09-09T11:52:23+00:00	dgx-spark-02	True	0	cmtsqj5lz5qd42auh8vvrfn03
2026-09-09T11:52:25+00:00	dgx-spark-04	True	0	cmtpeql4y1etk2auhbk9668ry
2026-09-09T11:52:25+00:00	dgx-spark-03	True	0	cmtpsaud71whj2auh0k27ynki
2026-09-09T11:52:25+00:00	dgx-spark-02	True	0	cmtsqj5lz5qd42auh8vvrfn03
2026-09-09T11:52:27+00:00	dgx-spark-04	True	0	cmtpeql4y1etk2auhbk9668ry
2026-09-09T11:52:27+00:00	dgx-spark-03	True	0	cmtpsaud71whj2auh0k27ynki
2026-09-09T11:52:27+00:00	dgx-spark-02	True	0	cmtsqj5lz5qd42auh8vvrfn03
2026-09-09T11:52:29+00:00	dgx-spark-04	True	0	cmtpeql4y1etk2auhbk9668ry
2026-09-09T11:52:29+00:00	dgx-spark-03	True	0	cmtpsaud71whj2auh0k27ynki
2026-09-09T11:52:29+00:00	dgx-spark-02	True	0	cmtsqj5lz5qd42auh8vvrfn03
2026-09-09T11:52:31+00:00	dgx-spark-04	True	0	cmtpeql4y1etk2auhbk9668ry
2026-09-09T11:52:31+00:00	dgx-spark-03	True	0	cmtpsaud71whj2auh0k27ynki
2026-09-09T11:52:31+00:00	dgx-spark-02	True	0	cmtsqj5lz5qd42auh8vvrfn03
2026-09-09T11:52:33+00:00	dgx-spark-04	True	0	cmtpeql4y1etk2auhbk9668ry
2026-09-09T11:52:33+00:00	dgx-spark-03	True	0	cmtpsaud71whj2auh0k27ynki
2026-09-09T11:52:33+00:00	dgx-spark-02	True	0	cmtsqj5lz5qd42auh8vvrfn03
2026-09-09T11:52:35+00:00	dgx-spark-04	True	0	cmtpeql4y1etk2auhbk9668ry
2026-09-09T11:52:35+00:00	dgx-spark-03	True	0	cmtpsaud71whj2auh0k27ynki
2026-09-09T11:52:35+00:00	dgx-spark-02	True	0	cmtsqj5lz5qd42auh8vvrfn03
2026-09-09T11:52:37+00:00	dgx-spark-04	True	0	cmtpeql4y1etk2auhbk9668ry
2026-09-09T11:52:37+00:00	dgx-spark-03	True	0	cmtpsaud71whj2auh0k27ynki
2026-09-09T11:52:37+00:00	dgx-spark-02	True	0	cmtsqj5lz5qd42auh8vvrfn03
2026-09-09T11:52:39+00:00	dgx-spark-04	True	0	cmtpeql4y1etk2auhbk9668ry
2026-09-09T11:52:39+00:00	dgx-spark-03	True	0	cmtpsaud71whj2auh0k27ynki
2026-09-09T11:52:39+00:00	dgx-spark-02	True	0	cmtsqj5lz5qd42auh8vvrfn03
2026-09-09T11:52:41+00:00	dgx-spark-04	True	0	cmtpeql4y1etk2auhbk9668ry
2026-09-09T11:52:41+00:00	dgx-spark-03	True	0	cmtpsaud71whj2auh0k27ynki
2026-09-09T11:52:41+00:00	dgx-spark-02	True	0	cmtsqj5lz5qd42auh8vvrfn03
2026-09-09T11:52:43+00:00	dgx-spark-04	True	0	cmtpeql4y1etk2auhbk9668ry
2026-09-09T11:52:43+00:00	dgx-spark-03	True	0	cmtpsaud71whj2auh0k27ynki
2026-09-09T11:52:43+00:00	dgx-spark-02	True	0	cmtsqj5lz5qd42auh8vvrfn03
2026-09-09T11:52:45+00:00	dgx-spark-04	True	0	cmtpeql4y1etk2auhbk9668ry
2026-09-09T11:52:45+00:00	dgx-spark-03	True	0	cmtpsaud71whj2auh0k27ynki
2026-09-09T11:52:45+00:00	dgx-spark-02	True	0	cmtsqj5lz5qd42auh8vvrfn03
2026-09-09T11:52:47+00:00	dgx-spark-04	True	0	cmtpeql4y1etk2auhbk9668ry
2026-09-09T11:52:47+00:00	dgx-spark-03	True	0	cmtpsaud71whj2auh0k27ynki
2026-09-09T11:52:47+00:00	dgx-spark-02	True	0	cmtsqj5lz5qd42auh8vvrfn03
2026-09-09T11:52:49+00:00	dgx-spark-04	True	0	cmtpeql4y1etk2auhbk9668ry
2026-09-09T11:52:49+00:00	dgx-spark-03	True	0	cmtpsaud71whj2auh0k27ynki
2026-09-09T11:52:49+00:00	dgx-spark-02	True	0	cmtsqj5lz5qd42auh8vvrfn03
2026-09-09T11:52:51+00:00	dgx-spark-04	True	0	cmtpeql4y1etk2auhbk9668ry
2026-09-09T11:52:51+00:00	dgx-spark-03	True	0	cmtpsaud71whj2auh0k27ynki
2026-09-09T11:52:51+00:00	dgx-spark-02	True	0	cmtsqj5lz5qd42auh8vvrfn03
2026-09-09T11:52:53+00:00	dgx-spark-04	True	0	cmtpeql4y1etk2auhbk9668ry
2026-09-09T11:52:53+00:00	dgx-spark-03	True	0	cmtpsaud71whj2auh0k27ynki
2026-09-09T11:52:53+00:00	dgx-spark-02	True	0	cmtsqj5lz5qd42auh8vvrfn03
2026-09-09T11:52:55+00:00	dgx-spark-04	True	0	cmtpeql4y1etk2auhbk9668ry
2026-09-09T11:52:55+00:00	dgx-spark-03	True	0	cmtpsaud71whj2auh0k27ynki
2026-09-09T11:52:55+00:00	dgx-spark-02	True	0	cmtsqj5lz5qd42auh8vvrfn03
2026-09-09T11:52:57+00:00	dgx-spark-04	True	0	cmtpeql4y1etk2auhbk9668ry
2026-09-09T11:52:57+00:00	dgx-spark-03	True	0	cmtpsaud71whj2auh0k27ynki
2026-09-09T11:52:57+00:00	dgx-spark-02	True	0	cmtsqj5lz5qd42auh8vvrfn03
2026-09-09T11:52:59+00:00	dgx-spark-04	True	0	cmtpeql4y1etk2auhbk9668ry
2026-09-09T11:52:59+00:00	dgx-spark-03	True	0	cmtpsaud71whj2auh0k27ynki
2026-09-09T11:52:59+00:00	dgx-spark-02	True	0	cmtsqj5lz5qd42auh8vvrfn03
2026-09-09T11:53:01+00:00	dgx-spark-04	True	0	cmtpeql4y1etk2auhbk9668ry
2026-09-09T11:53:01+00:00	dgx-spark-03	True	0	cmtpsaud71whj2auh0k27ynki
2026-09-09T11:53:01+00:00	dgx-spark-02	True	0	cmtsqj5lz5qd42auh8vvrfn03
2026-09-09T11:53:03+00:00	dgx-spark-04	True	0	cmtpeql4y1etk2auhbk9668ry
2026-09-09T11:53:03+00:00	dgx-spark-03	True	0	cmtpsaud71whj2auh0k27ynki
2026-09-09T11:53:03+00:00	dgx-spark-02	True	0	cmtsqj5lz5qd42auh8vvrfn03
2026-09-09T11:53:05+00:00	dgx-spark-04	True	0	cmtpeql4y1etk2auhbk9668ry
2026-09-09T11:53:05+00:00	dgx-spark-03	True	0	cmtpsaud71whj2auh0k27ynki
2026-09-09T11:53:05+00:00	dgx-spark-02	True	0	cmtsqj5lz5qd42auh8vvrfn03
2026-09-09T11:53:07+00:00	dgx-spark-04	True	0	cmtpeql4y1etk2auhbk9668ry
2026-09-09T11:53:07+00:00	dgx-spark-03	True	0	cmtpsaud71whj2auh0k27ynki
2026-09-09T11:53:07+00:00	dgx-spark-02	True	0	cmtsqj5lz5qd42auh8vvrfn03
2026-09-09T11:53:09+00:00	dgx-spark-04	True	0	cmtpeql4y1etk2auhbk9668ry
2026-09-09T11:53:09+00:00	dgx-spark-03	True	0	cmtpsaud71whj2auh0k27ynki
2026-09-09T11:53:09+00:00	dgx-spark-02	True	0	cmtsqj5lz5qd42auh8vvrfn03
2026-09-09T11:53:11+00:00	dgx-spark-04	True	0	cmtpeql4y1etk2auhbk9668ry
2026-09-09T11:53:11+00:00	dgx-spark-03	True	0	cmtpsaud71whj2auh0k27ynki
2026-09-09T11:53:11+00:00	dgx-spark-02	True	0	cmtsqj5lz5qd42auh8vvrfn03
2026-09-09T11:53:13+00:00	dgx-spark-04	True	0	cmtpeql4y1etk2auhbk9668ry
2026-09-09T11:53:13+00:00	dgx-spark-03	True	0	cmtpsaud71whj2auh0k27ynki
2026-09-09T11:53:13+00:00	dgx-spark-02	True	0	cmtsqj5lz5qd42auh8vvrfn03
2026-09-09T11:53:15+00:00	dgx-spark-04	True	0	cmtpeql4y1etk2auhbk9668ry
2026-09-09T11:53:15+00:00	dgx-spark-03	True	0	cmtpsaud71whj2auh0k27ynki
2026-09-09T11:53:15+00:00	dgx-spark-02	True	0	cmtsqj5lz5qd42auh8vvrfn03
2026-09-09T11:53:18+00:00	dgx-spark-04	True	1	cmtpeql4y1etk2auhbk9668ry
2026-09-09T11:53:18+00:00	dgx-spark-03	True	1	cmtpsaud71whj2auh0k27ynki
2026-09-09T11:53:18+00:00	dgx-spark-02	True	1	cmtsqj5lz5qd42auh8vvrfn03
2026-09-09T11:53:20+00:00	dgx-spark-04	True	1	cmtpeql4y1etk2auhbk9668ry
2026-09-09T11:53:20+00:00	dgx-spark-03	True	1	cmtpsaud71whj2auh0k27ynki
2026-09-09T11:53:20+00:00	dgx-spark-02	True	1	cmtsqj5lz5qd42auh8vvrfn03
2026-09-09T11:53:22+00:00	dgx-spark-04	True	1	cmtpeql4y1etk2auhbk9668ry
2026-09-09T11:53:22+00:00	dgx-spark-03	True	1	cmtpsaud71whj2auh0k27ynki
2026-09-09T11:53:22+00:00	dgx-spark-02	True	1	cmtsqj5lz5qd42auh8vvrfn03
2026-09-09T11:53:24+00:00	dgx-spark-04	True	1	cmtpeql4y1etk2auhbk9668ry
2026-09-09T11:53:24+00:00	dgx-spark-03	True	1	cmtpsaud71whj2auh0k27ynki
2026-09-09T11:53:24+00:00	dgx-spark-02	True	1	cmtsqj5lz5qd42auh8vvrfn03
2026-09-09T11:53:26+00:00	dgx-spark-04	True	1	cmtpeql4y1etk2auhbk9668ry
2026-09-09T11:53:26+00:00	dgx-spark-03	True	1	cmtpsaud71whj2auh0k27ynki
2026-09-09T11:53:26+00:00	dgx-spark-02	True	1	cmtsqj5lz5qd42auh8vvrfn03
2026-09-09T11:53:28+00:00	dgx-spark-04	True	1	cmtpeql4y1etk2auhbk9668ry
2026-09-09T11:53:28+00:00	dgx-spark-03	True	1	cmtpsaud71whj2auh0k27ynki
2026-09-09T11:53:28+00:00	dgx-spark-02	True	1	cmtsqj5lz5qd42auh8vvrfn03
2026-09-09T11:53:30+00:00	dgx-spark-04	True	1	cmtpeql4y1etk2auhbk9668ry
2026-09-09T11:53:30+00:00	dgx-spark-03	True	1	cmtpsaud71whj2auh0k27ynki
2026-09-09T11:53:30+00:00	dgx-spark-02	True	1	cmtsqj5lz5qd42auh8vvrfn03
2026-09-09T11:53:32+00:00	dgx-spark-04	True	1	cmtpeql4y1etk2auhbk9668ry
2026-09-09T11:53:32+00:00	dgx-spark-03	True	1	cmtpsaud71whj2auh0k27ynki
2026-09-09T11:53:32+00:00	dgx-spark-02	True	1	cmtsqj5lz5qd42auh8vvrfn03
2026-09-09T11:53:34+00:00	dgx-spark-04	True	1	cmtpeql4y1etk2auhbk9668ry
2026-09-09T11:53:34+00:00	dgx-spark-03	True	1	cmtpsaud71whj2auh0k27ynki
2026-09-09T11:53:34+00:00	dgx-spark-02	True	1	cmtsqj5lz5qd42auh8vvrfn03
2026-09-09T11:53:36+00:00	dgx-spark-04	True	1	cmtpeql4y1etk2auhbk9668ry
2026-09-09T11:53:36+00:00	dgx-spark-03	True	1	cmtpsaud71whj2auh0k27ynki
2026-09-09T11:53:36+00:00	dgx-spark-02	True	1	cmtsqj5lz5qd42auh8vvrfn03
2026-09-09T11:53:38+00:00	dgx-spark-04	True	1	cmtpeql4y1etk2auhbk9668ry
2026-09-09T11:53:38+00:00	dgx-spark-03	True	1	cmtpsaud71whj2auh0k27ynki
2026-09-09T11:53:38+00:00	dgx-spark-02	True	1	cmtsqj5lz5qd42auh8vvrfn03
2026-09-09T11:53:40+00:00	dgx-spark-04	True	1	cmtpeql4y1etk2auhbk9668ry
2026-09-09T11:53:40+00:00	dgx-spark-03	True	1	cmtpsaud71whj2auh0k27ynki
2026-09-09T11:53:40+00:00	dgx-spark-02	True	1	cmtsqj5lz5qd42auh8vvrfn03
2026-09-09T11:53:42+00:00	dgx-spark-04	True	1	cmtpeql4y1etk2auhbk9668ry
2026-09-09T11:53:42+00:00	dgx-spark-03	True	1	cmtpsaud71whj2auh0k27ynki
2026-09-09T11:53:42+00:00	dgx-spark-02	True	1	cmtsqj5lz5qd42auh8vvrfn03
2026-09-09T11:53:44+00:00	dgx-spark-04	True	1	cmtpeql4y1etk2auhbk9668ry
2026-09-09T11:53:44+00:00	dgx-spark-03	True	1	cmtpsaud71whj2auh0k27ynki
2026-09-09T11:53:44+00:00	dgx-spark-02	True	1	cmtsqj5lz5qd42auh8vvrfn03
2026-09-09T11:53:46+00:00	dgx-spark-04	True	1	cmtpeql4y1etk2auhbk9668ry
2026-09-09T11:53:46+00:00	dgx-spark-03	True	1	cmtpsaud71whj2auh0k27ynki
2026-09-09T11:53:46+00:00	dgx-spark-02	True	1	cmtsqj5lz5qd42auh8vvrfn03
2026-09-09T11:53:48+00:00	dgx-spark-04	True	1	cmtpeql4y1etk2auhbk9668ry
2026-09-09T11:53:48+00:00	dgx-spark-03	True	1	cmtpsaud71whj2auh0k27ynki
2026-09-09T11:53:48+00:00	dgx-spark-02	True	1	cmtsqj5lz5qd42auh8vvrfn03
2026-09-09T11:53:50+00:00	dgx-spark-04	True	1	cmtpeql4y1etk2auhbk9668ry
2026-09-09T11:53:50+00:00	dgx-spark-03	True	1	cmtpsaud71whj2auh0k27ynki
2026-09-09T11:53:50+00:00	dgx-spark-02	True	1	cmtsqj5lz5qd42auh8vvrfn03
2026-09-09T11:53:52+00:00	dgx-spark-04	True	1	cmtpeql4y1etk2auhbk9668ry
2026-09-09T11:53:52+00:00	dgx-spark-03	True	1	cmtpsaud71whj2auh0k27ynki
2026-09-09T11:53:52+00:00	dgx-spark-02	True	1	cmtsqj5lz5qd42auh8vvrfn03
2026-09-09T11:53:54+00:00	dgx-spark-04	True	1	cmtpeql4y1etk2auhbk9668ry
2026-09-09T11:53:54+00:00	dgx-spark-03	True	1	cmtpsaud71whj2auh0k27ynki
2026-09-09T11:53:54+00:00	dgx-spark-02	True	1	cmtsqj5lz5qd42auh8vvrfn03
2026-09-09T11:53:56+00:00	dgx-spark-04	True	1	cmtpeql4y1etk2auhbk9668ry
2026-09-09T11:53:56+00:00	dgx-spark-03	True	1	cmtpsaud71whj2auh0k27ynki
2026-09-09T11:53:56+00:00	dgx-spark-02	True	1	cmtsqj5lz5qd42auh8vvrfn03
2026-09-09T11:53:58+00:00	dgx-spark-04	True	1	cmtpeql4y1etk2auhbk9668ry
2026-09-09T11:53:58+00:00	dgx-spark-03	True	1	cmtpsaud71whj2auh0k27ynki
2026-09-09T11:53:58+00:00	dgx-spark-02	True	1	cmtsqj5lz5qd42auh8vvrfn03
2026-09-09T11:54:00+00:00	dgx-spark-04	True	1	cmtpeql4y1etk2auhbk9668ry
2026-09-09T11:54:00+00:00	dgx-spark-03	True	1	cmtpsaud71whj2auh0k27ynki
2026-09-09T11:54:00+00:00	dgx-spark-02	True	1	cmtsqj5lz5qd42auh8vvrfn03
2026-09-09T11:54:02+00:00	dgx-spark-04	True	1	cmtpeql4y1etk2auhbk9668ry
2026-09-09T11:54:02+00:00	dgx-spark-03	True	1	cmtpsaud71whj2auh0k27ynki
2026-09-09T11:54:02+00:00	dgx-spark-02	True	1	cmtsqj5lz5qd42auh8vvrfn03
2026-09-09T11:54:04+00:00	dgx-spark-04	True	1	cmtpeql4y1etk2auhbk9668ry
2026-09-09T11:54:04+00:00	dgx-spark-03	True	1	cmtpsaud71whj2auh0k27ynki
2026-09-09T11:54:04+00:00	dgx-spark-02	True	1	cmtsqj5lz5qd42auh8vvrfn03
2026-09-09T11:54:06+00:00	dgx-spark-04	True	1	cmtpeql4y1etk2auhbk9668ry
2026-09-09T11:54:06+00:00	dgx-spark-03	True	1	cmtpsaud71whj2auh0k27ynki
2026-09-09T11:54:06+00:00	dgx-spark-02	True	1	cmtsqj5lz5qd42auh8vvrfn03
2026-09-09T11:54:08+00:00	dgx-spark-04	True	1	cmtpeql4y1etk2auhbk9668ry
2026-09-09T11:54:08+00:00	dgx-spark-03	True	1	cmtpsaud71whj2auh0k27ynki
2026-09-09T11:54:08+00:00	dgx-spark-02	True	1	cmtsqj5lz5qd42auh8vvrfn03
2026-09-09T11:54:10+00:00	dgx-spark-04	True	1	cmtpeql4y1etk2auhbk9668ry
2026-09-09T11:54:10+00:00	dgx-spark-03	True	1	cmtpsaud71whj2auh0k27ynki
2026-09-09T11:54:10+00:00	dgx-spark-02	True	1	cmtsqj5lz5qd42auh8vvrfn03
2026-09-09T11:54:12+00:00	dgx-spark-04	True	1	cmtpeql4y1etk2auhbk9668ry
2026-09-09T11:54:12+00:00	dgx-spark-03	True	1	cmtpsaud71whj2auh0k27ynki
2026-09-09T11:54:12+00:00	dgx-spark-02	True	1	cmtsqj5lz5qd42auh8vvrfn03
2026-09-09T11:54:14+00:00	dgx-spark-04	True	1	cmtpeql4y1etk2auhbk9668ry
2026-09-09T11:54:14+00:00	dgx-spark-03	True	1	cmtpsaud71whj2auh0k27ynki
2026-09-09T11:54:14+00:00	dgx-spark-02	True	1	cmtsqj5lz5qd42auh8vvrfn03
2026-09-09T11:54:16+00:00	dgx-spark-04	True	1	cmtpeql4y1etk2auhbk9668ry
2026-09-09T11:54:16+00:00	dgx-spark-03	True	1	cmtpsaud71whj2auh0k27ynki
2026-09-09T11:54:16+00:00	dgx-spark-02	True	1	cmtsqj5lz5qd42auh8vvrfn03
2026-09-09T11:54:18+00:00	dgx-spark-04	True	1	cmtpeql4y1etk2auhbk9668ry
2026-09-09T11:54:18+00:00	dgx-spark-03	True	1	cmtpsaud71whj2auh0k27ynki
2026-09-09T11:54:18+00:00	dgx-spark-02	True	1	cmtsqj5lz5qd42auh8vvrfn03
2026-09-09T11:54:20+00:00	dgx-spark-04	True	1	cmtpeql4y1etk2auhbk9668ry
2026-09-09T11:54:20+00:00	dgx-spark-03	True	1	cmtpsaud71whj2auh0k27ynki
2026-09-09T11:54:20+00:00	dgx-spark-02	True	1	cmtsqj5lz5qd42auh8vvrfn03
2026-09-09T11:54:22+00:00	dgx-spark-04	True	1	cmtpeql4y1etk2auhbk9668ry
2026-09-09T11:54:22+00:00	dgx-spark-03	True	1	cmtpsaud71whj2auh0k27ynki
2026-09-09T11:54:22+00:00	dgx-spark-02	True	1	cmtsqj5lz5qd42auh8vvrfn03
2026-09-09T11:54:24+00:00	dgx-spark-04	True	1	cmtpeql4y1etk2auhbk9668ry
2026-09-09T11:54:24+00:00	dgx-spark-03	True	1	cmtpsaud71whj2auh0k27ynki
2026-09-09T11:54:24+00:00	dgx-spark-02	True	1	cmtsqj5lz5qd42auh8vvrfn03
2026-09-09T11:54:26+00:00	dgx-spark-04	True	1	cmtpeql4y1etk2auhbk9668ry
2026-09-09T11:54:26+00:00	dgx-spark-03	True	1	cmtpsaud71whj2auh0k27ynki
2026-09-09T11:54:26+00:00	dgx-spark-02	True	1	cmtsqj5lz5qd42auh8vvrfn03
2026-09-09T11:54:28+00:00	dgx-spark-04	True	1	cmtpeql4y1etk2auhbk9668ry
2026-09-09T11:54:28+00:00	dgx-spark-03	True	1	cmtpsaud71whj2auh0k27ynki
2026-09-09T11:54:28+00:00	dgx-spark-02	True	1	cmtsqj5lz5qd42auh8vvrfn03
2026-09-09T11:54:30+00:00	dgx-spark-04	True	1	cmtpeql4y1etk2auhbk9668ry
2026-09-09T11:54:30+00:00	dgx-spark-03	True	1	cmtpsaud71whj2auh0k27ynki
2026-09-09T11:54:30+00:00	dgx-spark-02	True	1	cmtsqj5lz5qd42auh8vvrfn03
2026-09-09T11:54:32+00:00	dgx-spark-04	True	1	cmtpeql4y1etk2auhbk9668ry
2026-09-09T11:54:32+00:00	dgx-spark-03	True	1	cmtpsaud71whj2auh0k27ynki
2026-09-09T11:54:32+00:00	dgx-spark-02	True	1	cmtsqj5lz5qd42auh8vvrfn03
2026-09-09T11:54:34+00:00	dgx-spark-04	True	1	cmtpeql4y1etk2auhbk9668ry
2026-09-09T11:54:34+00:00	dgx-spark-03	True	1	cmtpsaud71whj2auh0k27ynki
2026-09-09T11:54:34+00:00	dgx-spark-02	True	1	cmtsqj5lz5qd42auh8vvrfn03
2026-09-09T11:54:36+00:00	dgx-spark-04	True	1	cmtpeql4y1etk2auhbk9668ry
2026-09-09T11:54:36+00:00	dgx-spark-03	True	1	cmtpsaud71whj2auh0k27ynki
2026-09-09T11:54:36+00:00	dgx-spark-02	True	1	cmtsqj5lz5qd42auh8vvrfn03
2026-09-09T11:54:38+00:00	dgx-spark-04	True	1	cmtpeql4y1etk2auhbk9668ry
2026-09-09T11:54:38+00:00	dgx-spark-03	True	1	cmtpsaud71whj2auh0k27ynki
2026-09-09T11:54:38+00:00	dgx-spark-02	True	1	cmtsqj5lz5qd42auh8vvrfn03
2026-09-09T11:54:40+00:00	dgx-spark-04	True	1	cmtpeql4y1etk2auhbk9668ry
2026-09-09T11:54:40+00:00	dgx-spark-03	True	1	cmtpsaud71whj2auh0k27ynki
2026-09-09T11:54:40+00:00	dgx-spark-02	True	1	cmtsqj5lz5qd42auh8vvrfn03
2026-09-09T11:54:42+00:00	dgx-spark-04	True	1	cmtpeql4y1etk2auhbk9668ry
2026-09-09T11:54:42+00:00	dgx-spark-03	True	1	cmtpsaud71whj2auh0k27ynki
2026-09-09T11:54:42+00:00	dgx-spark-02	True	1	cmtsqj5lz5qd42auh8vvrfn03
2026-09-09T11:54:44+00:00	dgx-spark-04	True	1	cmtpeql4y1etk2auhbk9668ry
2026-09-09T11:54:44+00:00	dgx-spark-03	True	1	cmtpsaud71whj2auh0k27ynki
2026-09-09T11:54:44+00:00	dgx-spark-02	True	1	cmtsqj5lz5qd42auh8vvrfn03
2026-09-09T11:54:46+00:00	dgx-spark-04	True	1	cmtpeql4y1etk2auhbk9668ry
2026-09-09T11:54:46+00:00	dgx-spark-03	True	1	cmtpsaud71whj2auh0k27ynki
2026-09-09T11:54:46+00:00	dgx-spark-02	True	1	cmtsqj5lz5qd42auh8vvrfn03
2026-09-09T11:54:48+00:00	dgx-spark-04	True	1	cmtpeql4y1etk2auhbk9668ry
2026-09-09T11:54:48+00:00	dgx-spark-03	True	1	cmtpsaud71whj2auh0k27ynki
2026-09-09T11:54:48+00:00	dgx-spark-02	True	1	cmtsqj5lz5qd42auh8vvrfn03
2026-09-09T11:54:50+00:00	dgx-spark-04	True	1	cmtpeql4y1etk2auhbk9668ry
2026-09-09T11:54:50+00:00	dgx-spark-03	True	1	cmtpsaud71whj2auh0k27ynki
2026-09-09T11:54:50+00:00	dgx-spark-02	True	1	cmtsqj5lz5qd42auh8vvrfn03
2026-09-09T11:54:52+00:00	dgx-spark-04	True	1	cmtpeql4y1etk2auhbk9668ry
2026-09-09T11:54:52+00:00	dgx-spark-03	True	1	cmtpsaud71whj2auh0k27ynki
2026-09-09T11:54:52+00:00	dgx-spark-02	True	1	cmtsqj5lz5qd42auh8vvrfn03
2026-09-09T11:54:55+00:00	dgx-spark-04	True	1	cmtpeql4y1etk2auhbk9668ry
2026-09-09T11:54:55+00:00	dgx-spark-03	True	1	cmtpsaud71whj2auh0k27ynki
2026-09-09T11:54:55+00:00	dgx-spark-02	True	1	cmtsqj5lz5qd42auh8vvrfn03
2026-09-09T11:54:57+00:00	dgx-spark-04	True	1	cmtpeql4y1etk2auhbk9668ry
2026-09-09T11:54:57+00:00	dgx-spark-03	True	1	cmtpsaud71whj2auh0k27ynki
2026-09-09T11:54:57+00:00	dgx-spark-02	True	1	cmtsqj5lz5qd42auh8vvrfn03
2026-09-09T11:54:59+00:00	dgx-spark-04	True	1	cmtpeql4y1etk2auhbk9668ry
2026-09-09T11:54:59+00:00	dgx-spark-03	True	1	cmtpsaud71whj2auh0k27ynki
2026-09-09T11:54:59+00:00	dgx-spark-02	True	1	cmtsqj5lz5qd42auh8vvrfn03
2026-09-09T11:55:01+00:00	dgx-spark-04	True	1	cmtpeql4y1etk2auhbk9668ry
2026-09-09T11:55:01+00:00	dgx-spark-03	True	1	cmtpsaud71whj2auh0k27ynki
2026-09-09T11:55:01+00:00	dgx-spark-02	True	1	cmtsqj5lz5qd42auh8vvrfn03
2026-09-09T11:55:03+00:00	dgx-spark-04	True	1	cmtpeql4y1etk2auhbk9668ry
2026-09-09T11:55:03+00:00	dgx-spark-03	True	1	cmtpsaud71whj2auh0k27ynki
2026-09-09T11:55:03+00:00	dgx-spark-02	True	1	cmtsqj5lz5qd42auh8vvrfn03
2026-09-09T11:55:05+00:00	dgx-spark-04	True	1	cmtpeql4y1etk2auhbk9668ry
2026-09-09T11:55:05+00:00	dgx-spark-03	True	1	cmtpsaud71whj2auh0k27ynki
2026-09-09T11:55:05+00:00	dgx-spark-02	True	1	cmtsqj5lz5qd42auh8vvrfn03
2026-09-09T11:55:07+00:00	dgx-spark-04	True	1	cmtpeql4y1etk2auhbk9668ry
2026-09-09T11:55:07+00:00	dgx-spark-03	True	1	cmtpsaud71whj2auh0k27ynki
2026-09-09T11:55:07+00:00	dgx-spark-02	True	1	cmtsqj5lz5qd42auh8vvrfn03
2026-09-09T11:55:09+00:00	dgx-spark-04	True	1	cmtpeql4y1etk2auhbk9668ry
2026-09-09T11:55:09+00:00	dgx-spark-03	True	1	cmtpsaud71whj2auh0k27ynki
2026-09-09T11:55:09+00:00	dgx-spark-02	True	1	cmtsqj5lz5qd42auh8vvrfn03
2026-09-09T11:55:11+00:00	dgx-spark-04	True	1	cmtpeql4y1etk2auhbk9668ry
2026-09-09T11:55:11+00:00	dgx-spark-03	True	1	cmtpsaud71whj2auh0k27ynki
2026-09-09T11:55:11+00:00	dgx-spark-02	True	1	cmtsqj5lz5qd42auh8vvrfn03
2026-09-09T11:55:13+00:00	dgx-spark-04	True	1	cmtpeql4y1etk2auhbk9668ry
2026-09-09T11:55:13+00:00	dgx-spark-03	True	1	cmtpsaud71whj2auh0k27ynki
2026-09-09T11:55:13+00:00	dgx-spark-02	True	1	cmtsqj5lz5qd42auh8vvrfn03
2026-09-09T11:55:15+00:00	dgx-spark-04	True	1	cmtpeql4y1etk2auhbk9668ry
2026-09-09T11:55:15+00:00	dgx-spark-03	True	1	cmtpsaud71whj2auh0k27ynki
2026-09-09T11:55:15+00:00	dgx-spark-02	True	1	cmtsqj5lz5qd42auh8vvrfn03
2026-09-09T11:55:17+00:00	dgx-spark-04	True	1	cmtpeql4y1etk2auhbk9668ry
2026-09-09T11:55:17+00:00	dgx-spark-03	True	1	cmtpsaud71whj2auh0k27ynki
2026-09-09T11:55:17+00:00	dgx-spark-02	True	1	cmtsqj5lz5qd42auh8vvrfn03
2026-09-09T11:55:19+00:00	dgx-spark-04	True	1	cmtpeql4y1etk2auhbk9668ry
2026-09-09T11:55:19+00:00	dgx-spark-03	True	1	cmtpsaud71whj2auh0k27ynki
2026-09-09T11:55:19+00:00	dgx-spark-02	True	1	cmtsqj5lz5qd42auh8vvrfn03
2026-09-09T11:55:21+00:00	dgx-spark-04	True	1	cmtpeql4y1etk2auhbk9668ry
2026-09-09T11:55:21+00:00	dgx-spark-03	True	1	cmtpsaud71whj2auh0k27ynki
2026-09-09T11:55:21+00:00	dgx-spark-02	True	1	cmtsqj5lz5qd42auh8vvrfn03
2026-09-09T11:55:23+00:00	dgx-spark-04	True	1	cmtpeql4y1etk2auhbk9668ry
2026-09-09T11:55:23+00:00	dgx-spark-03	True	1	cmtpsaud71whj2auh0k27ynki
2026-09-09T11:55:23+00:00	dgx-spark-02	True	1	cmtsqj5lz5qd42auh8vvrfn03
2026-09-09T11:55:25+00:00	dgx-spark-04	True	1	cmtpeql4y1etk2auhbk9668ry
2026-09-09T11:55:25+00:00	dgx-spark-03	True	1	cmtpsaud71whj2auh0k27ynki
2026-09-09T11:55:25+00:00	dgx-spark-02	True	1	cmtsqj5lz5qd42auh8vvrfn03
2026-09-09T11:55:27+00:00	dgx-spark-04	True	1	cmtpeql4y1etk2auhbk9668ry
2026-09-09T11:55:27+00:00	dgx-spark-03	True	1	cmtpsaud71whj2auh0k27ynki
2026-09-09T11:55:27+00:00	dgx-spark-02	True	1	cmtsqj5lz5qd42auh8vvrfn03
2026-09-09T11:55:29+00:00	dgx-spark-04	True	1	cmtpeql4y1etk2auhbk9668ry
2026-09-09T11:55:29+00:00	dgx-spark-03	True	1	cmtpsaud71whj2auh0k27ynki
2026-09-09T11:55:29+00:00	dgx-spark-02	True	1	cmtsqj5lz5qd42auh8vvrfn03
2026-09-09T11:55:31+00:00	dgx-spark-04	True	1	cmtpeql4y1etk2auhbk9668ry
2026-09-09T11:55:31+00:00	dgx-spark-03	True	1	cmtpsaud71whj2auh0k27ynki
2026-09-09T11:55:31+00:00	dgx-spark-02	True	1	cmtsqj5lz5qd42auh8vvrfn03
2026-09-09T11:55:33+00:00	dgx-spark-04	True	1	cmtpeql4y1etk2auhbk9668ry
2026-09-09T11:55:33+00:00	dgx-spark-03	True	1	cmtpsaud71whj2auh0k27ynki
2026-09-09T11:55:33+00:00	dgx-spark-02	True	1	cmtsqj5lz5qd42auh8vvrfn03
2026-09-09T11:55:35+00:00	dgx-spark-04	True	0	cmtpeql4y1etk2auhbk9668ry
2026-09-09T11:55:35+00:00	dgx-spark-03	True	1	cmtpsaud71whj2auh0k27ynki
2026-09-09T11:55:35+00:00	dgx-spark-02	True	1	cmtsqj5lz5qd42auh8vvrfn03
2026-09-09T11:55:37+00:00	dgx-spark-04	True	1	cmtpeql4y1etk2auhbk9668ry
2026-09-09T11:55:37+00:00	dgx-spark-03	True	1	cmtpsaud71whj2auh0k27ynki
2026-09-09T11:55:37+00:00	dgx-spark-02	True	1	cmtsqj5lz5qd42auh8vvrfn03
2026-09-09T11:55:39+00:00	dgx-spark-04	True	1	cmtpeql4y1etk2auhbk9668ry
2026-09-09T11:55:39+00:00	dgx-spark-03	True	1	cmtpsaud71whj2auh0k27ynki
2026-09-09T11:55:39+00:00	dgx-spark-02	True	1	cmtsqj5lz5qd42auh8vvrfn03
2026-09-09T11:55:41+00:00	dgx-spark-04	True	1	cmtpeql4y1etk2auhbk9668ry
2026-09-09T11:55:41+00:00	dgx-spark-03	True	1	cmtpsaud71whj2auh0k27ynki
2026-09-09T11:55:41+00:00	dgx-spark-02	True	1	cmtsqj5lz5qd42auh8vvrfn03
2026-09-09T11:55:43+00:00	dgx-spark-04	True	1	cmtpeql4y1etk2auhbk9668ry
2026-09-09T11:55:43+00:00	dgx-spark-03	True	1	cmtpsaud71whj2auh0k27ynki
2026-09-09T11:55:43+00:00	dgx-spark-02	True	1	cmtsqj5lz5qd42auh8vvrfn03
2026-09-09T11:55:45+00:00	dgx-spark-04	True	1	cmtpeql4y1etk2auhbk9668ry
2026-09-09T11:55:45+00:00	dgx-spark-03	True	1	cmtpsaud71whj2auh0k27ynki
2026-09-09T11:55:45+00:00	dgx-spark-02	True	1	cmtsqj5lz5qd42auh8vvrfn03
2026-09-09T11:55:47+00:00	dgx-spark-04	True	1	cmtpeql4y1etk2auhbk9668ry
2026-09-09T11:55:47+00:00	dgx-spark-03	True	1	cmtpsaud71whj2auh0k27ynki
2026-09-09T11:55:47+00:00	dgx-spark-02	True	1	cmtsqj5lz5qd42auh8vvrfn03
2026-09-09T11:55:49+00:00	dgx-spark-04	True	1	cmtpeql4y1etk2auhbk9668ry
2026-09-09T11:55:49+00:00	dgx-spark-03	True	1	cmtpsaud71whj2auh0k27ynki
2026-09-09T11:55:49+00:00	dgx-spark-02	True	1	cmtsqj5lz5qd42auh8vvrfn03
2026-09-09T11:55:51+00:00	dgx-spark-04	True	1	cmtpeql4y1etk2auhbk9668ry
2026-09-09T11:55:51+00:00	dgx-spark-03	True	1	cmtpsaud71whj2auh0k27ynki
2026-09-09T11:55:51+00:00	dgx-spark-02	True	1	cmtsqj5lz5qd42auh8vvrfn03
2026-09-09T11:55:53+00:00	dgx-spark-04	True	1	cmtpeql4y1etk2auhbk9668ry
2026-09-09T11:55:53+00:00	dgx-spark-03	True	1	cmtpsaud71whj2auh0k27ynki
2026-09-09T11:55:53+00:00	dgx-spark-02	True	1	cmtsqj5lz5qd42auh8vvrfn03
2026-09-09T11:55:55+00:00	dgx-spark-04	True	1	cmtpeql4y1etk2auhbk9668ry
2026-09-09T11:55:55+00:00	dgx-spark-03	True	1	cmtpsaud71whj2auh0k27ynki
2026-09-09T11:55:55+00:00	dgx-spark-02	True	1	cmtsqj5lz5qd42auh8vvrfn03
2026-09-09T11:55:57+00:00	dgx-spark-04	True	1	cmtpeql4y1etk2auhbk9668ry
2026-09-09T11:55:57+00:00	dgx-spark-03	True	1	cmtpsaud71whj2auh0k27ynki
2026-09-09T11:55:57+00:00	dgx-spark-02	True	1	cmtsqj5lz5qd42auh8vvrfn03
2026-09-09T11:55:59+00:00	dgx-spark-04	True	1	cmtpeql4y1etk2auhbk9668ry
2026-09-09T11:55:59+00:00	dgx-spark-03	True	1	cmtpsaud71whj2auh0k27ynki
2026-09-09T11:55:59+00:00	dgx-spark-02	True	1	cmtsqj5lz5qd42auh8vvrfn03
2026-09-09T11:56:01+00:00	dgx-spark-04	True	1	cmtpeql4y1etk2auhbk9668ry
2026-09-09T11:56:01+00:00	dgx-spark-03	True	1	cmtpsaud71whj2auh0k27ynki
2026-09-09T11:56:01+00:00	dgx-spark-02	True	1	cmtsqj5lz5qd42auh8vvrfn03
2026-09-09T11:56:03+00:00	dgx-spark-04	True	1	cmtpeql4y1etk2auhbk9668ry
2026-09-09T11:56:03+00:00	dgx-spark-03	True	1	cmtpsaud71whj2auh0k27ynki
2026-09-09T11:56:03+00:00	dgx-spark-02	True	1	cmtsqj5lz5qd42auh8vvrfn03
2026-09-09T11:56:05+00:00	dgx-spark-04	True	1	cmtpeql4y1etk2auhbk9668ry
2026-09-09T11:56:05+00:00	dgx-spark-03	True	1	cmtpsaud71whj2auh0k27ynki
2026-09-09T11:56:05+00:00	dgx-spark-02	True	0	cmtsqj5lz5qd42auh8vvrfn03
2026-09-09T11:56:07+00:00	dgx-spark-04	True	1	cmtpeql4y1etk2auhbk9668ry
2026-09-09T11:56:07+00:00	dgx-spark-03	True	1	cmtpsaud71whj2auh0k27ynki
2026-09-09T11:56:07+00:00	dgx-spark-02	True	1	cmtsqj5lz5qd42auh8vvrfn03
2026-09-09T11:56:09+00:00	dgx-spark-04	True	1	cmtpeql4y1etk2auhbk9668ry
2026-09-09T11:56:09+00:00	dgx-spark-03	True	1	cmtpsaud71whj2auh0k27ynki
2026-09-09T11:56:09+00:00	dgx-spark-02	True	1	cmtsqj5lz5qd42auh8vvrfn03
2026-09-09T11:56:11+00:00	dgx-spark-04	True	1	cmtpeql4y1etk2auhbk9668ry
2026-09-09T11:56:11+00:00	dgx-spark-03	True	1	cmtpsaud71whj2auh0k27ynki
2026-09-09T11:56:11+00:00	dgx-spark-02	True	1	cmtsqj5lz5qd42auh8vvrfn03
2026-09-09T11:56:13+00:00	dgx-spark-04	True	1	cmtpeql4y1etk2auhbk9668ry
2026-09-09T11:56:13+00:00	dgx-spark-03	True	1	cmtpsaud71whj2auh0k27ynki
2026-09-09T11:56:13+00:00	dgx-spark-02	True	1	cmtsqj5lz5qd42auh8vvrfn03
2026-09-09T11:56:15+00:00	dgx-spark-04	True	1	cmtpeql4y1etk2auhbk9668ry
2026-09-09T11:56:15+00:00	dgx-spark-03	True	1	cmtpsaud71whj2auh0k27ynki
2026-09-09T11:56:15+00:00	dgx-spark-02	True	1	cmtsqj5lz5qd42auh8vvrfn03
2026-09-09T11:56:17+00:00	dgx-spark-04	True	1	cmtpeql4y1etk2auhbk9668ry
2026-09-09T11:56:17+00:00	dgx-spark-03	True	1	cmtpsaud71whj2auh0k27ynki
2026-09-09T11:56:17+00:00	dgx-spark-02	True	1	cmtsqj5lz5qd42auh8vvrfn03
2026-09-09T11:56:19+00:00	dgx-spark-04	True	1	cmtpeql4y1etk2auhbk9668ry
2026-09-09T11:56:19+00:00	dgx-spark-03	True	1	cmtpsaud71whj2auh0k27ynki
2026-09-09T11:56:19+00:00	dgx-spark-02	True	1	cmtsqj5lz5qd42auh8vvrfn03
2026-09-09T11:56:21+00:00	dgx-spark-04	True	1	cmtpeql4y1etk2auhbk9668ry
2026-09-09T11:56:21+00:00	dgx-spark-03	True	1	cmtpsaud71whj2auh0k27ynki
2026-09-09T11:56:21+00:00	dgx-spark-02	True	1	cmtsqj5lz5qd42auh8vvrfn03
2026-09-09T11:56:23+00:00	dgx-spark-04	True	1	cmtpeql4y1etk2auhbk9668ry
2026-09-09T11:56:23+00:00	dgx-spark-03	True	1	cmtpsaud71whj2auh0k27ynki
2026-09-09T11:56:23+00:00	dgx-spark-02	True	1	cmtsqj5lz5qd42auh8vvrfn03
2026-09-09T11:56:25+00:00	dgx-spark-04	True	1	cmtpeql4y1etk2auhbk9668ry
2026-09-09T11:56:25+00:00	dgx-spark-03	True	1	cmtpsaud71whj2auh0k27ynki
2026-09-09T11:56:25+00:00	dgx-spark-02	True	1	cmtsqj5lz5qd42auh8vvrfn03
2026-09-09T11:56:28+00:00	dgx-spark-04	True	1	cmtpeql4y1etk2auhbk9668ry
2026-09-09T11:56:28+00:00	dgx-spark-03	True	1	cmtpsaud71whj2auh0k27ynki
2026-09-09T11:56:28+00:00	dgx-spark-02	True	1	cmtsqj5lz5qd42auh8vvrfn03
2026-09-09T11:56:30+00:00	dgx-spark-04	True	1	cmtpeql4y1etk2auhbk9668ry
2026-09-09T11:56:30+00:00	dgx-spark-03	True	1	cmtpsaud71whj2auh0k27ynki
2026-09-09T11:56:30+00:00	dgx-spark-02	True	1	cmtsqj5lz5qd42auh8vvrfn03
2026-09-09T11:56:32+00:00	dgx-spark-04	True	1	cmtpeql4y1etk2auhbk9668ry
2026-09-09T11:56:32+00:00	dgx-spark-03	True	1	cmtpsaud71whj2auh0k27ynki
2026-09-09T11:56:32+00:00	dgx-spark-02	True	1	cmtsqj5lz5qd42auh8vvrfn03
2026-09-09T11:56:34+00:00	dgx-spark-04	True	1	cmtpeql4y1etk2auhbk9668ry
2026-09-09T11:56:34+00:00	dgx-spark-03	True	1	cmtpsaud71whj2auh0k27ynki
2026-09-09T11:56:34+00:00	dgx-spark-02	True	1	cmtsqj5lz5qd42auh8vvrfn03
2026-09-09T11:56:36+00:00	dgx-spark-04	True	1	cmtpeql4y1etk2auhbk9668ry
2026-09-09T11:56:36+00:00	dgx-spark-03	True	1	cmtpsaud71whj2auh0k27ynki
2026-09-09T11:56:36+00:00	dgx-spark-02	True	1	cmtsqj5lz5qd42auh8vvrfn03
2026-09-09T11:56:38+00:00	dgx-spark-04	True	1	cmtpeql4y1etk2auhbk9668ry
2026-09-09T11:56:38+00:00	dgx-spark-03	True	1	cmtpsaud71whj2auh0k27ynki
2026-09-09T11:56:38+00:00	dgx-spark-02	True	1	cmtsqj5lz5qd42auh8vvrfn03
2026-09-09T11:56:40+00:00	dgx-spark-04	True	1	cmtpeql4y1etk2auhbk9668ry
2026-09-09T11:56:40+00:00	dgx-spark-03	True	1	cmtpsaud71whj2auh0k27ynki
2026-09-09T11:56:40+00:00	dgx-spark-02	True	1	cmtsqj5lz5qd42auh8vvrfn03
2026-09-09T11:56:42+00:00	dgx-spark-04	True	1	cmtpeql4y1etk2auhbk9668ry
2026-09-09T11:56:42+00:00	dgx-spark-03	True	1	cmtpsaud71whj2auh0k27ynki
2026-09-09T11:56:42+00:00	dgx-spark-02	True	1	cmtsqj5lz5qd42auh8vvrfn03
2026-09-09T11:56:44+00:00	dgx-spark-04	True	1	cmtpeql4y1etk2auhbk9668ry
2026-09-09T11:56:44+00:00	dgx-spark-03	True	1	cmtpsaud71whj2auh0k27ynki
2026-09-09T11:56:44+00:00	dgx-spark-02	True	1	cmtsqj5lz5qd42auh8vvrfn03
2026-09-09T11:56:46+00:00	dgx-spark-04	True	1	cmtpeql4y1etk2auhbk9668ry
2026-09-09T11:56:46+00:00	dgx-spark-03	True	1	cmtpsaud71whj2auh0k27ynki
2026-09-09T11:56:46+00:00	dgx-spark-02	True	1	cmtsqj5lz5qd42auh8vvrfn03
2026-09-09T11:56:48+00:00	dgx-spark-04	True	1	cmtpeql4y1etk2auhbk9668ry
2026-09-09T11:56:48+00:00	dgx-spark-03	True	1	cmtpsaud71whj2auh0k27ynki
2026-09-09T11:56:48+00:00	dgx-spark-02	True	1	cmtsqj5lz5qd42auh8vvrfn03
2026-09-09T11:56:50+00:00	dgx-spark-04	True	1	cmtpeql4y1etk2auhbk9668ry
2026-09-09T11:56:50+00:00	dgx-spark-03	True	1	cmtpsaud71whj2auh0k27ynki
2026-09-09T11:56:50+00:00	dgx-spark-02	True	1	cmtsqj5lz5qd42auh8vvrfn03
2026-09-09T11:56:52+00:00	dgx-spark-04	True	1	cmtpeql4y1etk2auhbk9668ry
2026-09-09T11:56:52+00:00	dgx-spark-03	True	1	cmtpsaud71whj2auh0k27ynki
2026-09-09T11:56:52+00:00	dgx-spark-02	True	1	cmtsqj5lz5qd42auh8vvrfn03
2026-09-09T11:56:54+00:00	dgx-spark-04	True	1	cmtpeql4y1etk2auhbk9668ry
2026-09-09T11:56:54+00:00	dgx-spark-03	True	1	cmtpsaud71whj2auh0k27ynki
2026-09-09T11:56:54+00:00	dgx-spark-02	True	1	cmtsqj5lz5qd42auh8vvrfn03
2026-09-09T11:56:56+00:00	dgx-spark-04	True	1	cmtpeql4y1etk2auhbk9668ry
2026-09-09T11:56:56+00:00	dgx-spark-03	True	1	cmtpsaud71whj2auh0k27ynki
2026-09-09T11:56:56+00:00	dgx-spark-02	True	1	cmtsqj5lz5qd42auh8vvrfn03
2026-09-09T11:56:58+00:00	dgx-spark-04	True	1	cmtpeql4y1etk2auhbk9668ry
2026-09-09T11:56:58+00:00	dgx-spark-03	True	1	cmtpsaud71whj2auh0k27ynki
2026-09-09T11:56:58+00:00	dgx-spark-02	True	1	cmtsqj5lz5qd42auh8vvrfn03
2026-09-09T11:57:00+00:00	dgx-spark-04	True	1	cmtpeql4y1etk2auhbk9668ry
2026-09-09T11:57:00+00:00	dgx-spark-03	True	1	cmtpsaud71whj2auh0k27ynki
2026-09-09T11:57:00+00:00	dgx-spark-02	True	1	cmtsqj5lz5qd42auh8vvrfn03
2026-09-09T11:57:02+00:00	dgx-spark-04	True	1	cmtpeql4y1etk2auhbk9668ry
2026-09-09T11:57:02+00:00	dgx-spark-03	True	1	cmtpsaud71whj2auh0k27ynki
2026-09-09T11:57:02+00:00	dgx-spark-02	True	1	cmtsqj5lz5qd42auh8vvrfn03
2026-09-09T11:57:04+00:00	dgx-spark-04	True	1	cmtpeql4y1etk2auhbk9668ry
2026-09-09T11:57:04+00:00	dgx-spark-03	True	1	cmtpsaud71whj2auh0k27ynki
2026-09-09T11:57:04+00:00	dgx-spark-02	True	1	cmtsqj5lz5qd42auh8vvrfn03
2026-09-09T11:57:06+00:00	dgx-spark-04	True	1	cmtpeql4y1etk2auhbk9668ry
2026-09-09T11:57:06+00:00	dgx-spark-03	True	1	cmtpsaud71whj2auh0k27ynki
2026-09-09T11:57:06+00:00	dgx-spark-02	True	1	cmtsqj5lz5qd42auh8vvrfn03
2026-09-09T11:57:08+00:00	dgx-spark-04	True	1	cmtpeql4y1etk2auhbk9668ry
2026-09-09T11:57:08+00:00	dgx-spark-03	True	1	cmtpsaud71whj2auh0k27ynki
2026-09-09T11:57:08+00:00	dgx-spark-02	True	1	cmtsqj5lz5qd42auh8vvrfn03
2026-09-09T11:57:10+00:00	dgx-spark-04	True	1	cmtpeql4y1etk2auhbk9668ry
2026-09-09T11:57:10+00:00	dgx-spark-03	True	1	cmtpsaud71whj2auh0k27ynki
2026-09-09T11:57:10+00:00	dgx-spark-02	True	1	cmtsqj5lz5qd42auh8vvrfn03
2026-09-09T11:57:12+00:00	dgx-spark-04	True	1	cmtpeql4y1etk2auhbk9668ry
2026-09-09T11:57:12+00:00	dgx-spark-03	True	1	cmtpsaud71whj2auh0k27ynki
2026-09-09T11:57:12+00:00	dgx-spark-02	True	1	cmtsqj5lz5qd42auh8vvrfn03
2026-09-09T11:57:14+00:00	dgx-spark-04	True	1	cmtpeql4y1etk2auhbk9668ry
2026-09-09T11:57:14+00:00	dgx-spark-03	True	1	cmtpsaud71whj2auh0k27ynki
2026-09-09T11:57:14+00:00	dgx-spark-02	True	1	cmtsqj5lz5qd42auh8vvrfn03
2026-09-09T11:57:16+00:00	dgx-spark-04	True	1	cmtpeql4y1etk2auhbk9668ry
2026-09-09T11:57:16+00:00	dgx-spark-03	True	1	cmtpsaud71whj2auh0k27ynki
2026-09-09T11:57:16+00:00	dgx-spark-02	True	1	cmtsqj5lz5qd42auh8vvrfn03
2026-09-09T11:57:18+00:00	dgx-spark-04	True	1	cmtpeql4y1etk2auhbk9668ry
2026-09-09T11:57:18+00:00	dgx-spark-03	True	1	cmtpsaud71whj2auh0k27ynki
2026-09-09T11:57:18+00:00	dgx-spark-02	True	1	cmtsqj5lz5qd42auh8vvrfn03
2026-09-09T11:57:20+00:00	dgx-spark-04	True	1	cmtpeql4y1etk2auhbk9668ry
2026-09-09T11:57:20+00:00	dgx-spark-03	True	1	cmtpsaud71whj2auh0k27ynki
2026-09-09T11:57:20+00:00	dgx-spark-02	True	1	cmtsqj5lz5qd42auh8vvrfn03
2026-09-09T11:57:22+00:00	dgx-spark-04	True	1	cmtpeql4y1etk2auhbk9668ry
2026-09-09T11:57:22+00:00	dgx-spark-03	True	1	cmtpsaud71whj2auh0k27ynki
2026-09-09T11:57:22+00:00	dgx-spark-02	True	1	cmtsqj5lz5qd42auh8vvrfn03
2026-09-09T11:57:24+00:00	dgx-spark-04	True	1	cmtpeql4y1etk2auhbk9668ry
2026-09-09T11:57:24+00:00	dgx-spark-03	True	1	cmtpsaud71whj2auh0k27ynki
2026-09-09T11:57:24+00:00	dgx-spark-02	True	1	cmtsqj5lz5qd42auh8vvrfn03
2026-09-09T11:57:26+00:00	dgx-spark-04	True	1	cmtpeql4y1etk2auhbk9668ry
2026-09-09T11:57:26+00:00	dgx-spark-03	True	1	cmtpsaud71whj2auh0k27ynki
2026-09-09T11:57:26+00:00	dgx-spark-02	True	1	cmtsqj5lz5qd42auh8vvrfn03
2026-09-09T11:57:28+00:00	dgx-spark-04	True	1	cmtpeql4y1etk2auhbk9668ry
2026-09-09T11:57:28+00:00	dgx-spark-03	True	1	cmtpsaud71whj2auh0k27ynki
2026-09-09T11:57:28+00:00	dgx-spark-02	True	1	cmtsqj5lz5qd42auh8vvrfn03
2026-09-09T11:57:30+00:00	dgx-spark-04	True	1	cmtpeql4y1etk2auhbk9668ry
2026-09-09T11:57:30+00:00	dgx-spark-03	True	1	cmtpsaud71whj2auh0k27ynki
2026-09-09T11:57:30+00:00	dgx-spark-02	True	1	cmtsqj5lz5qd42auh8vvrfn03
2026-09-09T11:57:32+00:00	dgx-spark-04	True	1	cmtpeql4y1etk2auhbk9668ry
2026-09-09T11:57:32+00:00	dgx-spark-03	True	1	cmtpsaud71whj2auh0k27ynki
2026-09-09T11:57:32+00:00	dgx-spark-02	True	1	cmtsqj5lz5qd42auh8vvrfn03
2026-09-09T11:57:34+00:00	dgx-spark-04	True	1	cmtpeql4y1etk2auhbk9668ry
2026-09-09T11:57:34+00:00	dgx-spark-03	True	1	cmtpsaud71whj2auh0k27ynki
2026-09-09T11:57:34+00:00	dgx-spark-02	True	1	cmtsqj5lz5qd42auh8vvrfn03
2026-09-09T11:57:36+00:00	dgx-spark-04	True	1	cmtpeql4y1etk2auhbk9668ry
2026-09-09T11:57:36+00:00	dgx-spark-03	True	1	cmtpsaud71whj2auh0k27ynki
2026-09-09T11:57:36+00:00	dgx-spark-02	True	0	cmtsqj5lz5qd42auh8vvrfn03
2026-09-09T11:57:38+00:00	dgx-spark-04	True	1	cmtpeql4y1etk2auhbk9668ry
2026-09-09T11:57:38+00:00	dgx-spark-03	True	1	cmtpsaud71whj2auh0k27ynki
2026-09-09T11:57:38+00:00	dgx-spark-02	True	1	cmtsqj5lz5qd42auh8vvrfn03
2026-09-09T11:57:40+00:00	dgx-spark-04	True	1	cmtpeql4y1etk2auhbk9668ry
2026-09-09T11:57:40+00:00	dgx-spark-03	True	1	cmtpsaud71whj2auh0k27ynki
2026-09-09T11:57:40+00:00	dgx-spark-02	True	1	cmtsqj5lz5qd42auh8vvrfn03
2026-09-09T11:57:42+00:00	dgx-spark-04	True	1	cmtpeql4y1etk2auhbk9668ry
2026-09-09T11:57:42+00:00	dgx-spark-03	True	1	cmtpsaud71whj2auh0k27ynki
2026-09-09T11:57:42+00:00	dgx-spark-02	True	1	cmtsqj5lz5qd42auh8vvrfn03
2026-09-09T11:57:44+00:00	dgx-spark-04	True	1	cmtpeql4y1etk2auhbk9668ry
2026-09-09T11:57:44+00:00	dgx-spark-03	True	1	cmtpsaud71whj2auh0k27ynki
2026-09-09T11:57:44+00:00	dgx-spark-02	True	1	cmtsqj5lz5qd42auh8vvrfn03
2026-09-09T11:57:46+00:00	dgx-spark-04	True	1	cmtpeql4y1etk2auhbk9668ry
2026-09-09T11:57:46+00:00	dgx-spark-03	True	1	cmtpsaud71whj2auh0k27ynki
2026-09-09T11:57:46+00:00	dgx-spark-02	True	1	cmtsqj5lz5qd42auh8vvrfn03
2026-09-09T11:57:48+00:00	dgx-spark-04	True	1	cmtpeql4y1etk2auhbk9668ry
2026-09-09T11:57:48+00:00	dgx-spark-03	True	1	cmtpsaud71whj2auh0k27ynki
2026-09-09T11:57:48+00:00	dgx-spark-02	True	1	cmtsqj5lz5qd42auh8vvrfn03
2026-09-09T11:57:50+00:00	dgx-spark-04	True	1	cmtpeql4y1etk2auhbk9668ry
2026-09-09T11:57:50+00:00	dgx-spark-03	True	1	cmtpsaud71whj2auh0k27ynki
2026-09-09T11:57:50+00:00	dgx-spark-02	True	1	cmtsqj5lz5qd42auh8vvrfn03
2026-09-09T11:57:52+00:00	dgx-spark-04	True	0	cmtpeql4y1etk2auhbk9668ry
2026-09-09T11:57:52+00:00	dgx-spark-03	True	1	cmtpsaud71whj2auh0k27ynki
2026-09-09T11:57:52+00:00	dgx-spark-02	True	1	cmtsqj5lz5qd42auh8vvrfn03
2026-09-09T11:57:54+00:00	dgx-spark-04	True	1	cmtpeql4y1etk2auhbk9668ry
2026-09-09T11:57:54+00:00	dgx-spark-03	True	1	cmtpsaud71whj2auh0k27ynki
2026-09-09T11:57:54+00:00	dgx-spark-02	True	1	cmtsqj5lz5qd42auh8vvrfn03
2026-09-09T11:57:56+00:00	dgx-spark-04	True	1	cmtpeql4y1etk2auhbk9668ry
2026-09-09T11:57:56+00:00	dgx-spark-03	True	1	cmtpsaud71whj2auh0k27ynki
2026-09-09T11:57:56+00:00	dgx-spark-02	True	1	cmtsqj5lz5qd42auh8vvrfn03
2026-09-09T11:57:58+00:00	dgx-spark-04	True	1	cmtpeql4y1etk2auhbk9668ry
2026-09-09T11:57:58+00:00	dgx-spark-03	True	1	cmtpsaud71whj2auh0k27ynki
2026-09-09T11:57:58+00:00	dgx-spark-02	True	1	cmtsqj5lz5qd42auh8vvrfn03
2026-09-09T11:58:00+00:00	dgx-spark-04	True	1	cmtpeql4y1etk2auhbk9668ry
2026-09-09T11:58:00+00:00	dgx-spark-03	True	1	cmtpsaud71whj2auh0k27ynki
2026-09-09T11:58:00+00:00	dgx-spark-02	True	1	cmtsqj5lz5qd42auh8vvrfn03
2026-09-09T11:58:02+00:00	dgx-spark-04	True	1	cmtpeql4y1etk2auhbk9668ry
2026-09-09T11:58:02+00:00	dgx-spark-03	True	1	cmtpsaud71whj2auh0k27ynki
2026-09-09T11:58:02+00:00	dgx-spark-02	True	1	cmtsqj5lz5qd42auh8vvrfn03
2026-09-09T11:58:05+00:00	dgx-spark-04	True	1	cmtpeql4y1etk2auhbk9668ry
2026-09-09T11:58:05+00:00	dgx-spark-03	True	1	cmtpsaud71whj2auh0k27ynki
2026-09-09T11:58:05+00:00	dgx-spark-02	True	1	cmtsqj5lz5qd42auh8vvrfn03
2026-09-09T11:58:07+00:00	dgx-spark-04	True	1	cmtpeql4y1etk2auhbk9668ry
2026-09-09T11:58:07+00:00	dgx-spark-03	True	1	cmtpsaud71whj2auh0k27ynki
2026-09-09T11:58:07+00:00	dgx-spark-02	True	1	cmtsqj5lz5qd42auh8vvrfn03
2026-09-09T11:58:09+00:00	dgx-spark-04	True	1	cmtpeql4y1etk2auhbk9668ry
2026-09-09T11:58:09+00:00	dgx-spark-03	True	1	cmtpsaud71whj2auh0k27ynki
2026-09-09T11:58:09+00:00	dgx-spark-02	True	1	cmtsqj5lz5qd42auh8vvrfn03
2026-09-09T11:58:11+00:00	dgx-spark-04	True	1	cmtpeql4y1etk2auhbk9668ry
2026-09-09T11:58:11+00:00	dgx-spark-03	True	1	cmtpsaud71whj2auh0k27ynki
2026-09-09T11:58:11+00:00	dgx-spark-02	True	1	cmtsqj5lz5qd42auh8vvrfn03
2026-09-09T11:58:13+00:00	dgx-spark-04	True	1	cmtpeql4y1etk2auhbk9668ry
2026-09-09T11:58:13+00:00	dgx-spark-03	True	1	cmtpsaud71whj2auh0k27ynki
2026-09-09T11:58:13+00:00	dgx-spark-02	True	1	cmtsqj5lz5qd42auh8vvrfn03
2026-09-09T11:58:15+00:00	dgx-spark-04	True	1	cmtpeql4y1etk2auhbk9668ry
2026-09-09T11:58:15+00:00	dgx-spark-03	True	1	cmtpsaud71whj2auh0k27ynki
2026-09-09T11:58:15+00:00	dgx-spark-02	True	1	cmtsqj5lz5qd42auh8vvrfn03
2026-09-09T11:58:17+00:00	dgx-spark-04	True	1	cmtpeql4y1etk2auhbk9668ry
2026-09-09T11:58:17+00:00	dgx-spark-03	True	1	cmtpsaud71whj2auh0k27ynki
2026-09-09T11:58:17+00:00	dgx-spark-02	True	1	cmtsqj5lz5qd42auh8vvrfn03
2026-09-09T11:58:19+00:00	dgx-spark-04	True	1	cmtpeql4y1etk2auhbk9668ry
2026-09-09T11:58:19+00:00	dgx-spark-03	True	1	cmtpsaud71whj2auh0k27ynki
2026-09-09T11:58:19+00:00	dgx-spark-02	True	1	cmtsqj5lz5qd42auh8vvrfn03
2026-09-09T11:58:21+00:00	dgx-spark-04	True	1	cmtpeql4y1etk2auhbk9668ry
2026-09-09T11:58:21+00:00	dgx-spark-03	True	1	cmtpsaud71whj2auh0k27ynki
2026-09-09T11:58:21+00:00	dgx-spark-02	True	1	cmtsqj5lz5qd42auh8vvrfn03
2026-09-09T11:58:23+00:00	dgx-spark-04	True	1	cmtpeql4y1etk2auhbk9668ry
2026-09-09T11:58:23+00:00	dgx-spark-03	True	1	cmtpsaud71whj2auh0k27ynki
2026-09-09T11:58:23+00:00	dgx-spark-02	True	1	cmtsqj5lz5qd42auh8vvrfn03
2026-09-09T11:58:25+00:00	dgx-spark-04	True	1	cmtpeql4y1etk2auhbk9668ry
2026-09-09T11:58:25+00:00	dgx-spark-03	True	1	cmtpsaud71whj2auh0k27ynki
2026-09-09T11:58:25+00:00	dgx-spark-02	True	1	cmtsqj5lz5qd42auh8vvrfn03
2026-09-09T11:58:27+00:00	dgx-spark-04	True	1	cmtpeql4y1etk2auhbk9668ry
2026-09-09T11:58:27+00:00	dgx-spark-03	True	1	cmtpsaud71whj2auh0k27ynki
2026-09-09T11:58:27+00:00	dgx-spark-02	True	1	cmtsqj5lz5qd42auh8vvrfn03
2026-09-09T11:58:29+00:00	dgx-spark-04	True	1	cmtpeql4y1etk2auhbk9668ry
2026-09-09T11:58:29+00:00	dgx-spark-03	True	1	cmtpsaud71whj2auh0k27ynki
2026-09-09T11:58:29+00:00	dgx-spark-02	True	1	cmtsqj5lz5qd42auh8vvrfn03
2026-09-09T11:58:31+00:00	dgx-spark-04	True	1	cmtpeql4y1etk2auhbk9668ry
2026-09-09T11:58:31+00:00	dgx-spark-03	True	1	cmtpsaud71whj2auh0k27ynki
2026-09-09T11:58:31+00:00	dgx-spark-02	True	1	cmtsqj5lz5qd42auh8vvrfn03
2026-09-09T11:58:33+00:00	dgx-spark-04	True	1	cmtpeql4y1etk2auhbk9668ry
2026-09-09T11:58:33+00:00	dgx-spark-03	True	1	cmtpsaud71whj2auh0k27ynki
2026-09-09T11:58:33+00:00	dgx-spark-02	True	1	cmtsqj5lz5qd42auh8vvrfn03
2026-09-09T11:58:35+00:00	dgx-spark-04	True	0	cmtpeql4y1etk2auhbk9668ry
2026-09-09T11:58:35+00:00	dgx-spark-03	True	1	cmtpsaud71whj2auh0k27ynki
2026-09-09T11:58:35+00:00	dgx-spark-02	True	1	cmtsqj5lz5qd42auh8vvrfn03
2026-09-09T11:58:37+00:00	dgx-spark-04	True	1	cmtpeql4y1etk2auhbk9668ry
2026-09-09T11:58:37+00:00	dgx-spark-03	True	1	cmtpsaud71whj2auh0k27ynki
2026-09-09T11:58:37+00:00	dgx-spark-02	True	1	cmtsqj5lz5qd42auh8vvrfn03
2026-09-09T11:58:39+00:00	dgx-spark-04	True	1	cmtpeql4y1etk2auhbk9668ry
2026-09-09T11:58:39+00:00	dgx-spark-03	True	1	cmtpsaud71whj2auh0k27ynki
2026-09-09T11:58:39+00:00	dgx-spark-02	True	1	cmtsqj5lz5qd42auh8vvrfn03
2026-09-09T11:58:41+00:00	dgx-spark-04	True	1	cmtpeql4y1etk2auhbk9668ry
2026-09-09T11:58:41+00:00	dgx-spark-03	True	1	cmtpsaud71whj2auh0k27ynki
2026-09-09T11:58:41+00:00	dgx-spark-02	True	1	cmtsqj5lz5qd42auh8vvrfn03
2026-09-09T11:58:43+00:00	dgx-spark-04	True	1	cmtpeql4y1etk2auhbk9668ry
2026-09-09T11:58:43+00:00	dgx-spark-03	True	1	cmtpsaud71whj2auh0k27ynki
2026-09-09T11:58:43+00:00	dgx-spark-02	True	1	cmtsqj5lz5qd42auh8vvrfn03
2026-09-09T11:58:45+00:00	dgx-spark-04	True	1	cmtpeql4y1etk2auhbk9668ry
2026-09-09T11:58:45+00:00	dgx-spark-03	True	1	cmtpsaud71whj2auh0k27ynki
2026-09-09T11:58:45+00:00	dgx-spark-02	True	1	cmtsqj5lz5qd42auh8vvrfn03
2026-09-09T11:58:47+00:00	dgx-spark-04	True	1	cmtpeql4y1etk2auhbk9668ry
2026-09-09T11:58:47+00:00	dgx-spark-03	True	1	cmtpsaud71whj2auh0k27ynki
2026-09-09T11:58:47+00:00	dgx-spark-02	True	1	cmtsqj5lz5qd42auh8vvrfn03
2026-09-09T11:58:49+00:00	dgx-spark-04	True	1	cmtpeql4y1etk2auhbk9668ry
2026-09-09T11:58:49+00:00	dgx-spark-03	True	1	cmtpsaud71whj2auh0k27ynki
2026-09-09T11:58:49+00:00	dgx-spark-02	True	1	cmtsqj5lz5qd42auh8vvrfn03
2026-09-09T11:58:51+00:00	dgx-spark-04	True	1	cmtpeql4y1etk2auhbk9668ry
2026-09-09T11:58:51+00:00	dgx-spark-03	True	1	cmtpsaud71whj2auh0k27ynki
2026-09-09T11:58:51+00:00	dgx-spark-02	True	1	cmtsqj5lz5qd42auh8vvrfn03
2026-09-09T11:58:53+00:00	dgx-spark-04	True	1	cmtpeql4y1etk2auhbk9668ry
2026-09-09T11:58:53+00:00	dgx-spark-03	True	1	cmtpsaud71whj2auh0k27ynki
2026-09-09T11:58:53+00:00	dgx-spark-02	True	1	cmtsqj5lz5qd42auh8vvrfn03
2026-09-09T11:58:55+00:00	dgx-spark-04	True	1	cmtpeql4y1etk2auhbk9668ry
2026-09-09T11:58:55+00:00	dgx-spark-03	True	1	cmtpsaud71whj2auh0k27ynki
2026-09-09T11:58:55+00:00	dgx-spark-02	True	1	cmtsqj5lz5qd42auh8vvrfn03
2026-09-09T11:58:57+00:00	dgx-spark-04	True	1	cmtpeql4y1etk2auhbk9668ry
2026-09-09T11:58:57+00:00	dgx-spark-03	True	1	cmtpsaud71whj2auh0k27ynki
2026-09-09T11:58:57+00:00	dgx-spark-02	True	1	cmtsqj5lz5qd42auh8vvrfn03
2026-09-09T11:58:59+00:00	dgx-spark-04	True	1	cmtpeql4y1etk2auhbk9668ry
2026-09-09T11:58:59+00:00	dgx-spark-03	True	1	cmtpsaud71whj2auh0k27ynki
2026-09-09T11:58:59+00:00	dgx-spark-02	True	1	cmtsqj5lz5qd42auh8vvrfn03
2026-09-09T11:59:01+00:00	dgx-spark-04	True	1	cmtpeql4y1etk2auhbk9668ry
2026-09-09T11:59:01+00:00	dgx-spark-03	True	1	cmtpsaud71whj2auh0k27ynki
2026-09-09T11:59:01+00:00	dgx-spark-02	True	1	cmtsqj5lz5qd42auh8vvrfn03
2026-09-09T11:59:03+00:00	dgx-spark-04	True	1	cmtpeql4y1etk2auhbk9668ry
2026-09-09T11:59:03+00:00	dgx-spark-03	True	1	cmtpsaud71whj2auh0k27ynki
2026-09-09T11:59:03+00:00	dgx-spark-02	True	1	cmtsqj5lz5qd42auh8vvrfn03
2026-09-09T11:59:05+00:00	dgx-spark-04	True	1	cmtpeql4y1etk2auhbk9668ry
2026-09-09T11:59:05+00:00	dgx-spark-03	True	1	cmtpsaud71whj2auh0k27ynki
2026-09-09T11:59:05+00:00	dgx-spark-02	True	1	cmtsqj5lz5qd42auh8vvrfn03
2026-09-09T11:59:07+00:00	dgx-spark-04	True	1	cmtpeql4y1etk2auhbk9668ry
2026-09-09T11:59:07+00:00	dgx-spark-03	True	1	cmtpsaud71whj2auh0k27ynki
2026-09-09T11:59:07+00:00	dgx-spark-02	True	1	cmtsqj5lz5qd42auh8vvrfn03
2026-09-09T11:59:09+00:00	dgx-spark-04	True	1	cmtpeql4y1etk2auhbk9668ry
2026-09-09T11:59:09+00:00	dgx-spark-03	True	1	cmtpsaud71whj2auh0k27ynki
2026-09-09T11:59:09+00:00	dgx-spark-02	True	1	cmtsqj5lz5qd42auh8vvrfn03
2026-09-09T11:59:11+00:00	dgx-spark-04	True	1	cmtpeql4y1etk2auhbk9668ry
2026-09-09T11:59:11+00:00	dgx-spark-03	True	1	cmtpsaud71whj2auh0k27ynki
2026-09-09T11:59:11+00:00	dgx-spark-02	True	1	cmtsqj5lz5qd42auh8vvrfn03
2026-09-09T11:59:13+00:00	dgx-spark-04	True	1	cmtpeql4y1etk2auhbk9668ry
2026-09-09T11:59:13+00:00	dgx-spark-03	True	1	cmtpsaud71whj2auh0k27ynki
2026-09-09T11:59:13+00:00	dgx-spark-02	True	1	cmtsqj5lz5qd42auh8vvrfn03
2026-09-09T11:59:15+00:00	dgx-spark-04	True	1	cmtpeql4y1etk2auhbk9668ry
2026-09-09T11:59:15+00:00	dgx-spark-03	True	1	cmtpsaud71whj2auh0k27ynki
2026-09-09T11:59:15+00:00	dgx-spark-02	True	1	cmtsqj5lz5qd42auh8vvrfn03
2026-09-09T11:59:17+00:00	dgx-spark-04	True	1	cmtpeql4y1etk2auhbk9668ry
2026-09-09T11:59:17+00:00	dgx-spark-03	True	1	cmtpsaud71whj2auh0k27ynki
2026-09-09T11:59:17+00:00	dgx-spark-02	True	1	cmtsqj5lz5qd42auh8vvrfn03
2026-09-09T11:59:19+00:00	dgx-spark-04	True	1	cmtpeql4y1etk2auhbk9668ry
2026-09-09T11:59:19+00:00	dgx-spark-03	True	1	cmtpsaud71whj2auh0k27ynki
2026-09-09T11:59:19+00:00	dgx-spark-02	True	1	cmtsqj5lz5qd42auh8vvrfn03
2026-09-09T11:59:21+00:00	dgx-spark-04	True	1	cmtpeql4y1etk2auhbk9668ry
2026-09-09T11:59:21+00:00	dgx-spark-03	True	1	cmtpsaud71whj2auh0k27ynki
2026-09-09T11:59:21+00:00	dgx-spark-02	True	1	cmtsqj5lz5qd42auh8vvrfn03
2026-09-09T11:59:23+00:00	dgx-spark-04	True	1	cmtpeql4y1etk2auhbk9668ry
2026-09-09T11:59:23+00:00	dgx-spark-03	True	1	cmtpsaud71whj2auh0k27ynki
2026-09-09T11:59:23+00:00	dgx-spark-02	True	1	cmtsqj5lz5qd42auh8vvrfn03
2026-09-09T11:59:25+00:00	dgx-spark-04	True	1	cmtpeql4y1etk2auhbk9668ry
2026-09-09T11:59:25+00:00	dgx-spark-03	True	1	cmtpsaud71whj2auh0k27ynki
2026-09-09T11:59:25+00:00	dgx-spark-02	True	1	cmtsqj5lz5qd42auh8vvrfn03
2026-09-09T11:59:27+00:00	dgx-spark-04	True	1	cmtpeql4y1etk2auhbk9668ry
2026-09-09T11:59:27+00:00	dgx-spark-03	True	1	cmtpsaud71whj2auh0k27ynki
2026-09-09T11:59:27+00:00	dgx-spark-02	True	1	cmtsqj5lz5qd42auh8vvrfn03
2026-09-09T11:59:29+00:00	dgx-spark-04	True	1	cmtpeql4y1etk2auhbk9668ry
2026-09-09T11:59:29+00:00	dgx-spark-03	True	1	cmtpsaud71whj2auh0k27ynki
2026-09-09T11:59:29+00:00	dgx-spark-02	True	1	cmtsqj5lz5qd42auh8vvrfn03
2026-09-09T11:59:31+00:00	dgx-spark-04	True	1	cmtpeql4y1etk2auhbk9668ry
2026-09-09T11:59:31+00:00	dgx-spark-03	True	1	cmtpsaud71whj2auh0k27ynki
2026-09-09T11:59:31+00:00	dgx-spark-02	True	1	cmtsqj5lz5qd42auh8vvrfn03
2026-09-09T11:59:33+00:00	dgx-spark-04	True	1	cmtpeql4y1etk2auhbk9668ry
2026-09-09T11:59:33+00:00	dgx-spark-03	True	1	cmtpsaud71whj2auh0k27ynki
2026-09-09T11:59:33+00:00	dgx-spark-02	True	1	cmtsqj5lz5qd42auh8vvrfn03
2026-09-09T11:59:35+00:00	dgx-spark-04	True	1	cmtpeql4y1etk2auhbk9668ry
2026-09-09T11:59:35+00:00	dgx-spark-03	True	1	cmtpsaud71whj2auh0k27ynki
2026-09-09T11:59:35+00:00	dgx-spark-02	True	1	cmtsqj5lz5qd42auh8vvrfn03
2026-09-09T11:59:37+00:00	dgx-spark-04	True	1	cmtpeql4y1etk2auhbk9668ry
2026-09-09T11:59:37+00:00	dgx-spark-03	True	1	cmtpsaud71whj2auh0k27ynki
2026-09-09T11:59:37+00:00	dgx-spark-02	True	1	cmtsqj5lz5qd42auh8vvrfn03
2026-09-09T11:59:39+00:00	dgx-spark-04	True	1	cmtpeql4y1etk2auhbk9668ry
2026-09-09T11:59:39+00:00	dgx-spark-03	True	1	cmtpsaud71whj2auh0k27ynki
2026-09-09T11:59:39+00:00	dgx-spark-02	True	1	cmtsqj5lz5qd42auh8vvrfn03
2026-09-09T11:59:42+00:00	dgx-spark-04	True	1	cmtpeql4y1etk2auhbk9668ry
2026-09-09T11:59:42+00:00	dgx-spark-03	True	1	cmtpsaud71whj2auh0k27ynki
2026-09-09T11:59:42+00:00	dgx-spark-02	True	1	cmtsqj5lz5qd42auh8vvrfn03
2026-09-09T11:59:44+00:00	dgx-spark-04	True	1	cmtpeql4y1etk2auhbk9668ry
2026-09-09T11:59:44+00:00	dgx-spark-03	True	1	cmtpsaud71whj2auh0k27ynki
2026-09-09T11:59:44+00:00	dgx-spark-02	True	1	cmtsqj5lz5qd42auh8vvrfn03
2026-09-09T11:59:46+00:00	dgx-spark-04	True	1	cmtpeql4y1etk2auhbk9668ry
2026-09-09T11:59:46+00:00	dgx-spark-03	True	1	cmtpsaud71whj2auh0k27ynki
2026-09-09T11:59:46+00:00	dgx-spark-02	True	1	cmtsqj5lz5qd42auh8vvrfn03
2026-09-09T11:59:48+00:00	dgx-spark-04	True	1	cmtpeql4y1etk2auhbk9668ry
2026-09-09T11:59:48+00:00	dgx-spark-03	True	1	cmtpsaud71whj2auh0k27ynki
2026-09-09T11:59:48+00:00	dgx-spark-02	True	1	cmtsqj5lz5qd42auh8vvrfn03
2026-09-09T11:59:50+00:00	dgx-spark-04	True	1	cmtpeql4y1etk2auhbk9668ry
2026-09-09T11:59:50+00:00	dgx-spark-03	True	1	cmtpsaud71whj2auh0k27ynki
2026-09-09T11:59:50+00:00	dgx-spark-02	True	1	cmtsqj5lz5qd42auh8vvrfn03
2026-09-09T11:59:52+00:00	dgx-spark-04	True	1	cmtpeql4y1etk2auhbk9668ry
2026-09-09T11:59:52+00:00	dgx-spark-03	True	1	cmtpsaud71whj2auh0k27ynki
2026-09-09T11:59:52+00:00	dgx-spark-02	True	1	cmtsqj5lz5qd42auh8vvrfn03
2026-09-09T11:59:54+00:00	dgx-spark-04	True	1	cmtpeql4y1etk2auhbk9668ry
2026-09-09T11:59:54+00:00	dgx-spark-03	True	1	cmtpsaud71whj2auh0k27ynki
2026-09-09T11:59:54+00:00	dgx-spark-02	True	1	cmtsqj5lz5qd42auh8vvrfn03
2026-09-09T11:59:56+00:00	dgx-spark-04	True	1	cmtpeql4y1etk2auhbk9668ry
2026-09-09T11:59:56+00:00	dgx-spark-03	True	1	cmtpsaud71whj2auh0k27ynki
2026-09-09T11:59:56+00:00	dgx-spark-02	True	1	cmtsqj5lz5qd42auh8vvrfn03
2026-09-09T11:59:58+00:00	dgx-spark-04	True	1	cmtpeql4y1etk2auhbk9668ry
2026-09-09T11:59:58+00:00	dgx-spark-03	True	1	cmtpsaud71whj2auh0k27ynki
2026-09-09T11:59:58+00:00	dgx-spark-02	True	1	cmtsqj5lz5qd42auh8vvrfn03
2026-09-09T12:00:00+00:00	dgx-spark-04	True	1	cmtpeql4y1etk2auhbk9668ry
2026-09-09T12:00:00+00:00	dgx-spark-03	True	1	cmtpsaud71whj2auh0k27ynki
2026-09-09T12:00:00+00:00	dgx-spark-02	True	1	cmtsqj5lz5qd42auh8vvrfn03
2026-09-09T12:00:02+00:00	dgx-spark-04	True	1	cmtpeql4y1etk2auhbk9668ry
2026-09-09T12:00:02+00:00	dgx-spark-03	True	1	cmtpsaud71whj2auh0k27ynki
2026-09-09T12:00:02+00:00	dgx-spark-02	True	1	cmtsqj5lz5qd42auh8vvrfn03
2026-09-09T12:00:04+00:00	dgx-spark-04	True	1	cmtpeql4y1etk2auhbk9668ry
2026-09-09T12:00:04+00:00	dgx-spark-03	True	1	cmtpsaud71whj2auh0k27ynki
2026-09-09T12:00:04+00:00	dgx-spark-02	True	1	cmtsqj5lz5qd42auh8vvrfn03
2026-09-09T12:00:06+00:00	dgx-spark-04	True	1	cmtpeql4y1etk2auhbk9668ry
2026-09-09T12:00:06+00:00	dgx-spark-03	True	1	cmtpsaud71whj2auh0k27ynki
2026-09-09T12:00:06+00:00	dgx-spark-02	True	1	cmtsqj5lz5qd42auh8vvrfn03
2026-09-09T12:00:08+00:00	dgx-spark-04	True	1	cmtpeql4y1etk2auhbk9668ry
2026-09-09T12:00:08+00:00	dgx-spark-03	True	1	cmtpsaud71whj2auh0k27ynki
2026-09-09T12:00:08+00:00	dgx-spark-02	True	0	cmtsqj5lz5qd42auh8vvrfn03
2026-09-09T12:00:10+00:00	dgx-spark-04	True	1	cmtpeql4y1etk2auhbk9668ry
2026-09-09T12:00:10+00:00	dgx-spark-03	True	1	cmtpsaud71whj2auh0k27ynki
2026-09-09T12:00:10+00:00	dgx-spark-02	True	1	cmtsqj5lz5qd42auh8vvrfn03
2026-09-09T12:00:12+00:00	dgx-spark-04	True	1	cmtpeql4y1etk2auhbk9668ry
2026-09-09T12:00:12+00:00	dgx-spark-03	True	1	cmtpsaud71whj2auh0k27ynki
2026-09-09T12:00:12+00:00	dgx-spark-02	True	1	cmtsqj5lz5qd42auh8vvrfn03
2026-09-09T12:00:14+00:00	dgx-spark-04	True	1	cmtpeql4y1etk2auhbk9668ry
2026-09-09T12:00:14+00:00	dgx-spark-03	True	1	cmtpsaud71whj2auh0k27ynki
2026-09-09T12:00:14+00:00	dgx-spark-02	True	1	cmtsqj5lz5qd42auh8vvrfn03
2026-09-09T12:00:16+00:00	dgx-spark-04	True	1	cmtpeql4y1etk2auhbk9668ry
2026-09-09T12:00:16+00:00	dgx-spark-03	True	1	cmtpsaud71whj2auh0k27ynki
2026-09-09T12:00:16+00:00	dgx-spark-02	True	1	cmtsqj5lz5qd42auh8vvrfn03
2026-09-09T12:00:18+00:00	dgx-spark-04	True	1	cmtpeql4y1etk2auhbk9668ry
2026-09-09T12:00:18+00:00	dgx-spark-03	True	1	cmtpsaud71whj2auh0k27ynki
2026-09-09T12:00:18+00:00	dgx-spark-02	True	1	cmtsqj5lz5qd42auh8vvrfn03
2026-09-09T12:00:20+00:00	dgx-spark-04	True	1	cmtpeql4y1etk2auhbk9668ry
2026-09-09T12:00:20+00:00	dgx-spark-03	True	1	cmtpsaud71whj2auh0k27ynki
2026-09-09T12:00:20+00:00	dgx-spark-02	True	1	cmtsqj5lz5qd42auh8vvrfn03
2026-09-09T12:00:22+00:00	dgx-spark-04	True	1	cmtpeql4y1etk2auhbk9668ry
2026-09-09T12:00:22+00:00	dgx-spark-03	True	1	cmtpsaud71whj2auh0k27ynki
2026-09-09T12:00:22+00:00	dgx-spark-02	True	1	cmtsqj5lz5qd42auh8vvrfn03
2026-09-09T12:00:24+00:00	dgx-spark-04	True	1	cmtpeql4y1etk2auhbk9668ry
2026-09-09T12:00:24+00:00	dgx-spark-03	True	1	cmtpsaud71whj2auh0k27ynki
2026-09-09T12:00:24+00:00	dgx-spark-02	True	1	cmtsqj5lz5qd42auh8vvrfn03
2026-09-09T12:00:26+00:00	dgx-spark-04	True	1	cmtpeql4y1etk2auhbk9668ry
2026-09-09T12:00:26+00:00	dgx-spark-03	True	1	cmtpsaud71whj2auh0k27ynki
2026-09-09T12:00:26+00:00	dgx-spark-02	True	1	cmtsqj5lz5qd42auh8vvrfn03
2026-09-09T12:00:28+00:00	dgx-spark-04	True	1	cmtpeql4y1etk2auhbk9668ry
2026-09-09T12:00:28+00:00	dgx-spark-03	True	1	cmtpsaud71whj2auh0k27ynki
2026-09-09T12:00:28+00:00	dgx-spark-02	True	1	cmtsqj5lz5qd42auh8vvrfn03
2026-09-09T12:00:30+00:00	dgx-spark-04	True	1	cmtpeql4y1etk2auhbk9668ry
2026-09-09T12:00:30+00:00	dgx-spark-03	True	1	cmtpsaud71whj2auh0k27ynki
2026-09-09T12:00:30+00:00	dgx-spark-02	True	1	cmtsqj5lz5qd42auh8vvrfn03
2026-09-09T12:00:32+00:00	dgx-spark-04	True	1	cmtpeql4y1etk2auhbk9668ry
2026-09-09T12:00:32+00:00	dgx-spark-03	True	1	cmtpsaud71whj2auh0k27ynki
2026-09-09T12:00:32+00:00	dgx-spark-02	True	0	cmtsqj5lz5qd42auh8vvrfn03
2026-09-09T12:00:34+00:00	dgx-spark-04	True	1	cmtpeql4y1etk2auhbk9668ry
2026-09-09T12:00:34+00:00	dgx-spark-03	True	1	cmtpsaud71whj2auh0k27ynki
2026-09-09T12:00:34+00:00	dgx-spark-02	True	1	cmtsqj5lz5qd42auh8vvrfn03
2026-09-09T12:00:36+00:00	dgx-spark-04	True	1	cmtpeql4y1etk2auhbk9668ry
2026-09-09T12:00:36+00:00	dgx-spark-03	True	1	cmtpsaud71whj2auh0k27ynki
2026-09-09T12:00:36+00:00	dgx-spark-02	True	1	cmtsqj5lz5qd42auh8vvrfn03
2026-09-09T12:00:38+00:00	dgx-spark-04	True	1	cmtpeql4y1etk2auhbk9668ry
2026-09-09T12:00:38+00:00	dgx-spark-03	True	1	cmtpsaud71whj2auh0k27ynki
2026-09-09T12:00:38+00:00	dgx-spark-02	True	1	cmtsqj5lz5qd42auh8vvrfn03
2026-09-09T12:00:40+00:00	dgx-spark-04	True	1	cmtpeql4y1etk2auhbk9668ry
2026-09-09T12:00:40+00:00	dgx-spark-03	True	1	cmtpsaud71whj2auh0k27ynki
2026-09-09T12:00:40+00:00	dgx-spark-02	True	1	cmtsqj5lz5qd42auh8vvrfn03
2026-09-09T12:00:42+00:00	dgx-spark-04	True	1	cmtpeql4y1etk2auhbk9668ry
2026-09-09T12:00:42+00:00	dgx-spark-03	True	1	cmtpsaud71whj2auh0k27ynki
2026-09-09T12:00:42+00:00	dgx-spark-02	True	1	cmtsqj5lz5qd42auh8vvrfn03
2026-09-09T12:00:44+00:00	dgx-spark-04	True	1	cmtpeql4y1etk2auhbk9668ry
2026-09-09T12:00:44+00:00	dgx-spark-03	True	1	cmtpsaud71whj2auh0k27ynki
2026-09-09T12:00:44+00:00	dgx-spark-02	True	1	cmtsqj5lz5qd42auh8vvrfn03
2026-09-09T12:00:46+00:00	dgx-spark-04	True	1	cmtpeql4y1etk2auhbk9668ry
2026-09-09T12:00:46+00:00	dgx-spark-03	True	1	cmtpsaud71whj2auh0k27ynki
2026-09-09T12:00:46+00:00	dgx-spark-02	True	1	cmtsqj5lz5qd42auh8vvrfn03
2026-09-09T12:00:48+00:00	dgx-spark-04	True	1	cmtpeql4y1etk2auhbk9668ry
2026-09-09T12:00:48+00:00	dgx-spark-03	True	1	cmtpsaud71whj2auh0k27ynki
2026-09-09T12:00:48+00:00	dgx-spark-02	True	1	cmtsqj5lz5qd42auh8vvrfn03
2026-09-09T12:00:50+00:00	dgx-spark-04	True	1	cmtpeql4y1etk2auhbk9668ry
2026-09-09T12:00:50+00:00	dgx-spark-03	True	1	cmtpsaud71whj2auh0k27ynki
2026-09-09T12:00:50+00:00	dgx-spark-02	True	1	cmtsqj5lz5qd42auh8vvrfn03
2026-09-09T12:00:52+00:00	dgx-spark-04	True	1	cmtpeql4y1etk2auhbk9668ry
2026-09-09T12:00:52+00:00	dgx-spark-03	True	1	cmtpsaud71whj2auh0k27ynki
2026-09-09T12:00:52+00:00	dgx-spark-02	True	0	cmtsqj5lz5qd42auh8vvrfn03
2026-09-09T12:00:54+00:00	dgx-spark-04	True	1	cmtpeql4y1etk2auhbk9668ry
2026-09-09T12:00:54+00:00	dgx-spark-03	True	1	cmtpsaud71whj2auh0k27ynki
2026-09-09T12:00:54+00:00	dgx-spark-02	True	1	cmtsqj5lz5qd42auh8vvrfn03
2026-09-09T12:00:56+00:00	dgx-spark-04	True	1	cmtpeql4y1etk2auhbk9668ry
2026-09-09T12:00:56+00:00	dgx-spark-03	True	1	cmtpsaud71whj2auh0k27ynki
2026-09-09T12:00:56+00:00	dgx-spark-02	True	1	cmtsqj5lz5qd42auh8vvrfn03
2026-09-09T12:00:58+00:00	dgx-spark-04	True	1	cmtpeql4y1etk2auhbk9668ry
2026-09-09T12:00:58+00:00	dgx-spark-03	True	1	cmtpsaud71whj2auh0k27ynki
2026-09-09T12:00:58+00:00	dgx-spark-02	True	1	cmtsqj5lz5qd42auh8vvrfn03
2026-09-09T12:01:00+00:00	dgx-spark-04	True	1	cmtpeql4y1etk2auhbk9668ry
2026-09-09T12:01:00+00:00	dgx-spark-03	True	1	cmtpsaud71whj2auh0k27ynki
2026-09-09T12:01:00+00:00	dgx-spark-02	True	1	cmtsqj5lz5qd42auh8vvrfn03
2026-09-09T12:01:02+00:00	dgx-spark-04	True	1	cmtpeql4y1etk2auhbk9668ry
2026-09-09T12:01:02+00:00	dgx-spark-03	True	1	cmtpsaud71whj2auh0k27ynki
2026-09-09T12:01:02+00:00	dgx-spark-02	True	1	cmtsqj5lz5qd42auh8vvrfn03
2026-09-09T12:01:04+00:00	dgx-spark-04	True	1	cmtpeql4y1etk2auhbk9668ry
2026-09-09T12:01:04+00:00	dgx-spark-03	True	1	cmtpsaud71whj2auh0k27ynki
2026-09-09T12:01:04+00:00	dgx-spark-02	True	1	cmtsqj5lz5qd42auh8vvrfn03
2026-09-09T12:01:07+00:00	dgx-spark-04	True	1	cmtpeql4y1etk2auhbk9668ry
2026-09-09T12:01:07+00:00	dgx-spark-03	True	1	cmtpsaud71whj2auh0k27ynki
2026-09-09T12:01:07+00:00	dgx-spark-02	True	1	cmtsqj5lz5qd42auh8vvrfn03
2026-09-09T12:01:09+00:00	dgx-spark-04	True	1	cmtpeql4y1etk2auhbk9668ry
2026-09-09T12:01:09+00:00	dgx-spark-03	True	1	cmtpsaud71whj2auh0k27ynki
2026-09-09T12:01:09+00:00	dgx-spark-02	True	1	cmtsqj5lz5qd42auh8vvrfn03
2026-09-09T12:01:11+00:00	dgx-spark-04	True	1	cmtpeql4y1etk2auhbk9668ry
2026-09-09T12:01:11+00:00	dgx-spark-03	True	1	cmtpsaud71whj2auh0k27ynki
2026-09-09T12:01:11+00:00	dgx-spark-02	True	1	cmtsqj5lz5qd42auh8vvrfn03
2026-09-09T12:01:13+00:00	dgx-spark-04	True	1	cmtpeql4y1etk2auhbk9668ry
2026-09-09T12:01:13+00:00	dgx-spark-03	True	1	cmtpsaud71whj2auh0k27ynki
2026-09-09T12:01:13+00:00	dgx-spark-02	True	1	cmtsqj5lz5qd42auh8vvrfn03
2026-09-09T12:01:15+00:00	dgx-spark-04	True	1	cmtpeql4y1etk2auhbk9668ry
2026-09-09T12:01:15+00:00	dgx-spark-03	True	1	cmtpsaud71whj2auh0k27ynki
2026-09-09T12:01:15+00:00	dgx-spark-02	True	1	cmtsqj5lz5qd42auh8vvrfn03
2026-09-09T12:01:17+00:00	dgx-spark-04	True	1	cmtpeql4y1etk2auhbk9668ry
2026-09-09T12:01:17+00:00	dgx-spark-03	True	1	cmtpsaud71whj2auh0k27ynki
2026-09-09T12:01:17+00:00	dgx-spark-02	True	1	cmtsqj5lz5qd42auh8vvrfn03
2026-09-09T12:01:19+00:00	dgx-spark-04	True	1	cmtpeql4y1etk2auhbk9668ry
2026-09-09T12:01:19+00:00	dgx-spark-03	True	1	cmtpsaud71whj2auh0k27ynki
2026-09-09T12:01:19+00:00	dgx-spark-02	True	1	cmtsqj5lz5qd42auh8vvrfn03
2026-09-09T12:01:21+00:00	dgx-spark-04	True	1	cmtpeql4y1etk2auhbk9668ry
2026-09-09T12:01:21+00:00	dgx-spark-03	True	1	cmtpsaud71whj2auh0k27ynki
2026-09-09T12:01:21+00:00	dgx-spark-02	True	1	cmtsqj5lz5qd42auh8vvrfn03
2026-09-09T12:01:23+00:00	dgx-spark-04	True	1	cmtpeql4y1etk2auhbk9668ry
2026-09-09T12:01:23+00:00	dgx-spark-03	True	1	cmtpsaud71whj2auh0k27ynki
2026-09-09T12:01:23+00:00	dgx-spark-02	True	1	cmtsqj5lz5qd42auh8vvrfn03
2026-09-09T12:01:25+00:00	dgx-spark-04	True	1	cmtpeql4y1etk2auhbk9668ry
2026-09-09T12:01:25+00:00	dgx-spark-03	True	1	cmtpsaud71whj2auh0k27ynki
2026-09-09T12:01:25+00:00	dgx-spark-02	True	1	cmtsqj5lz5qd42auh8vvrfn03
2026-09-09T12:01:27+00:00	dgx-spark-04	True	1	cmtpeql4y1etk2auhbk9668ry
2026-09-09T12:01:27+00:00	dgx-spark-03	True	1	cmtpsaud71whj2auh0k27ynki
2026-09-09T12:01:27+00:00	dgx-spark-02	True	1	cmtsqj5lz5qd42auh8vvrfn03
2026-09-09T12:01:29+00:00	dgx-spark-04	True	1	cmtpeql4y1etk2auhbk9668ry
2026-09-09T12:01:29+00:00	dgx-spark-03	True	1	cmtpsaud71whj2auh0k27ynki
2026-09-09T12:01:29+00:00	dgx-spark-02	True	1	cmtsqj5lz5qd42auh8vvrfn03
2026-09-09T12:01:31+00:00	dgx-spark-04	True	1	cmtpeql4y1etk2auhbk9668ry
2026-09-09T12:01:31+00:00	dgx-spark-03	True	1	cmtpsaud71whj2auh0k27ynki
2026-09-09T12:01:31+00:00	dgx-spark-02	True	1	cmtsqj5lz5qd42auh8vvrfn03
2026-09-09T12:01:33+00:00	dgx-spark-04	True	1	cmtpeql4y1etk2auhbk9668ry
2026-09-09T12:01:33+00:00	dgx-spark-03	True	1	cmtpsaud71whj2auh0k27ynki
2026-09-09T12:01:33+00:00	dgx-spark-02	True	1	cmtsqj5lz5qd42auh8vvrfn03
2026-09-09T12:01:35+00:00	dgx-spark-04	True	1	cmtpeql4y1etk2auhbk9668ry
2026-09-09T12:01:35+00:00	dgx-spark-03	True	1	cmtpsaud71whj2auh0k27ynki
2026-09-09T12:01:35+00:00	dgx-spark-02	True	1	cmtsqj5lz5qd42auh8vvrfn03
2026-09-09T12:01:37+00:00	dgx-spark-04	True	1	cmtpeql4y1etk2auhbk9668ry
2026-09-09T12:01:37+00:00	dgx-spark-03	True	1	cmtpsaud71whj2auh0k27ynki
2026-09-09T12:01:37+00:00	dgx-spark-02	True	1	cmtsqj5lz5qd42auh8vvrfn03
2026-09-09T12:01:39+00:00	dgx-spark-04	True	1	cmtpeql4y1etk2auhbk9668ry
2026-09-09T12:01:39+00:00	dgx-spark-03	True	1	cmtpsaud71whj2auh0k27ynki
2026-09-09T12:01:39+00:00	dgx-spark-02	True	1	cmtsqj5lz5qd42auh8vvrfn03
2026-09-09T12:01:41+00:00	dgx-spark-04	True	1	cmtpeql4y1etk2auhbk9668ry
2026-09-09T12:01:41+00:00	dgx-spark-03	True	1	cmtpsaud71whj2auh0k27ynki
2026-09-09T12:01:41+00:00	dgx-spark-02	True	1	cmtsqj5lz5qd42auh8vvrfn03
2026-09-09T12:01:43+00:00	dgx-spark-04	True	1	cmtpeql4y1etk2auhbk9668ry
2026-09-09T12:01:43+00:00	dgx-spark-03	True	1	cmtpsaud71whj2auh0k27ynki
2026-09-09T12:01:43+00:00	dgx-spark-02	True	1	cmtsqj5lz5qd42auh8vvrfn03
2026-09-09T12:01:45+00:00	dgx-spark-04	True	1	cmtpeql4y1etk2auhbk9668ry
2026-09-09T12:01:45+00:00	dgx-spark-03	True	1	cmtpsaud71whj2auh0k27ynki
2026-09-09T12:01:45+00:00	dgx-spark-02	True	1	cmtsqj5lz5qd42auh8vvrfn03
2026-09-09T12:01:47+00:00	dgx-spark-04	True	1	cmtpeql4y1etk2auhbk9668ry
2026-09-09T12:01:47+00:00	dgx-spark-03	True	1	cmtpsaud71whj2auh0k27ynki
2026-09-09T12:01:47+00:00	dgx-spark-02	True	1	cmtsqj5lz5qd42auh8vvrfn03
2026-09-09T12:01:49+00:00	dgx-spark-04	True	1	cmtpeql4y1etk2auhbk9668ry
2026-09-09T12:01:49+00:00	dgx-spark-03	True	1	cmtpsaud71whj2auh0k27ynki
2026-09-09T12:01:49+00:00	dgx-spark-02	True	1	cmtsqj5lz5qd42auh8vvrfn03
2026-09-09T12:01:51+00:00	dgx-spark-04	True	1	cmtpeql4y1etk2auhbk9668ry
2026-09-09T12:01:51+00:00	dgx-spark-03	True	1	cmtpsaud71whj2auh0k27ynki
2026-09-09T12:01:51+00:00	dgx-spark-02	True	1	cmtsqj5lz5qd42auh8vvrfn03
2026-09-09T12:01:53+00:00	dgx-spark-04	True	1	cmtpeql4y1etk2auhbk9668ry
2026-09-09T12:01:53+00:00	dgx-spark-03	True	1	cmtpsaud71whj2auh0k27ynki
2026-09-09T12:01:53+00:00	dgx-spark-02	True	1	cmtsqj5lz5qd42auh8vvrfn03
2026-09-09T12:01:55+00:00	dgx-spark-04	True	1	cmtpeql4y1etk2auhbk9668ry
2026-09-09T12:01:55+00:00	dgx-spark-03	True	1	cmtpsaud71whj2auh0k27ynki
2026-09-09T12:01:55+00:00	dgx-spark-02	True	1	cmtsqj5lz5qd42auh8vvrfn03
2026-09-09T12:01:57+00:00	dgx-spark-04	True	1	cmtpeql4y1etk2auhbk9668ry
2026-09-09T12:01:57+00:00	dgx-spark-03	True	1	cmtpsaud71whj2auh0k27ynki
2026-09-09T12:01:57+00:00	dgx-spark-02	True	1	cmtsqj5lz5qd42auh8vvrfn03
2026-09-09T12:01:59+00:00	dgx-spark-04	True	1	cmtpeql4y1etk2auhbk9668ry
2026-09-09T12:01:59+00:00	dgx-spark-03	True	1	cmtpsaud71whj2auh0k27ynki
2026-09-09T12:01:59+00:00	dgx-spark-02	True	1	cmtsqj5lz5qd42auh8vvrfn03
2026-09-09T12:02:01+00:00	dgx-spark-04	True	1	cmtpeql4y1etk2auhbk9668ry
2026-09-09T12:02:01+00:00	dgx-spark-03	True	1	cmtpsaud71whj2auh0k27ynki
2026-09-09T12:02:01+00:00	dgx-spark-02	True	1	cmtsqj5lz5qd42auh8vvrfn03
2026-09-09T12:02:03+00:00	dgx-spark-04	True	1	cmtpeql4y1etk2auhbk9668ry
2026-09-09T12:02:03+00:00	dgx-spark-03	True	1	cmtpsaud71whj2auh0k27ynki
2026-09-09T12:02:03+00:00	dgx-spark-02	True	1	cmtsqj5lz5qd42auh8vvrfn03
2026-09-09T12:02:05+00:00	dgx-spark-04	True	1	cmtpeql4y1etk2auhbk9668ry
2026-09-09T12:02:05+00:00	dgx-spark-03	True	1	cmtpsaud71whj2auh0k27ynki
2026-09-09T12:02:05+00:00	dgx-spark-02	True	1	cmtsqj5lz5qd42auh8vvrfn03
2026-09-09T12:02:07+00:00	dgx-spark-04	True	1	cmtpeql4y1etk2auhbk9668ry
2026-09-09T12:02:07+00:00	dgx-spark-03	True	1	cmtpsaud71whj2auh0k27ynki
2026-09-09T12:02:07+00:00	dgx-spark-02	True	1	cmtsqj5lz5qd42auh8vvrfn03
2026-09-09T12:02:09+00:00	dgx-spark-04	True	1	cmtpeql4y1etk2auhbk9668ry
2026-09-09T12:02:09+00:00	dgx-spark-03	True	1	cmtpsaud71whj2auh0k27ynki
2026-09-09T12:02:09+00:00	dgx-spark-02	True	1	cmtsqj5lz5qd42auh8vvrfn03
2026-09-09T12:02:11+00:00	dgx-spark-04	True	1	cmtpeql4y1etk2auhbk9668ry
2026-09-09T12:02:11+00:00	dgx-spark-03	True	1	cmtpsaud71whj2auh0k27ynki
2026-09-09T12:02:11+00:00	dgx-spark-02	True	1	cmtsqj5lz5qd42auh8vvrfn03
2026-09-09T12:02:13+00:00	dgx-spark-04	True	1	cmtpeql4y1etk2auhbk9668ry
2026-09-09T12:02:13+00:00	dgx-spark-03	True	1	cmtpsaud71whj2auh0k27ynki
2026-09-09T12:02:13+00:00	dgx-spark-02	True	1	cmtsqj5lz5qd42auh8vvrfn03
2026-09-09T12:02:15+00:00	dgx-spark-04	True	1	cmtpeql4y1etk2auhbk9668ry
2026-09-09T12:02:15+00:00	dgx-spark-03	True	1	cmtpsaud71whj2auh0k27ynki
2026-09-09T12:02:15+00:00	dgx-spark-02	True	1	cmtsqj5lz5qd42auh8vvrfn03
2026-09-09T12:02:17+00:00	dgx-spark-04	True	1	cmtpeql4y1etk2auhbk9668ry
2026-09-09T12:02:17+00:00	dgx-spark-03	True	1	cmtpsaud71whj2auh0k27ynki
2026-09-09T12:02:17+00:00	dgx-spark-02	True	1	cmtsqj5lz5qd42auh8vvrfn03
2026-09-09T12:02:19+00:00	dgx-spark-04	True	1	cmtpeql4y1etk2auhbk9668ry
2026-09-09T12:02:19+00:00	dgx-spark-03	True	1	cmtpsaud71whj2auh0k27ynki
2026-09-09T12:02:19+00:00	dgx-spark-02	True	1	cmtsqj5lz5qd42auh8vvrfn03
2026-09-09T12:02:21+00:00	dgx-spark-04	True	1	cmtpeql4y1etk2auhbk9668ry
2026-09-09T12:02:21+00:00	dgx-spark-03	True	1	cmtpsaud71whj2auh0k27ynki
2026-09-09T12:02:21+00:00	dgx-spark-02	True	1	cmtsqj5lz5qd42auh8vvrfn03
2026-09-09T12:02:23+00:00	dgx-spark-04	True	1	cmtpeql4y1etk2auhbk9668ry
2026-09-09T12:02:23+00:00	dgx-spark-03	True	1	cmtpsaud71whj2auh0k27ynki
2026-09-09T12:02:23+00:00	dgx-spark-02	True	1	cmtsqj5lz5qd42auh8vvrfn03
2026-09-09T12:02:25+00:00	dgx-spark-04	True	1	cmtpeql4y1etk2auhbk9668ry
2026-09-09T12:02:25+00:00	dgx-spark-03	True	1	cmtpsaud71whj2auh0k27ynki
2026-09-09T12:02:25+00:00	dgx-spark-02	True	0	cmtsqj5lz5qd42auh8vvrfn03
2026-09-09T12:02:27+00:00	dgx-spark-04	True	1	cmtpeql4y1etk2auhbk9668ry
2026-09-09T12:02:27+00:00	dgx-spark-03	True	1	cmtpsaud71whj2auh0k27ynki
2026-09-09T12:02:27+00:00	dgx-spark-02	True	1	cmtsqj5lz5qd42auh8vvrfn03
2026-09-09T12:02:29+00:00	dgx-spark-04	True	1	cmtpeql4y1etk2auhbk9668ry
2026-09-09T12:02:29+00:00	dgx-spark-03	True	1	cmtpsaud71whj2auh0k27ynki
2026-09-09T12:02:29+00:00	dgx-spark-02	True	1	cmtsqj5lz5qd42auh8vvrfn03
2026-09-09T12:02:31+00:00	dgx-spark-04	True	1	cmtpeql4y1etk2auhbk9668ry
2026-09-09T12:02:31+00:00	dgx-spark-03	True	1	cmtpsaud71whj2auh0k27ynki
2026-09-09T12:02:31+00:00	dgx-spark-02	True	1	cmtsqj5lz5qd42auh8vvrfn03
2026-09-09T12:02:33+00:00	dgx-spark-04	True	1	cmtpeql4y1etk2auhbk9668ry
2026-09-09T12:02:33+00:00	dgx-spark-03	True	1	cmtpsaud71whj2auh0k27ynki
2026-09-09T12:02:33+00:00	dgx-spark-02	True	1	cmtsqj5lz5qd42auh8vvrfn03
2026-09-09T12:02:35+00:00	dgx-spark-04	True	1	cmtpeql4y1etk2auhbk9668ry
2026-09-09T12:02:35+00:00	dgx-spark-03	True	1	cmtpsaud71whj2auh0k27ynki
2026-09-09T12:02:35+00:00	dgx-spark-02	True	1	cmtsqj5lz5qd42auh8vvrfn03
2026-09-09T12:02:37+00:00	dgx-spark-04	True	1	cmtpeql4y1etk2auhbk9668ry
2026-09-09T12:02:37+00:00	dgx-spark-03	True	1	cmtpsaud71whj2auh0k27ynki
2026-09-09T12:02:37+00:00	dgx-spark-02	True	1	cmtsqj5lz5qd42auh8vvrfn03
2026-09-09T12:02:39+00:00	dgx-spark-04	True	1	cmtpeql4y1etk2auhbk9668ry
2026-09-09T12:02:39+00:00	dgx-spark-03	True	1	cmtpsaud71whj2auh0k27ynki
2026-09-09T12:02:39+00:00	dgx-spark-02	True	1	cmtsqj5lz5qd42auh8vvrfn03
2026-09-09T12:02:41+00:00	dgx-spark-04	True	1	cmtpeql4y1etk2auhbk9668ry
2026-09-09T12:02:41+00:00	dgx-spark-03	True	1	cmtpsaud71whj2auh0k27ynki
2026-09-09T12:02:41+00:00	dgx-spark-02	True	1	cmtsqj5lz5qd42auh8vvrfn03
2026-09-09T12:02:44+00:00	dgx-spark-04	True	1	cmtpeql4y1etk2auhbk9668ry
2026-09-09T12:02:44+00:00	dgx-spark-03	True	1	cmtpsaud71whj2auh0k27ynki
2026-09-09T12:02:44+00:00	dgx-spark-02	True	1	cmtsqj5lz5qd42auh8vvrfn03
2026-09-09T12:02:46+00:00	dgx-spark-04	True	1	cmtpeql4y1etk2auhbk9668ry
2026-09-09T12:02:46+00:00	dgx-spark-03	True	1	cmtpsaud71whj2auh0k27ynki
2026-09-09T12:02:46+00:00	dgx-spark-02	True	1	cmtsqj5lz5qd42auh8vvrfn03
2026-09-09T12:02:48+00:00	dgx-spark-04	True	1	cmtpeql4y1etk2auhbk9668ry
2026-09-09T12:02:48+00:00	dgx-spark-03	True	1	cmtpsaud71whj2auh0k27ynki
2026-09-09T12:02:48+00:00	dgx-spark-02	True	1	cmtsqj5lz5qd42auh8vvrfn03
2026-09-09T12:02:50+00:00	dgx-spark-04	True	1	cmtpeql4y1etk2auhbk9668ry
2026-09-09T12:02:50+00:00	dgx-spark-03	True	1	cmtpsaud71whj2auh0k27ynki
2026-09-09T12:02:50+00:00	dgx-spark-02	True	1	cmtsqj5lz5qd42auh8vvrfn03
2026-09-09T12:02:52+00:00	dgx-spark-04	True	1	cmtpeql4y1etk2auhbk9668ry
2026-09-09T12:02:52+00:00	dgx-spark-03	True	1	cmtpsaud71whj2auh0k27ynki
2026-09-09T12:02:52+00:00	dgx-spark-02	True	1	cmtsqj5lz5qd42auh8vvrfn03
2026-09-09T12:02:54+00:00	dgx-spark-04	True	1	cmtpeql4y1etk2auhbk9668ry
2026-09-09T12:02:54+00:00	dgx-spark-03	True	1	cmtpsaud71whj2auh0k27ynki
2026-09-09T12:02:54+00:00	dgx-spark-02	True	1	cmtsqj5lz5qd42auh8vvrfn03
2026-09-09T12:02:56+00:00	dgx-spark-04	True	1	cmtpeql4y1etk2auhbk9668ry
2026-09-09T12:02:56+00:00	dgx-spark-03	True	1	cmtpsaud71whj2auh0k27ynki
2026-09-09T12:02:56+00:00	dgx-spark-02	True	1	cmtsqj5lz5qd42auh8vvrfn03
2026-09-09T12:02:58+00:00	dgx-spark-04	True	1	cmtpeql4y1etk2auhbk9668ry
2026-09-09T12:02:58+00:00	dgx-spark-03	True	1	cmtpsaud71whj2auh0k27ynki
2026-09-09T12:02:58+00:00	dgx-spark-02	True	1	cmtsqj5lz5qd42auh8vvrfn03
2026-09-09T12:03:00+00:00	dgx-spark-04	True	1	cmtpeql4y1etk2auhbk9668ry
2026-09-09T12:03:00+00:00	dgx-spark-03	True	1	cmtpsaud71whj2auh0k27ynki
2026-09-09T12:03:00+00:00	dgx-spark-02	True	1	cmtsqj5lz5qd42auh8vvrfn03
2026-09-09T12:03:02+00:00	dgx-spark-04	True	1	cmtpeql4y1etk2auhbk9668ry
2026-09-09T12:03:02+00:00	dgx-spark-03	True	1	cmtpsaud71whj2auh0k27ynki
2026-09-09T12:03:02+00:00	dgx-spark-02	True	1	cmtsqj5lz5qd42auh8vvrfn03
2026-09-09T12:03:04+00:00	dgx-spark-04	True	1	cmtpeql4y1etk2auhbk9668ry
2026-09-09T12:03:04+00:00	dgx-spark-03	True	1	cmtpsaud71whj2auh0k27ynki
2026-09-09T12:03:04+00:00	dgx-spark-02	True	1	cmtsqj5lz5qd42auh8vvrfn03
2026-09-09T12:03:06+00:00	dgx-spark-04	True	1	cmtpeql4y1etk2auhbk9668ry
2026-09-09T12:03:06+00:00	dgx-spark-03	True	1	cmtpsaud71whj2auh0k27ynki
2026-09-09T12:03:06+00:00	dgx-spark-02	True	1	cmtsqj5lz5qd42auh8vvrfn03
2026-09-09T12:03:08+00:00	dgx-spark-04	True	1	cmtpeql4y1etk2auhbk9668ry
2026-09-09T12:03:08+00:00	dgx-spark-03	True	1	cmtpsaud71whj2auh0k27ynki
2026-09-09T12:03:08+00:00	dgx-spark-02	True	1	cmtsqj5lz5qd42auh8vvrfn03
2026-09-09T12:03:10+00:00	dgx-spark-04	True	1	cmtpeql4y1etk2auhbk9668ry
2026-09-09T12:03:10+00:00	dgx-spark-03	True	1	cmtpsaud71whj2auh0k27ynki
2026-09-09T12:03:10+00:00	dgx-spark-02	True	1	cmtsqj5lz5qd42auh8vvrfn03
2026-09-09T12:03:12+00:00	dgx-spark-04	True	1	cmtpeql4y1etk2auhbk9668ry
2026-09-09T12:03:12+00:00	dgx-spark-03	True	1	cmtpsaud71whj2auh0k27ynki
2026-09-09T12:03:12+00:00	dgx-spark-02	True	1	cmtsqj5lz5qd42auh8vvrfn03
2026-09-09T12:03:14+00:00	dgx-spark-04	True	1	cmtpeql4y1etk2auhbk9668ry
2026-09-09T12:03:14+00:00	dgx-spark-03	True	1	cmtpsaud71whj2auh0k27ynki
2026-09-09T12:03:14+00:00	dgx-spark-02	True	1	cmtsqj5lz5qd42auh8vvrfn03
2026-09-09T12:03:16+00:00	dgx-spark-04	True	1	cmtpeql4y1etk2auhbk9668ry
2026-09-09T12:03:16+00:00	dgx-spark-03	True	1	cmtpsaud71whj2auh0k27ynki
2026-09-09T12:03:16+00:00	dgx-spark-02	True	1	cmtsqj5lz5qd42auh8vvrfn03
2026-09-09T12:03:18+00:00	dgx-spark-04	True	1	cmtpeql4y1etk2auhbk9668ry
2026-09-09T12:03:18+00:00	dgx-spark-03	True	1	cmtpsaud71whj2auh0k27ynki
2026-09-09T12:03:18+00:00	dgx-spark-02	True	1	cmtsqj5lz5qd42auh8vvrfn03
2026-09-09T12:03:20+00:00	dgx-spark-04	True	1	cmtpeql4y1etk2auhbk9668ry
2026-09-09T12:03:20+00:00	dgx-spark-03	True	1	cmtpsaud71whj2auh0k27ynki
2026-09-09T12:03:20+00:00	dgx-spark-02	True	1	cmtsqj5lz5qd42auh8vvrfn03
2026-09-09T12:03:22+00:00	dgx-spark-04	True	1	cmtpeql4y1etk2auhbk9668ry
2026-09-09T12:03:22+00:00	dgx-spark-03	True	1	cmtpsaud71whj2auh0k27ynki
2026-09-09T12:03:22+00:00	dgx-spark-02	True	1	cmtsqj5lz5qd42auh8vvrfn03
2026-09-09T12:03:24+00:00	dgx-spark-04	True	1	cmtpeql4y1etk2auhbk9668ry
2026-09-09T12:03:24+00:00	dgx-spark-03	True	1	cmtpsaud71whj2auh0k27ynki
2026-09-09T12:03:24+00:00	dgx-spark-02	True	1	cmtsqj5lz5qd42auh8vvrfn03
2026-09-09T12:03:26+00:00	dgx-spark-04	True	1	cmtpeql4y1etk2auhbk9668ry
2026-09-09T12:03:26+00:00	dgx-spark-03	True	1	cmtpsaud71whj2auh0k27ynki
2026-09-09T12:03:26+00:00	dgx-spark-02	True	1	cmtsqj5lz5qd42auh8vvrfn03
2026-09-09T12:03:28+00:00	dgx-spark-04	True	1	cmtpeql4y1etk2auhbk9668ry
2026-09-09T12:03:28+00:00	dgx-spark-03	True	1	cmtpsaud71whj2auh0k27ynki
2026-09-09T12:03:28+00:00	dgx-spark-02	True	1	cmtsqj5lz5qd42auh8vvrfn03
2026-09-09T12:03:30+00:00	dgx-spark-04	True	1	cmtpeql4y1etk2auhbk9668ry
2026-09-09T12:03:30+00:00	dgx-spark-03	True	1	cmtpsaud71whj2auh0k27ynki
2026-09-09T12:03:30+00:00	dgx-spark-02	True	1	cmtsqj5lz5qd42auh8vvrfn03
2026-09-09T12:03:32+00:00	dgx-spark-04	True	1	cmtpeql4y1etk2auhbk9668ry
2026-09-09T12:03:32+00:00	dgx-spark-03	True	1	cmtpsaud71whj2auh0k27ynki
2026-09-09T12:03:32+00:00	dgx-spark-02	True	1	cmtsqj5lz5qd42auh8vvrfn03
2026-09-09T12:03:34+00:00	dgx-spark-04	True	1	cmtpeql4y1etk2auhbk9668ry
2026-09-09T12:03:34+00:00	dgx-spark-03	True	1	cmtpsaud71whj2auh0k27ynki
2026-09-09T12:03:34+00:00	dgx-spark-02	True	1	cmtsqj5lz5qd42auh8vvrfn03
2026-09-09T12:03:36+00:00	dgx-spark-04	True	1	cmtpeql4y1etk2auhbk9668ry
2026-09-09T12:03:36+00:00	dgx-spark-03	True	1	cmtpsaud71whj2auh0k27ynki
2026-09-09T12:03:36+00:00	dgx-spark-02	True	1	cmtsqj5lz5qd42auh8vvrfn03
2026-09-09T12:03:38+00:00	dgx-spark-04	True	1	cmtpeql4y1etk2auhbk9668ry
2026-09-09T12:03:38+00:00	dgx-spark-03	True	1	cmtpsaud71whj2auh0k27ynki
2026-09-09T12:03:38+00:00	dgx-spark-02	True	1	cmtsqj5lz5qd42auh8vvrfn03
2026-09-09T12:03:40+00:00	dgx-spark-04	True	1	cmtpeql4y1etk2auhbk9668ry
2026-09-09T12:03:40+00:00	dgx-spark-03	True	1	cmtpsaud71whj2auh0k27ynki
2026-09-09T12:03:40+00:00	dgx-spark-02	True	1	cmtsqj5lz5qd42auh8vvrfn03
2026-09-09T12:03:42+00:00	dgx-spark-04	True	1	cmtpeql4y1etk2auhbk9668ry
2026-09-09T12:03:42+00:00	dgx-spark-03	True	1	cmtpsaud71whj2auh0k27ynki
2026-09-09T12:03:42+00:00	dgx-spark-02	True	1	cmtsqj5lz5qd42auh8vvrfn03
2026-09-09T12:03:44+00:00	dgx-spark-04	True	1	cmtpeql4y1etk2auhbk9668ry
2026-09-09T12:03:44+00:00	dgx-spark-03	True	1	cmtpsaud71whj2auh0k27ynki
2026-09-09T12:03:44+00:00	dgx-spark-02	True	1	cmtsqj5lz5qd42auh8vvrfn03
2026-09-09T12:03:46+00:00	dgx-spark-04	True	1	cmtpeql4y1etk2auhbk9668ry
2026-09-09T12:03:46+00:00	dgx-spark-03	True	1	cmtpsaud71whj2auh0k27ynki
2026-09-09T12:03:46+00:00	dgx-spark-02	True	1	cmtsqj5lz5qd42auh8vvrfn03
2026-09-09T12:03:48+00:00	dgx-spark-04	True	1	cmtpeql4y1etk2auhbk9668ry
2026-09-09T12:03:48+00:00	dgx-spark-03	True	1	cmtpsaud71whj2auh0k27ynki
2026-09-09T12:03:48+00:00	dgx-spark-02	True	1	cmtsqj5lz5qd42auh8vvrfn03
2026-09-09T12:03:50+00:00	dgx-spark-04	True	1	cmtpeql4y1etk2auhbk9668ry
2026-09-09T12:03:50+00:00	dgx-spark-03	True	1	cmtpsaud71whj2auh0k27ynki
2026-09-09T12:03:50+00:00	dgx-spark-02	True	1	cmtsqj5lz5qd42auh8vvrfn03
2026-09-09T12:03:52+00:00	dgx-spark-04	True	1	cmtpeql4y1etk2auhbk9668ry
2026-09-09T12:03:52+00:00	dgx-spark-03	True	1	cmtpsaud71whj2auh0k27ynki
2026-09-09T12:03:52+00:00	dgx-spark-02	True	1	cmtsqj5lz5qd42auh8vvrfn03
2026-09-09T12:03:54+00:00	dgx-spark-04	True	1	cmtpeql4y1etk2auhbk9668ry
2026-09-09T12:03:54+00:00	dgx-spark-03	True	1	cmtpsaud71whj2auh0k27ynki
2026-09-09T12:03:54+00:00	dgx-spark-02	True	1	cmtsqj5lz5qd42auh8vvrfn03
2026-09-09T12:03:56+00:00	dgx-spark-04	True	1	cmtpeql4y1etk2auhbk9668ry
2026-09-09T12:03:56+00:00	dgx-spark-03	True	1	cmtpsaud71whj2auh0k27ynki
2026-09-09T12:03:56+00:00	dgx-spark-02	True	1	cmtsqj5lz5qd42auh8vvrfn03
2026-09-09T12:03:59+00:00	dgx-spark-04	True	1	cmtpeql4y1etk2auhbk9668ry
2026-09-09T12:03:59+00:00	dgx-spark-03	True	1	cmtpsaud71whj2auh0k27ynki
2026-09-09T12:03:59+00:00	dgx-spark-02	True	0	cmtsqj5lz5qd42auh8vvrfn03
2026-09-09T12:04:01+00:00	dgx-spark-04	True	1	cmtpeql4y1etk2auhbk9668ry
2026-09-09T12:04:01+00:00	dgx-spark-03	True	1	cmtpsaud71whj2auh0k27ynki
2026-09-09T12:04:01+00:00	dgx-spark-02	True	1	cmtsqj5lz5qd42auh8vvrfn03
2026-09-09T12:04:03+00:00	dgx-spark-04	True	1	cmtpeql4y1etk2auhbk9668ry
2026-09-09T12:04:03+00:00	dgx-spark-03	True	1	cmtpsaud71whj2auh0k27ynki
2026-09-09T12:04:03+00:00	dgx-spark-02	True	1	cmtsqj5lz5qd42auh8vvrfn03
2026-09-09T12:04:05+00:00	dgx-spark-04	True	1	cmtpeql4y1etk2auhbk9668ry
2026-09-09T12:04:05+00:00	dgx-spark-03	True	1	cmtpsaud71whj2auh0k27ynki
2026-09-09T12:04:05+00:00	dgx-spark-02	True	1	cmtsqj5lz5qd42auh8vvrfn03
2026-09-09T12:04:07+00:00	dgx-spark-04	True	1	cmtpeql4y1etk2auhbk9668ry
2026-09-09T12:04:07+00:00	dgx-spark-03	True	1	cmtpsaud71whj2auh0k27ynki
2026-09-09T12:04:07+00:00	dgx-spark-02	True	1	cmtsqj5lz5qd42auh8vvrfn03
2026-09-09T12:04:09+00:00	dgx-spark-04	True	1	cmtpeql4y1etk2auhbk9668ry
2026-09-09T12:04:09+00:00	dgx-spark-03	True	1	cmtpsaud71whj2auh0k27ynki
2026-09-09T12:04:09+00:00	dgx-spark-02	True	1	cmtsqj5lz5qd42auh8vvrfn03
2026-09-09T12:04:11+00:00	dgx-spark-04	True	1	cmtpeql4y1etk2auhbk9668ry
2026-09-09T12:04:11+00:00	dgx-spark-03	True	1	cmtpsaud71whj2auh0k27ynki
2026-09-09T12:04:11+00:00	dgx-spark-02	True	1	cmtsqj5lz5qd42auh8vvrfn03
2026-09-09T12:04:13+00:00	dgx-spark-04	True	1	cmtpeql4y1etk2auhbk9668ry
2026-09-09T12:04:13+00:00	dgx-spark-03	True	1	cmtpsaud71whj2auh0k27ynki
2026-09-09T12:04:13+00:00	dgx-spark-02	True	1	cmtsqj5lz5qd42auh8vvrfn03
2026-09-09T12:04:15+00:00	dgx-spark-04	True	1	cmtpeql4y1etk2auhbk9668ry
2026-09-09T12:04:15+00:00	dgx-spark-03	True	1	cmtpsaud71whj2auh0k27ynki
2026-09-09T12:04:15+00:00	dgx-spark-02	True	1	cmtsqj5lz5qd42auh8vvrfn03
2026-09-09T12:04:17+00:00	dgx-spark-04	True	0	cmtpeql4y1etk2auhbk9668ry
2026-09-09T12:04:17+00:00	dgx-spark-03	True	1	cmtpsaud71whj2auh0k27ynki
2026-09-09T12:04:17+00:00	dgx-spark-02	True	1	cmtsqj5lz5qd42auh8vvrfn03
2026-09-09T12:04:19+00:00	dgx-spark-04	True	1	cmtpeql4y1etk2auhbk9668ry
2026-09-09T12:04:19+00:00	dgx-spark-03	True	1	cmtpsaud71whj2auh0k27ynki
2026-09-09T12:04:19+00:00	dgx-spark-02	True	1	cmtsqj5lz5qd42auh8vvrfn03
2026-09-09T12:04:21+00:00	dgx-spark-04	True	1	cmtpeql4y1etk2auhbk9668ry
2026-09-09T12:04:21+00:00	dgx-spark-03	True	1	cmtpsaud71whj2auh0k27ynki
2026-09-09T12:04:21+00:00	dgx-spark-02	True	1	cmtsqj5lz5qd42auh8vvrfn03
2026-09-09T12:04:24+00:00	dgx-spark-04	True	1	cmtpeql4y1etk2auhbk9668ry
2026-09-09T12:04:24+00:00	dgx-spark-03	True	1	cmtpsaud71whj2auh0k27ynki
2026-09-09T12:04:24+00:00	dgx-spark-02	True	1	cmtsqj5lz5qd42auh8vvrfn03
2026-09-09T12:04:26+00:00	dgx-spark-04	True	1	cmtpeql4y1etk2auhbk9668ry
2026-09-09T12:04:26+00:00	dgx-spark-03	True	1	cmtpsaud71whj2auh0k27ynki
2026-09-09T12:04:26+00:00	dgx-spark-02	True	1	cmtsqj5lz5qd42auh8vvrfn03
2026-09-09T12:04:28+00:00	dgx-spark-04	True	1	cmtpeql4y1etk2auhbk9668ry
2026-09-09T12:04:28+00:00	dgx-spark-03	True	1	cmtpsaud71whj2auh0k27ynki
2026-09-09T12:04:28+00:00	dgx-spark-02	True	1	cmtsqj5lz5qd42auh8vvrfn03
2026-09-09T12:04:30+00:00	dgx-spark-04	True	1	cmtpeql4y1etk2auhbk9668ry
2026-09-09T12:04:30+00:00	dgx-spark-03	True	1	cmtpsaud71whj2auh0k27ynki
2026-09-09T12:04:30+00:00	dgx-spark-02	True	1	cmtsqj5lz5qd42auh8vvrfn03
2026-09-09T12:04:32+00:00	dgx-spark-04	True	1	cmtpeql4y1etk2auhbk9668ry
2026-09-09T12:04:32+00:00	dgx-spark-03	True	1	cmtpsaud71whj2auh0k27ynki
2026-09-09T12:04:32+00:00	dgx-spark-02	True	1	cmtsqj5lz5qd42auh8vvrfn03
2026-09-09T12:04:34+00:00	dgx-spark-04	True	1	cmtpeql4y1etk2auhbk9668ry
2026-09-09T12:04:34+00:00	dgx-spark-03	True	1	cmtpsaud71whj2auh0k27ynki
2026-09-09T12:04:34+00:00	dgx-spark-02	True	1	cmtsqj5lz5qd42auh8vvrfn03
2026-09-09T12:04:36+00:00	dgx-spark-04	True	1	cmtpeql4y1etk2auhbk9668ry
2026-09-09T12:04:36+00:00	dgx-spark-03	True	1	cmtpsaud71whj2auh0k27ynki
2026-09-09T12:04:36+00:00	dgx-spark-02	True	1	cmtsqj5lz5qd42auh8vvrfn03
2026-09-09T12:04:38+00:00	dgx-spark-04	True	1	cmtpeql4y1etk2auhbk9668ry
2026-09-09T12:04:38+00:00	dgx-spark-03	True	1	cmtpsaud71whj2auh0k27ynki
2026-09-09T12:04:38+00:00	dgx-spark-02	True	1	cmtsqj5lz5qd42auh8vvrfn03
2026-09-09T12:04:40+00:00	dgx-spark-04	True	1	cmtpeql4y1etk2auhbk9668ry
2026-09-09T12:04:40+00:00	dgx-spark-03	True	1	cmtpsaud71whj2auh0k27ynki
2026-09-09T12:04:40+00:00	dgx-spark-02	True	1	cmtsqj5lz5qd42auh8vvrfn03
2026-09-09T12:04:42+00:00	dgx-spark-04	True	1	cmtpeql4y1etk2auhbk9668ry
2026-09-09T12:04:42+00:00	dgx-spark-03	True	0	cmtpsaud71whj2auh0k27ynki
2026-09-09T12:04:42+00:00	dgx-spark-02	True	1	cmtsqj5lz5qd42auh8vvrfn03
2026-09-09T12:04:45+00:00	dgx-spark-04	True	1	cmtpeql4y1etk2auhbk9668ry
2026-09-09T12:04:45+00:00	dgx-spark-03	True	1	cmtpsaud71whj2auh0k27ynki
2026-09-09T12:04:45+00:00	dgx-spark-02	True	1	cmtsqj5lz5qd42auh8vvrfn03
2026-09-09T12:04:47+00:00	dgx-spark-04	True	1	cmtpeql4y1etk2auhbk9668ry
2026-09-09T12:04:47+00:00	dgx-spark-03	True	1	cmtpsaud71whj2auh0k27ynki
2026-09-09T12:04:47+00:00	dgx-spark-02	True	1	cmtsqj5lz5qd42auh8vvrfn03
2026-09-09T12:04:49+00:00	dgx-spark-04	True	1	cmtpeql4y1etk2auhbk9668ry
2026-09-09T12:04:49+00:00	dgx-spark-03	True	1	cmtpsaud71whj2auh0k27ynki
2026-09-09T12:04:49+00:00	dgx-spark-02	True	1	cmtsqj5lz5qd42auh8vvrfn03
2026-09-09T12:04:51+00:00	dgx-spark-04	True	1	cmtpeql4y1etk2auhbk9668ry
2026-09-09T12:04:51+00:00	dgx-spark-03	True	1	cmtpsaud71whj2auh0k27ynki
2026-09-09T12:04:51+00:00	dgx-spark-02	True	1	cmtsqj5lz5qd42auh8vvrfn03
2026-09-09T12:04:53+00:00	dgx-spark-04	True	1	cmtpeql4y1etk2auhbk9668ry
2026-09-09T12:04:53+00:00	dgx-spark-03	True	1	cmtpsaud71whj2auh0k27ynki
2026-09-09T12:04:53+00:00	dgx-spark-02	True	1	cmtsqj5lz5qd42auh8vvrfn03
2026-09-09T12:04:55+00:00	dgx-spark-04	True	1	cmtpeql4y1etk2auhbk9668ry
2026-09-09T12:04:55+00:00	dgx-spark-03	True	1	cmtpsaud71whj2auh0k27ynki
2026-09-09T12:04:55+00:00	dgx-spark-02	True	1	cmtsqj5lz5qd42auh8vvrfn03
2026-09-09T12:04:57+00:00	dgx-spark-04	True	1	cmtpeql4y1etk2auhbk9668ry
2026-09-09T12:04:57+00:00	dgx-spark-03	True	1	cmtpsaud71whj2auh0k27ynki
2026-09-09T12:04:57+00:00	dgx-spark-02	True	1	cmtsqj5lz5qd42auh8vvrfn03
2026-09-09T12:04:59+00:00	dgx-spark-04	True	1	cmtpeql4y1etk2auhbk9668ry
2026-09-09T12:04:59+00:00	dgx-spark-03	True	1	cmtpsaud71whj2auh0k27ynki
2026-09-09T12:04:59+00:00	dgx-spark-02	True	1	cmtsqj5lz5qd42auh8vvrfn03
2026-09-09T12:05:01+00:00	dgx-spark-04	True	1	cmtpeql4y1etk2auhbk9668ry
2026-09-09T12:05:01+00:00	dgx-spark-03	True	1	cmtpsaud71whj2auh0k27ynki
2026-09-09T12:05:01+00:00	dgx-spark-02	True	1	cmtsqj5lz5qd42auh8vvrfn03
2026-09-09T12:05:04+00:00	dgx-spark-04	True	1	cmtpeql4y1etk2auhbk9668ry
2026-09-09T12:05:04+00:00	dgx-spark-03	True	1	cmtpsaud71whj2auh0k27ynki
2026-09-09T12:05:04+00:00	dgx-spark-02	True	1	cmtsqj5lz5qd42auh8vvrfn03
2026-09-09T12:05:06+00:00	dgx-spark-04	True	1	cmtpeql4y1etk2auhbk9668ry
2026-09-09T12:05:06+00:00	dgx-spark-03	True	1	cmtpsaud71whj2auh0k27ynki
2026-09-09T12:05:06+00:00	dgx-spark-02	True	1	cmtsqj5lz5qd42auh8vvrfn03
2026-09-09T12:05:08+00:00	dgx-spark-04	True	1	cmtpeql4y1etk2auhbk9668ry
2026-09-09T12:05:08+00:00	dgx-spark-03	True	1	cmtpsaud71whj2auh0k27ynki
2026-09-09T12:05:08+00:00	dgx-spark-02	True	1	cmtsqj5lz5qd42auh8vvrfn03
2026-09-09T12:05:10+00:00	dgx-spark-04	True	1	cmtpeql4y1etk2auhbk9668ry
2026-09-09T12:05:10+00:00	dgx-spark-03	True	1	cmtpsaud71whj2auh0k27ynki
2026-09-09T12:05:10+00:00	dgx-spark-02	True	1	cmtsqj5lz5qd42auh8vvrfn03
2026-09-09T12:05:12+00:00	dgx-spark-04	True	1	cmtpeql4y1etk2auhbk9668ry
2026-09-09T12:05:12+00:00	dgx-spark-03	True	1	cmtpsaud71whj2auh0k27ynki
2026-09-09T12:05:12+00:00	dgx-spark-02	True	1	cmtsqj5lz5qd42auh8vvrfn03
2026-09-09T12:05:14+00:00	dgx-spark-04	True	1	cmtpeql4y1etk2auhbk9668ry
2026-09-09T12:05:14+00:00	dgx-spark-03	True	1	cmtpsaud71whj2auh0k27ynki
2026-09-09T12:05:14+00:00	dgx-spark-02	True	1	cmtsqj5lz5qd42auh8vvrfn03
2026-09-09T12:05:16+00:00	dgx-spark-04	True	1	cmtpeql4y1etk2auhbk9668ry
2026-09-09T12:05:16+00:00	dgx-spark-03	True	1	cmtpsaud71whj2auh0k27ynki
2026-09-09T12:05:16+00:00	dgx-spark-02	True	1	cmtsqj5lz5qd42auh8vvrfn03
2026-09-09T12:05:18+00:00	dgx-spark-04	True	1	cmtpeql4y1etk2auhbk9668ry
2026-09-09T12:05:18+00:00	dgx-spark-03	True	1	cmtpsaud71whj2auh0k27ynki
2026-09-09T12:05:18+00:00	dgx-spark-02	True	1	cmtsqj5lz5qd42auh8vvrfn03
2026-09-09T12:05:20+00:00	dgx-spark-04	True	1	cmtpeql4y1etk2auhbk9668ry
2026-09-09T12:05:20+00:00	dgx-spark-03	True	1	cmtpsaud71whj2auh0k27ynki
2026-09-09T12:05:20+00:00	dgx-spark-02	True	1	cmtsqj5lz5qd42auh8vvrfn03
2026-09-09T12:05:22+00:00	dgx-spark-04	True	1	cmtpeql4y1etk2auhbk9668ry
2026-09-09T12:05:22+00:00	dgx-spark-03	True	1	cmtpsaud71whj2auh0k27ynki
2026-09-09T12:05:22+00:00	dgx-spark-02	True	1	cmtsqj5lz5qd42auh8vvrfn03
2026-09-09T12:05:24+00:00	dgx-spark-04	True	1	cmtpeql4y1etk2auhbk9668ry
2026-09-09T12:05:24+00:00	dgx-spark-03	True	1	cmtpsaud71whj2auh0k27ynki
2026-09-09T12:05:24+00:00	dgx-spark-02	True	1	cmtsqj5lz5qd42auh8vvrfn03
2026-09-09T12:05:26+00:00	dgx-spark-04	True	1	cmtpeql4y1etk2auhbk9668ry
2026-09-09T12:05:26+00:00	dgx-spark-03	True	1	cmtpsaud71whj2auh0k27ynki
2026-09-09T12:05:26+00:00	dgx-spark-02	True	1	cmtsqj5lz5qd42auh8vvrfn03
2026-09-09T12:05:28+00:00	dgx-spark-04	True	1	cmtpeql4y1etk2auhbk9668ry
2026-09-09T12:05:28+00:00	dgx-spark-03	True	1	cmtpsaud71whj2auh0k27ynki
2026-09-09T12:05:28+00:00	dgx-spark-02	True	1	cmtsqj5lz5qd42auh8vvrfn03
2026-09-09T12:05:30+00:00	dgx-spark-04	True	1	cmtpeql4y1etk2auhbk9668ry
2026-09-09T12:05:30+00:00	dgx-spark-03	True	1	cmtpsaud71whj2auh0k27ynki
2026-09-09T12:05:30+00:00	dgx-spark-02	True	1	cmtsqj5lz5qd42auh8vvrfn03
2026-09-09T12:05:32+00:00	dgx-spark-04	True	1	cmtpeql4y1etk2auhbk9668ry
2026-09-09T12:05:32+00:00	dgx-spark-03	True	1	cmtpsaud71whj2auh0k27ynki
2026-09-09T12:05:32+00:00	dgx-spark-02	True	1	cmtsqj5lz5qd42auh8vvrfn03
2026-09-09T12:05:34+00:00	dgx-spark-04	True	1	cmtpeql4y1etk2auhbk9668ry
2026-09-09T12:05:34+00:00	dgx-spark-03	True	1	cmtpsaud71whj2auh0k27ynki
2026-09-09T12:05:34+00:00	dgx-spark-02	True	1	cmtsqj5lz5qd42auh8vvrfn03
2026-09-09T12:05:36+00:00	dgx-spark-04	True	1	cmtpeql4y1etk2auhbk9668ry
2026-09-09T12:05:36+00:00	dgx-spark-03	True	1	cmtpsaud71whj2auh0k27ynki
2026-09-09T12:05:36+00:00	dgx-spark-02	True	1	cmtsqj5lz5qd42auh8vvrfn03
2026-09-09T12:05:38+00:00	dgx-spark-04	True	1	cmtpeql4y1etk2auhbk9668ry
2026-09-09T12:05:38+00:00	dgx-spark-03	True	1	cmtpsaud71whj2auh0k27ynki
2026-09-09T12:05:38+00:00	dgx-spark-02	True	1	cmtsqj5lz5qd42auh8vvrfn03
2026-09-09T12:05:40+00:00	dgx-spark-04	True	1	cmtpeql4y1etk2auhbk9668ry
2026-09-09T12:05:40+00:00	dgx-spark-03	True	1	cmtpsaud71whj2auh0k27ynki
2026-09-09T12:05:40+00:00	dgx-spark-02	True	1	cmtsqj5lz5qd42auh8vvrfn03
2026-09-09T12:05:42+00:00	dgx-spark-04	True	1	cmtpeql4y1etk2auhbk9668ry
2026-09-09T12:05:42+00:00	dgx-spark-03	True	1	cmtpsaud71whj2auh0k27ynki
2026-09-09T12:05:42+00:00	dgx-spark-02	True	1	cmtsqj5lz5qd42auh8vvrfn03
2026-09-09T12:05:44+00:00	dgx-spark-04	True	1	cmtpeql4y1etk2auhbk9668ry
2026-09-09T12:05:44+00:00	dgx-spark-03	True	1	cmtpsaud71whj2auh0k27ynki
2026-09-09T12:05:44+00:00	dgx-spark-02	True	1	cmtsqj5lz5qd42auh8vvrfn03
2026-09-09T12:05:46+00:00	dgx-spark-04	True	1	cmtpeql4y1etk2auhbk9668ry
2026-09-09T12:05:46+00:00	dgx-spark-03	True	1	cmtpsaud71whj2auh0k27ynki
2026-09-09T12:05:46+00:00	dgx-spark-02	True	1	cmtsqj5lz5qd42auh8vvrfn03
2026-09-09T12:05:48+00:00	dgx-spark-04	True	1	cmtpeql4y1etk2auhbk9668ry
2026-09-09T12:05:48+00:00	dgx-spark-03	True	1	cmtpsaud71whj2auh0k27ynki
2026-09-09T12:05:48+00:00	dgx-spark-02	True	1	cmtsqj5lz5qd42auh8vvrfn03
2026-09-09T12:05:50+00:00	dgx-spark-04	True	1	cmtpeql4y1etk2auhbk9668ry
2026-09-09T12:05:50+00:00	dgx-spark-03	True	1	cmtpsaud71whj2auh0k27ynki
2026-09-09T12:05:50+00:00	dgx-spark-02	True	1	cmtsqj5lz5qd42auh8vvrfn03
2026-09-09T12:05:52+00:00	dgx-spark-04	True	1	cmtpeql4y1etk2auhbk9668ry
2026-09-09T12:05:52+00:00	dgx-spark-03	True	1	cmtpsaud71whj2auh0k27ynki
2026-09-09T12:05:52+00:00	dgx-spark-02	True	1	cmtsqj5lz5qd42auh8vvrfn03
2026-09-09T12:05:54+00:00	dgx-spark-04	True	1	cmtpeql4y1etk2auhbk9668ry
2026-09-09T12:05:54+00:00	dgx-spark-03	True	1	cmtpsaud71whj2auh0k27ynki
2026-09-09T12:05:54+00:00	dgx-spark-02	True	1	cmtsqj5lz5qd42auh8vvrfn03
2026-09-09T12:05:56+00:00	dgx-spark-04	True	1	cmtpeql4y1etk2auhbk9668ry
2026-09-09T12:05:56+00:00	dgx-spark-03	True	1	cmtpsaud71whj2auh0k27ynki
2026-09-09T12:05:56+00:00	dgx-spark-02	True	1	cmtsqj5lz5qd42auh8vvrfn03
2026-09-09T12:05:58+00:00	dgx-spark-04	True	1	cmtpeql4y1etk2auhbk9668ry
2026-09-09T12:05:58+00:00	dgx-spark-03	True	1	cmtpsaud71whj2auh0k27ynki
2026-09-09T12:05:58+00:00	dgx-spark-02	True	1	cmtsqj5lz5qd42auh8vvrfn03
2026-09-09T12:06:00+00:00	dgx-spark-04	True	1	cmtpeql4y1etk2auhbk9668ry
2026-09-09T12:06:00+00:00	dgx-spark-03	True	1	cmtpsaud71whj2auh0k27ynki
2026-09-09T12:06:00+00:00	dgx-spark-02	True	1	cmtsqj5lz5qd42auh8vvrfn03
2026-09-09T12:06:02+00:00	dgx-spark-04	True	1	cmtpeql4y1etk2auhbk9668ry
2026-09-09T12:06:02+00:00	dgx-spark-03	True	1	cmtpsaud71whj2auh0k27ynki
2026-09-09T12:06:02+00:00	dgx-spark-02	True	1	cmtsqj5lz5qd42auh8vvrfn03
2026-09-09T12:06:04+00:00	dgx-spark-04	True	1	cmtpeql4y1etk2auhbk9668ry
2026-09-09T12:06:04+00:00	dgx-spark-03	True	1	cmtpsaud71whj2auh0k27ynki
2026-09-09T12:06:04+00:00	dgx-spark-02	True	1	cmtsqj5lz5qd42auh8vvrfn03
2026-09-09T12:06:06+00:00	dgx-spark-04	True	1	cmtpeql4y1etk2auhbk9668ry
2026-09-09T12:06:06+00:00	dgx-spark-03	True	1	cmtpsaud71whj2auh0k27ynki
2026-09-09T12:06:06+00:00	dgx-spark-02	True	1	cmtsqj5lz5qd42auh8vvrfn03
2026-09-09T12:06:08+00:00	dgx-spark-04	True	1	cmtpeql4y1etk2auhbk9668ry
2026-09-09T12:06:08+00:00	dgx-spark-03	True	1	cmtpsaud71whj2auh0k27ynki
2026-09-09T12:06:08+00:00	dgx-spark-02	True	1	cmtsqj5lz5qd42auh8vvrfn03
2026-09-09T12:06:10+00:00	dgx-spark-04	True	1	cmtpeql4y1etk2auhbk9668ry
2026-09-09T12:06:10+00:00	dgx-spark-03	True	1	cmtpsaud71whj2auh0k27ynki
2026-09-09T12:06:10+00:00	dgx-spark-02	True	1	cmtsqj5lz5qd42auh8vvrfn03
2026-09-09T12:06:12+00:00	dgx-spark-04	True	1	cmtpeql4y1etk2auhbk9668ry
2026-09-09T12:06:12+00:00	dgx-spark-03	True	1	cmtpsaud71whj2auh0k27ynki
2026-09-09T12:06:12+00:00	dgx-spark-02	True	1	cmtsqj5lz5qd42auh8vvrfn03
2026-09-09T12:06:14+00:00	dgx-spark-04	True	1	cmtpeql4y1etk2auhbk9668ry
2026-09-09T12:06:14+00:00	dgx-spark-03	True	1	cmtpsaud71whj2auh0k27ynki
2026-09-09T12:06:14+00:00	dgx-spark-02	True	1	cmtsqj5lz5qd42auh8vvrfn03
2026-09-09T12:06:16+00:00	dgx-spark-04	True	1	cmtpeql4y1etk2auhbk9668ry
2026-09-09T12:06:16+00:00	dgx-spark-03	True	1	cmtpsaud71whj2auh0k27ynki
2026-09-09T12:06:16+00:00	dgx-spark-02	True	1	cmtsqj5lz5qd42auh8vvrfn03
2026-09-09T12:06:18+00:00	dgx-spark-04	True	1	cmtpeql4y1etk2auhbk9668ry
2026-09-09T12:06:18+00:00	dgx-spark-03	True	1	cmtpsaud71whj2auh0k27ynki
2026-09-09T12:06:18+00:00	dgx-spark-02	True	1	cmtsqj5lz5qd42auh8vvrfn03
2026-09-09T12:06:20+00:00	dgx-spark-04	True	1	cmtpeql4y1etk2auhbk9668ry
2026-09-09T12:06:20+00:00	dgx-spark-03	True	1	cmtpsaud71whj2auh0k27ynki
2026-09-09T12:06:20+00:00	dgx-spark-02	True	1	cmtsqj5lz5qd42auh8vvrfn03
2026-09-09T12:06:22+00:00	dgx-spark-04	True	1	cmtpeql4y1etk2auhbk9668ry
2026-09-09T12:06:22+00:00	dgx-spark-03	True	1	cmtpsaud71whj2auh0k27ynki
2026-09-09T12:06:22+00:00	dgx-spark-02	True	1	cmtsqj5lz5qd42auh8vvrfn03
2026-09-09T12:06:24+00:00	dgx-spark-04	True	1	cmtpeql4y1etk2auhbk9668ry
2026-09-09T12:06:24+00:00	dgx-spark-03	True	1	cmtpsaud71whj2auh0k27ynki
2026-09-09T12:06:24+00:00	dgx-spark-02	True	1	cmtsqj5lz5qd42auh8vvrfn03
2026-09-09T12:06:26+00:00	dgx-spark-04	True	1	cmtpeql4y1etk2auhbk9668ry
2026-09-09T12:06:26+00:00	dgx-spark-03	True	1	cmtpsaud71whj2auh0k27ynki
2026-09-09T12:06:26+00:00	dgx-spark-02	True	1	cmtsqj5lz5qd42auh8vvrfn03
2026-09-09T12:06:28+00:00	dgx-spark-04	True	1	cmtpeql4y1etk2auhbk9668ry
2026-09-09T12:06:28+00:00	dgx-spark-03	True	1	cmtpsaud71whj2auh0k27ynki
2026-09-09T12:06:28+00:00	dgx-spark-02	True	1	cmtsqj5lz5qd42auh8vvrfn03
2026-09-09T12:06:30+00:00	dgx-spark-04	True	1	cmtpeql4y1etk2auhbk9668ry
2026-09-09T12:06:30+00:00	dgx-spark-03	True	1	cmtpsaud71whj2auh0k27ynki
2026-09-09T12:06:30+00:00	dgx-spark-02	True	1	cmtsqj5lz5qd42auh8vvrfn03
2026-09-09T12:06:32+00:00	dgx-spark-04	True	1	cmtpeql4y1etk2auhbk9668ry
2026-09-09T12:06:32+00:00	dgx-spark-03	True	1	cmtpsaud71whj2auh0k27ynki
2026-09-09T12:06:32+00:00	dgx-spark-02	True	1	cmtsqj5lz5qd42auh8vvrfn03
2026-09-09T12:06:34+00:00	dgx-spark-04	True	1	cmtpeql4y1etk2auhbk9668ry
2026-09-09T12:06:34+00:00	dgx-spark-03	True	1	cmtpsaud71whj2auh0k27ynki
2026-09-09T12:06:34+00:00	dgx-spark-02	True	1	cmtsqj5lz5qd42auh8vvrfn03
2026-09-09T12:06:36+00:00	dgx-spark-04	True	1	cmtpeql4y1etk2auhbk9668ry
2026-09-09T12:06:36+00:00	dgx-spark-03	True	1	cmtpsaud71whj2auh0k27ynki
2026-09-09T12:06:36+00:00	dgx-spark-02	True	1	cmtsqj5lz5qd42auh8vvrfn03
2026-09-09T12:06:38+00:00	dgx-spark-04	True	1	cmtpeql4y1etk2auhbk9668ry
2026-09-09T12:06:38+00:00	dgx-spark-03	True	1	cmtpsaud71whj2auh0k27ynki
2026-09-09T12:06:38+00:00	dgx-spark-02	True	1	cmtsqj5lz5qd42auh8vvrfn03
2026-09-09T12:06:40+00:00	dgx-spark-04	True	1	cmtpeql4y1etk2auhbk9668ry
2026-09-09T12:06:40+00:00	dgx-spark-03	True	1	cmtpsaud71whj2auh0k27ynki
2026-09-09T12:06:40+00:00	dgx-spark-02	True	1	cmtsqj5lz5qd42auh8vvrfn03
2026-09-09T12:06:42+00:00	dgx-spark-04	True	1	cmtpeql4y1etk2auhbk9668ry
2026-09-09T12:06:42+00:00	dgx-spark-03	True	1	cmtpsaud71whj2auh0k27ynki
2026-09-09T12:06:42+00:00	dgx-spark-02	True	1	cmtsqj5lz5qd42auh8vvrfn03
2026-09-09T12:06:45+00:00	dgx-spark-04	True	1	cmtpeql4y1etk2auhbk9668ry
2026-09-09T12:06:45+00:00	dgx-spark-03	True	1	cmtpsaud71whj2auh0k27ynki
2026-09-09T12:06:45+00:00	dgx-spark-02	True	1	cmtsqj5lz5qd42auh8vvrfn03
2026-09-09T12:06:47+00:00	dgx-spark-04	True	1	cmtpeql4y1etk2auhbk9668ry
2026-09-09T12:06:47+00:00	dgx-spark-03	True	1	cmtpsaud71whj2auh0k27ynki
2026-09-09T12:06:47+00:00	dgx-spark-02	True	1	cmtsqj5lz5qd42auh8vvrfn03
2026-09-09T12:06:49+00:00	dgx-spark-04	True	1	cmtpeql4y1etk2auhbk9668ry
2026-09-09T12:06:49+00:00	dgx-spark-03	True	1	cmtpsaud71whj2auh0k27ynki
2026-09-09T12:06:49+00:00	dgx-spark-02	True	1	cmtsqj5lz5qd42auh8vvrfn03
2026-09-09T12:06:51+00:00	dgx-spark-04	True	1	cmtpeql4y1etk2auhbk9668ry
2026-09-09T12:06:51+00:00	dgx-spark-03	True	1	cmtpsaud71whj2auh0k27ynki
2026-09-09T12:06:51+00:00	dgx-spark-02	True	1	cmtsqj5lz5qd42auh8vvrfn03
2026-09-09T12:06:53+00:00	dgx-spark-04	True	1	cmtpeql4y1etk2auhbk9668ry
2026-09-09T12:06:53+00:00	dgx-spark-03	True	1	cmtpsaud71whj2auh0k27ynki
2026-09-09T12:06:53+00:00	dgx-spark-02	True	1	cmtsqj5lz5qd42auh8vvrfn03
2026-09-09T12:06:55+00:00	dgx-spark-04	True	1	cmtpeql4y1etk2auhbk9668ry
2026-09-09T12:06:55+00:00	dgx-spark-03	True	1	cmtpsaud71whj2auh0k27ynki
2026-09-09T12:06:55+00:00	dgx-spark-02	True	1	cmtsqj5lz5qd42auh8vvrfn03
2026-09-09T12:06:57+00:00	dgx-spark-04	True	1	cmtpeql4y1etk2auhbk9668ry
2026-09-09T12:06:57+00:00	dgx-spark-03	True	1	cmtpsaud71whj2auh0k27ynki
2026-09-09T12:06:57+00:00	dgx-spark-02	True	1	cmtsqj5lz5qd42auh8vvrfn03
2026-09-09T12:06:59+00:00	dgx-spark-04	True	1	cmtpeql4y1etk2auhbk9668ry
2026-09-09T12:06:59+00:00	dgx-spark-03	True	1	cmtpsaud71whj2auh0k27ynki
2026-09-09T12:06:59+00:00	dgx-spark-02	True	1	cmtsqj5lz5qd42auh8vvrfn03
2026-09-09T12:07:01+00:00	dgx-spark-04	True	1	cmtpeql4y1etk2auhbk9668ry
2026-09-09T12:07:01+00:00	dgx-spark-03	True	1	cmtpsaud71whj2auh0k27ynki
2026-09-09T12:07:01+00:00	dgx-spark-02	True	1	cmtsqj5lz5qd42auh8vvrfn03
2026-09-09T12:07:03+00:00	dgx-spark-04	True	1	cmtpeql4y1etk2auhbk9668ry
2026-09-09T12:07:03+00:00	dgx-spark-03	True	1	cmtpsaud71whj2auh0k27ynki
2026-09-09T12:07:03+00:00	dgx-spark-02	True	1	cmtsqj5lz5qd42auh8vvrfn03
2026-09-09T12:07:05+00:00	dgx-spark-04	True	1	cmtpeql4y1etk2auhbk9668ry
2026-09-09T12:07:05+00:00	dgx-spark-03	True	1	cmtpsaud71whj2auh0k27ynki
2026-09-09T12:07:05+00:00	dgx-spark-02	True	1	cmtsqj5lz5qd42auh8vvrfn03
2026-09-09T12:07:07+00:00	dgx-spark-04	True	1	cmtpeql4y1etk2auhbk9668ry
2026-09-09T12:07:07+00:00	dgx-spark-03	True	1	cmtpsaud71whj2auh0k27ynki
2026-09-09T12:07:07+00:00	dgx-spark-02	True	1	cmtsqj5lz5qd42auh8vvrfn03
2026-09-09T12:07:09+00:00	dgx-spark-04	True	1	cmtpeql4y1etk2auhbk9668ry
2026-09-09T12:07:09+00:00	dgx-spark-03	True	1	cmtpsaud71whj2auh0k27ynki
2026-09-09T12:07:09+00:00	dgx-spark-02	True	1	cmtsqj5lz5qd42auh8vvrfn03
2026-09-09T12:07:11+00:00	dgx-spark-04	True	1	cmtpeql4y1etk2auhbk9668ry
2026-09-09T12:07:11+00:00	dgx-spark-03	True	1	cmtpsaud71whj2auh0k27ynki
2026-09-09T12:07:11+00:00	dgx-spark-02	True	1	cmtsqj5lz5qd42auh8vvrfn03
2026-09-09T12:07:13+00:00	dgx-spark-04	True	1	cmtpeql4y1etk2auhbk9668ry
2026-09-09T12:07:13+00:00	dgx-spark-03	True	1	cmtpsaud71whj2auh0k27ynki
2026-09-09T12:07:13+00:00	dgx-spark-02	True	1	cmtsqj5lz5qd42auh8vvrfn03
2026-09-09T12:07:15+00:00	dgx-spark-04	True	1	cmtpeql4y1etk2auhbk9668ry
2026-09-09T12:07:15+00:00	dgx-spark-03	True	1	cmtpsaud71whj2auh0k27ynki
2026-09-09T12:07:15+00:00	dgx-spark-02	True	1	cmtsqj5lz5qd42auh8vvrfn03
2026-09-09T12:07:17+00:00	dgx-spark-04	True	1	cmtpeql4y1etk2auhbk9668ry
2026-09-09T12:07:17+00:00	dgx-spark-03	True	1	cmtpsaud71whj2auh0k27ynki
2026-09-09T12:07:17+00:00	dgx-spark-02	True	1	cmtsqj5lz5qd42auh8vvrfn03
2026-09-09T12:07:19+00:00	dgx-spark-04	True	1	cmtpeql4y1etk2auhbk9668ry
2026-09-09T12:07:19+00:00	dgx-spark-03	True	1	cmtpsaud71whj2auh0k27ynki
2026-09-09T12:07:19+00:00	dgx-spark-02	True	1	cmtsqj5lz5qd42auh8vvrfn03
2026-09-09T12:07:21+00:00	dgx-spark-04	True	1	cmtpeql4y1etk2auhbk9668ry
2026-09-09T12:07:21+00:00	dgx-spark-03	True	1	cmtpsaud71whj2auh0k27ynki
2026-09-09T12:07:21+00:00	dgx-spark-02	True	1	cmtsqj5lz5qd42auh8vvrfn03
2026-09-09T12:07:23+00:00	dgx-spark-04	True	1	cmtpeql4y1etk2auhbk9668ry
2026-09-09T12:07:23+00:00	dgx-spark-03	True	1	cmtpsaud71whj2auh0k27ynki
2026-09-09T12:07:23+00:00	dgx-spark-02	True	1	cmtsqj5lz5qd42auh8vvrfn03
2026-09-09T12:07:25+00:00	dgx-spark-04	True	1	cmtpeql4y1etk2auhbk9668ry
2026-09-09T12:07:25+00:00	dgx-spark-03	True	0	cmtpsaud71whj2auh0k27ynki
2026-09-09T12:07:25+00:00	dgx-spark-02	True	1	cmtsqj5lz5qd42auh8vvrfn03
2026-09-09T12:07:27+00:00	dgx-spark-04	True	1	cmtpeql4y1etk2auhbk9668ry
2026-09-09T12:07:27+00:00	dgx-spark-03	True	1	cmtpsaud71whj2auh0k27ynki
2026-09-09T12:07:27+00:00	dgx-spark-02	True	1	cmtsqj5lz5qd42auh8vvrfn03
2026-09-09T12:07:29+00:00	dgx-spark-04	True	1	cmtpeql4y1etk2auhbk9668ry
2026-09-09T12:07:29+00:00	dgx-spark-03	True	1	cmtpsaud71whj2auh0k27ynki
2026-09-09T12:07:29+00:00	dgx-spark-02	True	1	cmtsqj5lz5qd42auh8vvrfn03
2026-09-09T12:07:31+00:00	dgx-spark-04	True	1	cmtpeql4y1etk2auhbk9668ry
2026-09-09T12:07:31+00:00	dgx-spark-03	True	1	cmtpsaud71whj2auh0k27ynki
2026-09-09T12:07:31+00:00	dgx-spark-02	True	1	cmtsqj5lz5qd42auh8vvrfn03
2026-09-09T12:07:33+00:00	dgx-spark-04	True	1	cmtpeql4y1etk2auhbk9668ry
2026-09-09T12:07:33+00:00	dgx-spark-03	True	1	cmtpsaud71whj2auh0k27ynki
2026-09-09T12:07:33+00:00	dgx-spark-02	True	1	cmtsqj5lz5qd42auh8vvrfn03
2026-09-09T12:07:35+00:00	dgx-spark-04	True	1	cmtpeql4y1etk2auhbk9668ry
2026-09-09T12:07:35+00:00	dgx-spark-03	True	1	cmtpsaud71whj2auh0k27ynki
2026-09-09T12:07:35+00:00	dgx-spark-02	True	1	cmtsqj5lz5qd42auh8vvrfn03
2026-09-09T12:07:37+00:00	dgx-spark-04	True	1	cmtpeql4y1etk2auhbk9668ry
2026-09-09T12:07:37+00:00	dgx-spark-03	True	1	cmtpsaud71whj2auh0k27ynki
2026-09-09T12:07:37+00:00	dgx-spark-02	True	1	cmtsqj5lz5qd42auh8vvrfn03
2026-09-09T12:07:39+00:00	dgx-spark-04	True	1	cmtpeql4y1etk2auhbk9668ry
2026-09-09T12:07:39+00:00	dgx-spark-03	True	1	cmtpsaud71whj2auh0k27ynki
2026-09-09T12:07:39+00:00	dgx-spark-02	True	1	cmtsqj5lz5qd42auh8vvrfn03
2026-09-09T12:07:41+00:00	dgx-spark-04	True	1	cmtpeql4y1etk2auhbk9668ry
2026-09-09T12:07:41+00:00	dgx-spark-03	True	1	cmtpsaud71whj2auh0k27ynki
2026-09-09T12:07:41+00:00	dgx-spark-02	True	1	cmtsqj5lz5qd42auh8vvrfn03
2026-09-09T12:07:43+00:00	dgx-spark-04	True	1	cmtpeql4y1etk2auhbk9668ry
2026-09-09T12:07:43+00:00	dgx-spark-03	True	1	cmtpsaud71whj2auh0k27ynki
2026-09-09T12:07:43+00:00	dgx-spark-02	True	1	cmtsqj5lz5qd42auh8vvrfn03
2026-09-09T12:07:45+00:00	dgx-spark-04	True	1	cmtpeql4y1etk2auhbk9668ry
2026-09-09T12:07:45+00:00	dgx-spark-03	True	1	cmtpsaud71whj2auh0k27ynki
2026-09-09T12:07:45+00:00	dgx-spark-02	True	1	cmtsqj5lz5qd42auh8vvrfn03
2026-09-09T12:07:47+00:00	dgx-spark-04	True	1	cmtpeql4y1etk2auhbk9668ry
2026-09-09T12:07:47+00:00	dgx-spark-03	True	1	cmtpsaud71whj2auh0k27ynki
2026-09-09T12:07:47+00:00	dgx-spark-02	True	1	cmtsqj5lz5qd42auh8vvrfn03
2026-09-09T12:07:49+00:00	dgx-spark-04	True	1	cmtpeql4y1etk2auhbk9668ry
2026-09-09T12:07:49+00:00	dgx-spark-03	True	1	cmtpsaud71whj2auh0k27ynki
2026-09-09T12:07:49+00:00	dgx-spark-02	True	1	cmtsqj5lz5qd42auh8vvrfn03
2026-09-09T12:07:51+00:00	dgx-spark-04	True	1	cmtpeql4y1etk2auhbk9668ry
2026-09-09T12:07:51+00:00	dgx-spark-03	True	1	cmtpsaud71whj2auh0k27ynki
2026-09-09T12:07:51+00:00	dgx-spark-02	True	1	cmtsqj5lz5qd42auh8vvrfn03
2026-09-09T12:07:53+00:00	dgx-spark-04	True	1	cmtpeql4y1etk2auhbk9668ry
2026-09-09T12:07:53+00:00	dgx-spark-03	True	1	cmtpsaud71whj2auh0k27ynki
2026-09-09T12:07:53+00:00	dgx-spark-02	True	1	cmtsqj5lz5qd42auh8vvrfn03
2026-09-09T12:07:55+00:00	dgx-spark-04	True	1	cmtpeql4y1etk2auhbk9668ry
2026-09-09T12:07:55+00:00	dgx-spark-03	True	1	cmtpsaud71whj2auh0k27ynki
2026-09-09T12:07:55+00:00	dgx-spark-02	True	1	cmtsqj5lz5qd42auh8vvrfn03
2026-09-09T12:07:57+00:00	dgx-spark-04	True	1	cmtpeql4y1etk2auhbk9668ry
2026-09-09T12:07:57+00:00	dgx-spark-03	True	1	cmtpsaud71whj2auh0k27ynki
2026-09-09T12:07:57+00:00	dgx-spark-02	True	1	cmtsqj5lz5qd42auh8vvrfn03
2026-09-09T12:07:59+00:00	dgx-spark-04	True	1	cmtpeql4y1etk2auhbk9668ry
2026-09-09T12:07:59+00:00	dgx-spark-03	True	1	cmtpsaud71whj2auh0k27ynki
2026-09-09T12:07:59+00:00	dgx-spark-02	True	1	cmtsqj5lz5qd42auh8vvrfn03
2026-09-09T12:08:01+00:00	dgx-spark-04	True	1	cmtpeql4y1etk2auhbk9668ry
2026-09-09T12:08:01+00:00	dgx-spark-03	True	1	cmtpsaud71whj2auh0k27ynki
2026-09-09T12:08:01+00:00	dgx-spark-02	True	1	cmtsqj5lz5qd42auh8vvrfn03
2026-09-09T12:08:03+00:00	dgx-spark-04	True	1	cmtpeql4y1etk2auhbk9668ry
2026-09-09T12:08:03+00:00	dgx-spark-03	True	1	cmtpsaud71whj2auh0k27ynki
2026-09-09T12:08:03+00:00	dgx-spark-02	True	1	cmtsqj5lz5qd42auh8vvrfn03
2026-09-09T12:08:05+00:00	dgx-spark-04	True	1	cmtpeql4y1etk2auhbk9668ry
2026-09-09T12:08:05+00:00	dgx-spark-03	True	1	cmtpsaud71whj2auh0k27ynki
2026-09-09T12:08:05+00:00	dgx-spark-02	True	1	cmtsqj5lz5qd42auh8vvrfn03
2026-09-09T12:08:07+00:00	dgx-spark-04	True	1	cmtpeql4y1etk2auhbk9668ry
2026-09-09T12:08:07+00:00	dgx-spark-03	True	1	cmtpsaud71whj2auh0k27ynki
2026-09-09T12:08:07+00:00	dgx-spark-02	True	1	cmtsqj5lz5qd42auh8vvrfn03
2026-09-09T12:08:09+00:00	dgx-spark-04	True	1	cmtpeql4y1etk2auhbk9668ry
2026-09-09T12:08:09+00:00	dgx-spark-03	True	1	cmtpsaud71whj2auh0k27ynki
2026-09-09T12:08:09+00:00	dgx-spark-02	True	1	cmtsqj5lz5qd42auh8vvrfn03
2026-09-09T12:08:11+00:00	dgx-spark-04	True	1	cmtpeql4y1etk2auhbk9668ry
2026-09-09T12:08:11+00:00	dgx-spark-03	True	1	cmtpsaud71whj2auh0k27ynki
2026-09-09T12:08:11+00:00	dgx-spark-02	True	1	cmtsqj5lz5qd42auh8vvrfn03
2026-09-09T12:08:13+00:00	dgx-spark-04	True	1	cmtpeql4y1etk2auhbk9668ry
2026-09-09T12:08:13+00:00	dgx-spark-03	True	1	cmtpsaud71whj2auh0k27ynki
2026-09-09T12:08:13+00:00	dgx-spark-02	True	1	cmtsqj5lz5qd42auh8vvrfn03
2026-09-09T12:08:15+00:00	dgx-spark-04	True	1	cmtpeql4y1etk2auhbk9668ry
2026-09-09T12:08:15+00:00	dgx-spark-03	True	1	cmtpsaud71whj2auh0k27ynki
2026-09-09T12:08:15+00:00	dgx-spark-02	True	1	cmtsqj5lz5qd42auh8vvrfn03
2026-09-09T12:08:17+00:00	dgx-spark-04	True	1	cmtpeql4y1etk2auhbk9668ry
2026-09-09T12:08:17+00:00	dgx-spark-03	True	1	cmtpsaud71whj2auh0k27ynki
2026-09-09T12:08:17+00:00	dgx-spark-02	True	1	cmtsqj5lz5qd42auh8vvrfn03
2026-09-09T12:08:19+00:00	dgx-spark-04	True	1	cmtpeql4y1etk2auhbk9668ry
2026-09-09T12:08:19+00:00	dgx-spark-03	True	1	cmtpsaud71whj2auh0k27ynki
2026-09-09T12:08:19+00:00	dgx-spark-02	True	1	cmtsqj5lz5qd42auh8vvrfn03
2026-09-09T12:08:21+00:00	dgx-spark-04	True	1	cmtpeql4y1etk2auhbk9668ry
2026-09-09T12:08:21+00:00	dgx-spark-03	True	1	cmtpsaud71whj2auh0k27ynki
2026-09-09T12:08:21+00:00	dgx-spark-02	True	1	cmtsqj5lz5qd42auh8vvrfn03
2026-09-09T12:08:23+00:00	dgx-spark-04	True	1	cmtpeql4y1etk2auhbk9668ry
2026-09-09T12:08:23+00:00	dgx-spark-03	True	1	cmtpsaud71whj2auh0k27ynki
2026-09-09T12:08:23+00:00	dgx-spark-02	True	1	cmtsqj5lz5qd42auh8vvrfn03
2026-09-09T12:08:25+00:00	dgx-spark-04	True	1	cmtpeql4y1etk2auhbk9668ry
2026-09-09T12:08:25+00:00	dgx-spark-03	True	1	cmtpsaud71whj2auh0k27ynki
2026-09-09T12:08:25+00:00	dgx-spark-02	True	1	cmtsqj5lz5qd42auh8vvrfn03
2026-09-09T12:08:27+00:00	dgx-spark-04	True	1	cmtpeql4y1etk2auhbk9668ry
2026-09-09T12:08:27+00:00	dgx-spark-03	True	1	cmtpsaud71whj2auh0k27ynki
2026-09-09T12:08:27+00:00	dgx-spark-02	True	1	cmtsqj5lz5qd42auh8vvrfn03
2026-09-09T12:08:29+00:00	dgx-spark-04	True	1	cmtpeql4y1etk2auhbk9668ry
2026-09-09T12:08:29+00:00	dgx-spark-03	True	1	cmtpsaud71whj2auh0k27ynki
2026-09-09T12:08:29+00:00	dgx-spark-02	True	1	cmtsqj5lz5qd42auh8vvrfn03
2026-09-09T12:08:31+00:00	dgx-spark-04	True	1	cmtpeql4y1etk2auhbk9668ry
2026-09-09T12:08:31+00:00	dgx-spark-03	True	1	cmtpsaud71whj2auh0k27ynki
2026-09-09T12:08:31+00:00	dgx-spark-02	True	1	cmtsqj5lz5qd42auh8vvrfn03
2026-09-09T12:08:33+00:00	dgx-spark-04	True	1	cmtpeql4y1etk2auhbk9668ry
2026-09-09T12:08:33+00:00	dgx-spark-03	True	1	cmtpsaud71whj2auh0k27ynki
2026-09-09T12:08:33+00:00	dgx-spark-02	True	1	cmtsqj5lz5qd42auh8vvrfn03
2026-09-09T12:08:35+00:00	dgx-spark-04	True	1	cmtpeql4y1etk2auhbk9668ry
2026-09-09T12:08:35+00:00	dgx-spark-03	True	1	cmtpsaud71whj2auh0k27ynki
2026-09-09T12:08:35+00:00	dgx-spark-02	True	1	cmtsqj5lz5qd42auh8vvrfn03
2026-09-09T12:08:38+00:00	dgx-spark-04	True	1	cmtpeql4y1etk2auhbk9668ry
2026-09-09T12:08:38+00:00	dgx-spark-03	True	1	cmtpsaud71whj2auh0k27ynki
2026-09-09T12:08:38+00:00	dgx-spark-02	True	1	cmtsqj5lz5qd42auh8vvrfn03
2026-09-09T12:08:40+00:00	dgx-spark-04	True	1	cmtpeql4y1etk2auhbk9668ry
2026-09-09T12:08:40+00:00	dgx-spark-03	True	1	cmtpsaud71whj2auh0k27ynki
2026-09-09T12:08:40+00:00	dgx-spark-02	True	1	cmtsqj5lz5qd42auh8vvrfn03
2026-09-09T12:08:42+00:00	dgx-spark-04	True	1	cmtpeql4y1etk2auhbk9668ry
2026-09-09T12:08:42+00:00	dgx-spark-03	True	1	cmtpsaud71whj2auh0k27ynki
2026-09-09T12:08:42+00:00	dgx-spark-02	True	1	cmtsqj5lz5qd42auh8vvrfn03
2026-09-09T12:08:44+00:00	dgx-spark-04	True	1	cmtpeql4y1etk2auhbk9668ry
2026-09-09T12:08:44+00:00	dgx-spark-03	True	1	cmtpsaud71whj2auh0k27ynki
2026-09-09T12:08:44+00:00	dgx-spark-02	True	1	cmtsqj5lz5qd42auh8vvrfn03
2026-09-09T12:08:46+00:00	dgx-spark-04	True	1	cmtpeql4y1etk2auhbk9668ry
2026-09-09T12:08:46+00:00	dgx-spark-03	True	1	cmtpsaud71whj2auh0k27ynki
2026-09-09T12:08:46+00:00	dgx-spark-02	True	1	cmtsqj5lz5qd42auh8vvrfn03
2026-09-09T12:08:48+00:00	dgx-spark-04	True	1	cmtpeql4y1etk2auhbk9668ry
2026-09-09T12:08:48+00:00	dgx-spark-03	True	1	cmtpsaud71whj2auh0k27ynki
2026-09-09T12:08:48+00:00	dgx-spark-02	True	1	cmtsqj5lz5qd42auh8vvrfn03
2026-09-09T12:08:50+00:00	dgx-spark-04	True	1	cmtpeql4y1etk2auhbk9668ry
2026-09-09T12:08:50+00:00	dgx-spark-03	True	1	cmtpsaud71whj2auh0k27ynki
2026-09-09T12:08:50+00:00	dgx-spark-02	True	1	cmtsqj5lz5qd42auh8vvrfn03
2026-09-09T12:08:52+00:00	dgx-spark-04	True	1	cmtpeql4y1etk2auhbk9668ry
2026-09-09T12:08:52+00:00	dgx-spark-03	True	1	cmtpsaud71whj2auh0k27ynki
2026-09-09T12:08:52+00:00	dgx-spark-02	True	1	cmtsqj5lz5qd42auh8vvrfn03
2026-09-09T12:08:54+00:00	dgx-spark-04	True	1	cmtpeql4y1etk2auhbk9668ry
2026-09-09T12:08:54+00:00	dgx-spark-03	True	1	cmtpsaud71whj2auh0k27ynki
2026-09-09T12:08:54+00:00	dgx-spark-02	True	1	cmtsqj5lz5qd42auh8vvrfn03
2026-09-09T12:08:56+00:00	dgx-spark-04	True	1	cmtpeql4y1etk2auhbk9668ry
2026-09-09T12:08:56+00:00	dgx-spark-03	True	1	cmtpsaud71whj2auh0k27ynki
2026-09-09T12:08:56+00:00	dgx-spark-02	True	1	cmtsqj5lz5qd42auh8vvrfn03
2026-09-09T12:08:58+00:00	dgx-spark-04	True	1	cmtpeql4y1etk2auhbk9668ry
2026-09-09T12:08:58+00:00	dgx-spark-03	True	1	cmtpsaud71whj2auh0k27ynki
2026-09-09T12:08:58+00:00	dgx-spark-02	True	1	cmtsqj5lz5qd42auh8vvrfn03
2026-09-09T12:09:00+00:00	dgx-spark-04	True	1	cmtpeql4y1etk2auhbk9668ry
2026-09-09T12:09:00+00:00	dgx-spark-03	True	1	cmtpsaud71whj2auh0k27ynki
2026-09-09T12:09:00+00:00	dgx-spark-02	True	1	cmtsqj5lz5qd42auh8vvrfn03
2026-09-09T12:09:02+00:00	dgx-spark-04	True	1	cmtpeql4y1etk2auhbk9668ry
2026-09-09T12:09:02+00:00	dgx-spark-03	True	1	cmtpsaud71whj2auh0k27ynki
2026-09-09T12:09:02+00:00	dgx-spark-02	True	1	cmtsqj5lz5qd42auh8vvrfn03
2026-09-09T12:09:04+00:00	dgx-spark-04	True	1	cmtpeql4y1etk2auhbk9668ry
2026-09-09T12:09:04+00:00	dgx-spark-03	True	1	cmtpsaud71whj2auh0k27ynki
2026-09-09T12:09:04+00:00	dgx-spark-02	True	1	cmtsqj5lz5qd42auh8vvrfn03
2026-09-09T12:09:06+00:00	dgx-spark-04	True	1	cmtpeql4y1etk2auhbk9668ry
2026-09-09T12:09:06+00:00	dgx-spark-03	True	1	cmtpsaud71whj2auh0k27ynki
2026-09-09T12:09:06+00:00	dgx-spark-02	True	1	cmtsqj5lz5qd42auh8vvrfn03
2026-09-09T12:09:08+00:00	dgx-spark-04	True	1	cmtpeql4y1etk2auhbk9668ry
2026-09-09T12:09:08+00:00	dgx-spark-03	True	1	cmtpsaud71whj2auh0k27ynki
2026-09-09T12:09:08+00:00	dgx-spark-02	True	1	cmtsqj5lz5qd42auh8vvrfn03
2026-09-09T12:09:10+00:00	dgx-spark-04	True	1	cmtpeql4y1etk2auhbk9668ry
2026-09-09T12:09:10+00:00	dgx-spark-03	True	1	cmtpsaud71whj2auh0k27ynki
2026-09-09T12:09:10+00:00	dgx-spark-02	True	1	cmtsqj5lz5qd42auh8vvrfn03
2026-09-09T12:09:12+00:00	dgx-spark-04	True	1	cmtpeql4y1etk2auhbk9668ry
2026-09-09T12:09:12+00:00	dgx-spark-03	True	1	cmtpsaud71whj2auh0k27ynki
2026-09-09T12:09:12+00:00	dgx-spark-02	True	1	cmtsqj5lz5qd42auh8vvrfn03
2026-09-09T12:09:14+00:00	dgx-spark-04	True	1	cmtpeql4y1etk2auhbk9668ry
2026-09-09T12:09:14+00:00	dgx-spark-03	True	1	cmtpsaud71whj2auh0k27ynki
2026-09-09T12:09:14+00:00	dgx-spark-02	True	1	cmtsqj5lz5qd42auh8vvrfn03
2026-09-09T12:09:16+00:00	dgx-spark-04	True	1	cmtpeql4y1etk2auhbk9668ry
2026-09-09T12:09:16+00:00	dgx-spark-03	True	1	cmtpsaud71whj2auh0k27ynki
2026-09-09T12:09:16+00:00	dgx-spark-02	True	1	cmtsqj5lz5qd42auh8vvrfn03
2026-09-09T12:09:18+00:00	dgx-spark-04	True	1	cmtpeql4y1etk2auhbk9668ry
2026-09-09T12:09:18+00:00	dgx-spark-03	True	1	cmtpsaud71whj2auh0k27ynki
2026-09-09T12:09:18+00:00	dgx-spark-02	True	1	cmtsqj5lz5qd42auh8vvrfn03
2026-09-09T12:09:20+00:00	dgx-spark-04	True	1	cmtpeql4y1etk2auhbk9668ry
2026-09-09T12:09:20+00:00	dgx-spark-03	True	1	cmtpsaud71whj2auh0k27ynki
2026-09-09T12:09:20+00:00	dgx-spark-02	True	1	cmtsqj5lz5qd42auh8vvrfn03
2026-09-09T12:09:22+00:00	dgx-spark-04	True	1	cmtpeql4y1etk2auhbk9668ry
2026-09-09T12:09:22+00:00	dgx-spark-03	True	1	cmtpsaud71whj2auh0k27ynki
2026-09-09T12:09:22+00:00	dgx-spark-02	True	1	cmtsqj5lz5qd42auh8vvrfn03
2026-09-09T12:09:24+00:00	dgx-spark-04	True	1	cmtpeql4y1etk2auhbk9668ry
2026-09-09T12:09:24+00:00	dgx-spark-03	True	1	cmtpsaud71whj2auh0k27ynki
2026-09-09T12:09:24+00:00	dgx-spark-02	True	1	cmtsqj5lz5qd42auh8vvrfn03
2026-09-09T12:09:26+00:00	dgx-spark-04	True	1	cmtpeql4y1etk2auhbk9668ry
2026-09-09T12:09:26+00:00	dgx-spark-03	True	1	cmtpsaud71whj2auh0k27ynki
2026-09-09T12:09:26+00:00	dgx-spark-02	True	1	cmtsqj5lz5qd42auh8vvrfn03
2026-09-09T12:09:28+00:00	dgx-spark-04	True	1	cmtpeql4y1etk2auhbk9668ry
2026-09-09T12:09:28+00:00	dgx-spark-03	True	1	cmtpsaud71whj2auh0k27ynki
2026-09-09T12:09:28+00:00	dgx-spark-02	True	1	cmtsqj5lz5qd42auh8vvrfn03
2026-09-09T12:09:30+00:00	dgx-spark-04	True	1	cmtpeql4y1etk2auhbk9668ry
2026-09-09T12:09:30+00:00	dgx-spark-03	True	1	cmtpsaud71whj2auh0k27ynki
2026-09-09T12:09:30+00:00	dgx-spark-02	True	1	cmtsqj5lz5qd42auh8vvrfn03
2026-09-09T12:09:32+00:00	dgx-spark-04	True	1	cmtpeql4y1etk2auhbk9668ry
2026-09-09T12:09:32+00:00	dgx-spark-03	True	1	cmtpsaud71whj2auh0k27ynki
2026-09-09T12:09:32+00:00	dgx-spark-02	True	1	cmtsqj5lz5qd42auh8vvrfn03
2026-09-09T12:09:34+00:00	dgx-spark-04	True	1	cmtpeql4y1etk2auhbk9668ry
2026-09-09T12:09:34+00:00	dgx-spark-03	True	1	cmtpsaud71whj2auh0k27ynki
2026-09-09T12:09:34+00:00	dgx-spark-02	True	1	cmtsqj5lz5qd42auh8vvrfn03
2026-09-09T12:09:36+00:00	dgx-spark-04	True	1	cmtpeql4y1etk2auhbk9668ry
2026-09-09T12:09:36+00:00	dgx-spark-03	True	1	cmtpsaud71whj2auh0k27ynki
2026-09-09T12:09:36+00:00	dgx-spark-02	True	1	cmtsqj5lz5qd42auh8vvrfn03
2026-09-09T12:09:38+00:00	dgx-spark-04	True	1	cmtpeql4y1etk2auhbk9668ry
2026-09-09T12:09:38+00:00	dgx-spark-03	True	1	cmtpsaud71whj2auh0k27ynki
2026-09-09T12:09:38+00:00	dgx-spark-02	True	1	cmtsqj5lz5qd42auh8vvrfn03
2026-09-09T12:09:40+00:00	dgx-spark-04	True	1	cmtpeql4y1etk2auhbk9668ry
2026-09-09T12:09:40+00:00	dgx-spark-03	True	0	cmtpsaud71whj2auh0k27ynki
2026-09-09T12:09:40+00:00	dgx-spark-02	True	1	cmtsqj5lz5qd42auh8vvrfn03
2026-09-09T12:09:42+00:00	dgx-spark-04	True	1	cmtpeql4y1etk2auhbk9668ry
2026-09-09T12:09:42+00:00	dgx-spark-03	True	1	cmtpsaud71whj2auh0k27ynki
2026-09-09T12:09:42+00:00	dgx-spark-02	True	1	cmtsqj5lz5qd42auh8vvrfn03
2026-09-09T12:09:44+00:00	dgx-spark-04	True	1	cmtpeql4y1etk2auhbk9668ry
2026-09-09T12:09:44+00:00	dgx-spark-03	True	1	cmtpsaud71whj2auh0k27ynki
2026-09-09T12:09:44+00:00	dgx-spark-02	True	1	cmtsqj5lz5qd42auh8vvrfn03
2026-09-09T12:09:46+00:00	dgx-spark-04	True	1	cmtpeql4y1etk2auhbk9668ry
2026-09-09T12:09:46+00:00	dgx-spark-03	True	1	cmtpsaud71whj2auh0k27ynki
2026-09-09T12:09:46+00:00	dgx-spark-02	True	1	cmtsqj5lz5qd42auh8vvrfn03
2026-09-09T12:09:48+00:00	dgx-spark-04	True	1	cmtpeql4y1etk2auhbk9668ry
2026-09-09T12:09:48+00:00	dgx-spark-03	True	1	cmtpsaud71whj2auh0k27ynki
2026-09-09T12:09:48+00:00	dgx-spark-02	True	1	cmtsqj5lz5qd42auh8vvrfn03
2026-09-09T12:09:50+00:00	dgx-spark-04	True	1	cmtpeql4y1etk2auhbk9668ry
2026-09-09T12:09:50+00:00	dgx-spark-03	True	1	cmtpsaud71whj2auh0k27ynki
2026-09-09T12:09:50+00:00	dgx-spark-02	True	1	cmtsqj5lz5qd42auh8vvrfn03
2026-09-09T12:09:52+00:00	dgx-spark-04	True	1	cmtpeql4y1etk2auhbk9668ry
2026-09-09T12:09:52+00:00	dgx-spark-03	True	1	cmtpsaud71whj2auh0k27ynki
2026-09-09T12:09:52+00:00	dgx-spark-02	True	1	cmtsqj5lz5qd42auh8vvrfn03
2026-09-09T12:09:54+00:00	dgx-spark-04	True	1	cmtpeql4y1etk2auhbk9668ry
2026-09-09T12:09:54+00:00	dgx-spark-03	True	1	cmtpsaud71whj2auh0k27ynki
2026-09-09T12:09:54+00:00	dgx-spark-02	True	1	cmtsqj5lz5qd42auh8vvrfn03
2026-09-09T12:09:56+00:00	dgx-spark-04	True	1	cmtpeql4y1etk2auhbk9668ry
2026-09-09T12:09:56+00:00	dgx-spark-03	True	1	cmtpsaud71whj2auh0k27ynki
2026-09-09T12:09:56+00:00	dgx-spark-02	True	1	cmtsqj5lz5qd42auh8vvrfn03
2026-09-09T12:09:58+00:00	dgx-spark-04	True	1	cmtpeql4y1etk2auhbk9668ry
2026-09-09T12:09:58+00:00	dgx-spark-03	True	1	cmtpsaud71whj2auh0k27ynki
2026-09-09T12:09:58+00:00	dgx-spark-02	True	1	cmtsqj5lz5qd42auh8vvrfn03
2026-09-09T12:10:00+00:00	dgx-spark-04	True	1	cmtpeql4y1etk2auhbk9668ry
2026-09-09T12:10:00+00:00	dgx-spark-03	True	1	cmtpsaud71whj2auh0k27ynki
2026-09-09T12:10:00+00:00	dgx-spark-02	True	1	cmtsqj5lz5qd42auh8vvrfn03
2026-09-09T12:10:02+00:00	dgx-spark-04	True	1	cmtpeql4y1etk2auhbk9668ry
2026-09-09T12:10:02+00:00	dgx-spark-03	True	1	cmtpsaud71whj2auh0k27ynki
2026-09-09T12:10:02+00:00	dgx-spark-02	True	1	cmtsqj5lz5qd42auh8vvrfn03
2026-09-09T12:10:04+00:00	dgx-spark-04	True	1	cmtpeql4y1etk2auhbk9668ry
2026-09-09T12:10:04+00:00	dgx-spark-03	True	1	cmtpsaud71whj2auh0k27ynki
2026-09-09T12:10:04+00:00	dgx-spark-02	True	1	cmtsqj5lz5qd42auh8vvrfn03
2026-09-09T12:10:06+00:00	dgx-spark-04	True	1	cmtpeql4y1etk2auhbk9668ry
2026-09-09T12:10:06+00:00	dgx-spark-03	True	1	cmtpsaud71whj2auh0k27ynki
2026-09-09T12:10:06+00:00	dgx-spark-02	True	1	cmtsqj5lz5qd42auh8vvrfn03
2026-09-09T12:10:08+00:00	dgx-spark-04	True	1	cmtpeql4y1etk2auhbk9668ry
2026-09-09T12:10:08+00:00	dgx-spark-03	True	1	cmtpsaud71whj2auh0k27ynki
2026-09-09T12:10:08+00:00	dgx-spark-02	True	1	cmtsqj5lz5qd42auh8vvrfn03
2026-09-09T12:10:10+00:00	dgx-spark-04	True	1	cmtpeql4y1etk2auhbk9668ry
2026-09-09T12:10:10+00:00	dgx-spark-03	True	1	cmtpsaud71whj2auh0k27ynki
2026-09-09T12:10:10+00:00	dgx-spark-02	True	1	cmtsqj5lz5qd42auh8vvrfn03
2026-09-09T12:10:13+00:00	dgx-spark-04	True	1	cmtpeql4y1etk2auhbk9668ry
2026-09-09T12:10:13+00:00	dgx-spark-03	True	1	cmtpsaud71whj2auh0k27ynki
2026-09-09T12:10:13+00:00	dgx-spark-02	True	1	cmtsqj5lz5qd42auh8vvrfn03
2026-09-09T12:10:15+00:00	dgx-spark-04	True	1	cmtpeql4y1etk2auhbk9668ry
2026-09-09T12:10:15+00:00	dgx-spark-03	True	1	cmtpsaud71whj2auh0k27ynki
2026-09-09T12:10:15+00:00	dgx-spark-02	True	1	cmtsqj5lz5qd42auh8vvrfn03
2026-09-09T12:10:17+00:00	dgx-spark-04	True	1	cmtpeql4y1etk2auhbk9668ry
2026-09-09T12:10:17+00:00	dgx-spark-03	True	1	cmtpsaud71whj2auh0k27ynki
2026-09-09T12:10:17+00:00	dgx-spark-02	True	1	cmtsqj5lz5qd42auh8vvrfn03
2026-09-09T12:10:19+00:00	dgx-spark-04	True	1	cmtpeql4y1etk2auhbk9668ry
2026-09-09T12:10:19+00:00	dgx-spark-03	True	1	cmtpsaud71whj2auh0k27ynki
2026-09-09T12:10:19+00:00	dgx-spark-02	True	1	cmtsqj5lz5qd42auh8vvrfn03
2026-09-09T12:10:21+00:00	dgx-spark-04	True	1	cmtpeql4y1etk2auhbk9668ry
2026-09-09T12:10:21+00:00	dgx-spark-03	True	1	cmtpsaud71whj2auh0k27ynki
2026-09-09T12:10:21+00:00	dgx-spark-02	True	1	cmtsqj5lz5qd42auh8vvrfn03
2026-09-09T12:10:23+00:00	dgx-spark-04	True	1	cmtpeql4y1etk2auhbk9668ry
2026-09-09T12:10:23+00:00	dgx-spark-03	True	0	cmtpsaud71whj2auh0k27ynki
2026-09-09T12:10:23+00:00	dgx-spark-02	True	1	cmtsqj5lz5qd42auh8vvrfn03
2026-09-09T12:10:25+00:00	dgx-spark-04	True	1	cmtpeql4y1etk2auhbk9668ry
2026-09-09T12:10:25+00:00	dgx-spark-03	True	1	cmtpsaud71whj2auh0k27ynki
2026-09-09T12:10:25+00:00	dgx-spark-02	True	1	cmtsqj5lz5qd42auh8vvrfn03
2026-09-09T12:10:27+00:00	dgx-spark-04	True	1	cmtpeql4y1etk2auhbk9668ry
2026-09-09T12:10:27+00:00	dgx-spark-03	True	1	cmtpsaud71whj2auh0k27ynki
2026-09-09T12:10:27+00:00	dgx-spark-02	True	1	cmtsqj5lz5qd42auh8vvrfn03
2026-09-09T12:10:29+00:00	dgx-spark-04	True	1	cmtpeql4y1etk2auhbk9668ry
2026-09-09T12:10:29+00:00	dgx-spark-03	True	1	cmtpsaud71whj2auh0k27ynki
2026-09-09T12:10:29+00:00	dgx-spark-02	True	1	cmtsqj5lz5qd42auh8vvrfn03
2026-09-09T12:10:31+00:00	dgx-spark-04	True	1	cmtpeql4y1etk2auhbk9668ry
2026-09-09T12:10:31+00:00	dgx-spark-03	True	1	cmtpsaud71whj2auh0k27ynki
2026-09-09T12:10:31+00:00	dgx-spark-02	True	1	cmtsqj5lz5qd42auh8vvrfn03
2026-09-09T12:10:33+00:00	dgx-spark-04	True	1	cmtpeql4y1etk2auhbk9668ry
2026-09-09T12:10:33+00:00	dgx-spark-03	True	1	cmtpsaud71whj2auh0k27ynki
2026-09-09T12:10:33+00:00	dgx-spark-02	True	1	cmtsqj5lz5qd42auh8vvrfn03
2026-09-09T12:10:35+00:00	dgx-spark-04	True	1	cmtpeql4y1etk2auhbk9668ry
2026-09-09T12:10:35+00:00	dgx-spark-03	True	1	cmtpsaud71whj2auh0k27ynki
2026-09-09T12:10:35+00:00	dgx-spark-02	True	1	cmtsqj5lz5qd42auh8vvrfn03
2026-09-09T12:10:37+00:00	dgx-spark-04	True	1	cmtpeql4y1etk2auhbk9668ry
2026-09-09T12:10:37+00:00	dgx-spark-03	True	1	cmtpsaud71whj2auh0k27ynki
2026-09-09T12:10:37+00:00	dgx-spark-02	True	1	cmtsqj5lz5qd42auh8vvrfn03
2026-09-09T12:10:39+00:00	dgx-spark-04	True	1	cmtpeql4y1etk2auhbk9668ry
2026-09-09T12:10:39+00:00	dgx-spark-03	True	1	cmtpsaud71whj2auh0k27ynki
2026-09-09T12:10:39+00:00	dgx-spark-02	True	1	cmtsqj5lz5qd42auh8vvrfn03
2026-09-09T12:10:41+00:00	dgx-spark-04	True	1	cmtpeql4y1etk2auhbk9668ry
2026-09-09T12:10:41+00:00	dgx-spark-03	True	1	cmtpsaud71whj2auh0k27ynki
2026-09-09T12:10:41+00:00	dgx-spark-02	True	1	cmtsqj5lz5qd42auh8vvrfn03
2026-09-09T12:10:43+00:00	dgx-spark-04	True	1	cmtpeql4y1etk2auhbk9668ry
2026-09-09T12:10:43+00:00	dgx-spark-03	True	1	cmtpsaud71whj2auh0k27ynki
2026-09-09T12:10:43+00:00	dgx-spark-02	True	1	cmtsqj5lz5qd42auh8vvrfn03
2026-09-09T12:10:45+00:00	dgx-spark-04	True	1	cmtpeql4y1etk2auhbk9668ry
2026-09-09T12:10:45+00:00	dgx-spark-03	True	1	cmtpsaud71whj2auh0k27ynki
2026-09-09T12:10:45+00:00	dgx-spark-02	True	1	cmtsqj5lz5qd42auh8vvrfn03
2026-09-09T12:10:47+00:00	dgx-spark-04	True	1	cmtpeql4y1etk2auhbk9668ry
2026-09-09T12:10:47+00:00	dgx-spark-03	True	1	cmtpsaud71whj2auh0k27ynki
2026-09-09T12:10:47+00:00	dgx-spark-02	True	1	cmtsqj5lz5qd42auh8vvrfn03
2026-09-09T12:10:49+00:00	dgx-spark-04	True	1	cmtpeql4y1etk2auhbk9668ry
2026-09-09T12:10:49+00:00	dgx-spark-03	True	1	cmtpsaud71whj2auh0k27ynki
2026-09-09T12:10:49+00:00	dgx-spark-02	True	1	cmtsqj5lz5qd42auh8vvrfn03
2026-09-09T12:10:51+00:00	dgx-spark-04	True	1	cmtpeql4y1etk2auhbk9668ry
2026-09-09T12:10:51+00:00	dgx-spark-03	True	1	cmtpsaud71whj2auh0k27ynki
2026-09-09T12:10:51+00:00	dgx-spark-02	True	1	cmtsqj5lz5qd42auh8vvrfn03
2026-09-09T12:10:53+00:00	dgx-spark-04	True	1	cmtpeql4y1etk2auhbk9668ry
2026-09-09T12:10:53+00:00	dgx-spark-03	True	1	cmtpsaud71whj2auh0k27ynki
2026-09-09T12:10:53+00:00	dgx-spark-02	True	1	cmtsqj5lz5qd42auh8vvrfn03
2026-09-09T12:10:55+00:00	dgx-spark-04	True	1	cmtpeql4y1etk2auhbk9668ry
2026-09-09T12:10:55+00:00	dgx-spark-03	True	1	cmtpsaud71whj2auh0k27ynki
2026-09-09T12:10:55+00:00	dgx-spark-02	True	1	cmtsqj5lz5qd42auh8vvrfn03
2026-09-09T12:10:57+00:00	dgx-spark-04	True	1	cmtpeql4y1etk2auhbk9668ry
2026-09-09T12:10:57+00:00	dgx-spark-03	True	1	cmtpsaud71whj2auh0k27ynki
2026-09-09T12:10:57+00:00	dgx-spark-02	True	1	cmtsqj5lz5qd42auh8vvrfn03
2026-09-09T12:10:59+00:00	dgx-spark-04	True	1	cmtpeql4y1etk2auhbk9668ry
2026-09-09T12:10:59+00:00	dgx-spark-03	True	1	cmtpsaud71whj2auh0k27ynki
2026-09-09T12:10:59+00:00	dgx-spark-02	True	1	cmtsqj5lz5qd42auh8vvrfn03
2026-09-09T12:11:01+00:00	dgx-spark-04	True	1	cmtpeql4y1etk2auhbk9668ry
2026-09-09T12:11:01+00:00	dgx-spark-03	True	1	cmtpsaud71whj2auh0k27ynki
2026-09-09T12:11:01+00:00	dgx-spark-02	True	1	cmtsqj5lz5qd42auh8vvrfn03
2026-09-09T12:11:03+00:00	dgx-spark-04	True	1	cmtpeql4y1etk2auhbk9668ry
2026-09-09T12:11:03+00:00	dgx-spark-03	True	1	cmtpsaud71whj2auh0k27ynki
2026-09-09T12:11:03+00:00	dgx-spark-02	True	1	cmtsqj5lz5qd42auh8vvrfn03
2026-09-09T12:11:05+00:00	dgx-spark-04	True	1	cmtpeql4y1etk2auhbk9668ry
2026-09-09T12:11:05+00:00	dgx-spark-03	True	1	cmtpsaud71whj2auh0k27ynki
2026-09-09T12:11:05+00:00	dgx-spark-02	True	1	cmtsqj5lz5qd42auh8vvrfn03
2026-09-09T12:11:07+00:00	dgx-spark-04	True	1	cmtpeql4y1etk2auhbk9668ry
2026-09-09T12:11:07+00:00	dgx-spark-03	True	1	cmtpsaud71whj2auh0k27ynki
2026-09-09T12:11:07+00:00	dgx-spark-02	True	1	cmtsqj5lz5qd42auh8vvrfn03
2026-09-09T12:11:09+00:00	dgx-spark-04	True	1	cmtpeql4y1etk2auhbk9668ry
2026-09-09T12:11:09+00:00	dgx-spark-03	True	1	cmtpsaud71whj2auh0k27ynki
2026-09-09T12:11:09+00:00	dgx-spark-02	True	1	cmtsqj5lz5qd42auh8vvrfn03
2026-09-09T12:11:11+00:00	dgx-spark-04	True	1	cmtpeql4y1etk2auhbk9668ry
2026-09-09T12:11:11+00:00	dgx-spark-03	True	0	cmtpsaud71whj2auh0k27ynki
2026-09-09T12:11:11+00:00	dgx-spark-02	True	1	cmtsqj5lz5qd42auh8vvrfn03
2026-09-09T12:11:13+00:00	dgx-spark-04	True	1	cmtpeql4y1etk2auhbk9668ry
2026-09-09T12:11:13+00:00	dgx-spark-03	True	1	cmtpsaud71whj2auh0k27ynki
2026-09-09T12:11:13+00:00	dgx-spark-02	True	1	cmtsqj5lz5qd42auh8vvrfn03
2026-09-09T12:11:15+00:00	dgx-spark-04	True	1	cmtpeql4y1etk2auhbk9668ry
2026-09-09T12:11:15+00:00	dgx-spark-03	True	1	cmtpsaud71whj2auh0k27ynki
2026-09-09T12:11:15+00:00	dgx-spark-02	True	1	cmtsqj5lz5qd42auh8vvrfn03
2026-09-09T12:11:17+00:00	dgx-spark-04	True	1	cmtpeql4y1etk2auhbk9668ry
2026-09-09T12:11:17+00:00	dgx-spark-03	True	1	cmtpsaud71whj2auh0k27ynki
2026-09-09T12:11:17+00:00	dgx-spark-02	True	1	cmtsqj5lz5qd42auh8vvrfn03
2026-09-09T12:11:19+00:00	dgx-spark-04	True	1	cmtpeql4y1etk2auhbk9668ry
2026-09-09T12:11:19+00:00	dgx-spark-03	True	1	cmtpsaud71whj2auh0k27ynki
2026-09-09T12:11:19+00:00	dgx-spark-02	True	1	cmtsqj5lz5qd42auh8vvrfn03
2026-09-09T12:11:21+00:00	dgx-spark-04	True	1	cmtpeql4y1etk2auhbk9668ry
2026-09-09T12:11:21+00:00	dgx-spark-03	True	1	cmtpsaud71whj2auh0k27ynki
2026-09-09T12:11:21+00:00	dgx-spark-02	True	1	cmtsqj5lz5qd42auh8vvrfn03
2026-09-09T12:11:23+00:00	dgx-spark-04	True	1	cmtpeql4y1etk2auhbk9668ry
2026-09-09T12:11:23+00:00	dgx-spark-03	True	1	cmtpsaud71whj2auh0k27ynki
2026-09-09T12:11:23+00:00	dgx-spark-02	True	1	cmtsqj5lz5qd42auh8vvrfn03
2026-09-09T12:11:25+00:00	dgx-spark-04	True	1	cmtpeql4y1etk2auhbk9668ry
2026-09-09T12:11:25+00:00	dgx-spark-03	True	1	cmtpsaud71whj2auh0k27ynki
2026-09-09T12:11:25+00:00	dgx-spark-02	True	1	cmtsqj5lz5qd42auh8vvrfn03
2026-09-09T12:11:27+00:00	dgx-spark-04	True	1	cmtpeql4y1etk2auhbk9668ry
2026-09-09T12:11:27+00:00	dgx-spark-03	True	1	cmtpsaud71whj2auh0k27ynki
2026-09-09T12:11:27+00:00	dgx-spark-02	True	1	cmtsqj5lz5qd42auh8vvrfn03
2026-09-09T12:11:29+00:00	dgx-spark-04	True	1	cmtpeql4y1etk2auhbk9668ry
2026-09-09T12:11:29+00:00	dgx-spark-03	True	1	cmtpsaud71whj2auh0k27ynki
2026-09-09T12:11:29+00:00	dgx-spark-02	True	1	cmtsqj5lz5qd42auh8vvrfn03
2026-09-09T12:11:31+00:00	dgx-spark-04	True	1	cmtpeql4y1etk2auhbk9668ry
2026-09-09T12:11:31+00:00	dgx-spark-03	True	1	cmtpsaud71whj2auh0k27ynki
2026-09-09T12:11:31+00:00	dgx-spark-02	True	1	cmtsqj5lz5qd42auh8vvrfn03
2026-09-09T12:11:33+00:00	dgx-spark-04	True	1	cmtpeql4y1etk2auhbk9668ry
2026-09-09T12:11:33+00:00	dgx-spark-03	True	0	cmtpsaud71whj2auh0k27ynki
2026-09-09T12:11:33+00:00	dgx-spark-02	True	1	cmtsqj5lz5qd42auh8vvrfn03
2026-09-09T12:11:35+00:00	dgx-spark-04	True	1	cmtpeql4y1etk2auhbk9668ry
2026-09-09T12:11:35+00:00	dgx-spark-03	True	1	cmtpsaud71whj2auh0k27ynki
2026-09-09T12:11:35+00:00	dgx-spark-02	True	1	cmtsqj5lz5qd42auh8vvrfn03
2026-09-09T12:11:37+00:00	dgx-spark-04	True	1	cmtpeql4y1etk2auhbk9668ry
2026-09-09T12:11:37+00:00	dgx-spark-03	True	1	cmtpsaud71whj2auh0k27ynki
2026-09-09T12:11:37+00:00	dgx-spark-02	True	1	cmtsqj5lz5qd42auh8vvrfn03
2026-09-09T12:11:40+00:00	dgx-spark-04	True	1	cmtpeql4y1etk2auhbk9668ry
2026-09-09T12:11:40+00:00	dgx-spark-03	True	1	cmtpsaud71whj2auh0k27ynki
2026-09-09T12:11:40+00:00	dgx-spark-02	True	1	cmtsqj5lz5qd42auh8vvrfn03
2026-09-09T12:11:42+00:00	dgx-spark-04	True	1	cmtpeql4y1etk2auhbk9668ry
2026-09-09T12:11:42+00:00	dgx-spark-03	True	1	cmtpsaud71whj2auh0k27ynki
2026-09-09T12:11:42+00:00	dgx-spark-02	True	1	cmtsqj5lz5qd42auh8vvrfn03
2026-09-09T12:11:44+00:00	dgx-spark-04	True	1	cmtpeql4y1etk2auhbk9668ry
2026-09-09T12:11:44+00:00	dgx-spark-03	True	1	cmtpsaud71whj2auh0k27ynki
2026-09-09T12:11:44+00:00	dgx-spark-02	True	1	cmtsqj5lz5qd42auh8vvrfn03
2026-09-09T12:11:46+00:00	dgx-spark-04	True	1	cmtpeql4y1etk2auhbk9668ry
2026-09-09T12:11:46+00:00	dgx-spark-03	True	1	cmtpsaud71whj2auh0k27ynki
2026-09-09T12:11:46+00:00	dgx-spark-02	True	1	cmtsqj5lz5qd42auh8vvrfn03
2026-09-09T12:11:48+00:00	dgx-spark-04	True	1	cmtpeql4y1etk2auhbk9668ry
2026-09-09T12:11:48+00:00	dgx-spark-03	True	1	cmtpsaud71whj2auh0k27ynki
2026-09-09T12:11:48+00:00	dgx-spark-02	True	1	cmtsqj5lz5qd42auh8vvrfn03
2026-09-09T12:11:50+00:00	dgx-spark-04	True	1	cmtpeql4y1etk2auhbk9668ry
2026-09-09T12:11:50+00:00	dgx-spark-03	True	1	cmtpsaud71whj2auh0k27ynki
2026-09-09T12:11:50+00:00	dgx-spark-02	True	1	cmtsqj5lz5qd42auh8vvrfn03
2026-09-09T12:11:52+00:00	dgx-spark-04	True	1	cmtpeql4y1etk2auhbk9668ry
2026-09-09T12:11:52+00:00	dgx-spark-03	True	1	cmtpsaud71whj2auh0k27ynki
2026-09-09T12:11:52+00:00	dgx-spark-02	True	1	cmtsqj5lz5qd42auh8vvrfn03
2026-09-09T12:11:54+00:00	dgx-spark-04	True	1	cmtpeql4y1etk2auhbk9668ry
2026-09-09T12:11:54+00:00	dgx-spark-03	True	1	cmtpsaud71whj2auh0k27ynki
2026-09-09T12:11:54+00:00	dgx-spark-02	True	1	cmtsqj5lz5qd42auh8vvrfn03
2026-09-09T12:11:56+00:00	dgx-spark-04	True	1	cmtpeql4y1etk2auhbk9668ry
2026-09-09T12:11:56+00:00	dgx-spark-03	True	1	cmtpsaud71whj2auh0k27ynki
2026-09-09T12:11:56+00:00	dgx-spark-02	True	1	cmtsqj5lz5qd42auh8vvrfn03
2026-09-09T12:11:58+00:00	dgx-spark-04	True	1	cmtpeql4y1etk2auhbk9668ry
2026-09-09T12:11:58+00:00	dgx-spark-03	True	1	cmtpsaud71whj2auh0k27ynki
2026-09-09T12:11:58+00:00	dgx-spark-02	True	1	cmtsqj5lz5qd42auh8vvrfn03
2026-09-09T12:12:00+00:00	dgx-spark-04	True	1	cmtpeql4y1etk2auhbk9668ry
2026-09-09T12:12:00+00:00	dgx-spark-03	True	1	cmtpsaud71whj2auh0k27ynki
2026-09-09T12:12:00+00:00	dgx-spark-02	True	1	cmtsqj5lz5qd42auh8vvrfn03
2026-09-09T12:12:02+00:00	dgx-spark-04	True	1	cmtpeql4y1etk2auhbk9668ry
2026-09-09T12:12:02+00:00	dgx-spark-03	True	1	cmtpsaud71whj2auh0k27ynki
2026-09-09T12:12:02+00:00	dgx-spark-02	True	1	cmtsqj5lz5qd42auh8vvrfn03
2026-09-09T12:12:04+00:00	dgx-spark-04	True	1	cmtpeql4y1etk2auhbk9668ry
2026-09-09T12:12:04+00:00	dgx-spark-03	True	1	cmtpsaud71whj2auh0k27ynki
2026-09-09T12:12:04+00:00	dgx-spark-02	True	1	cmtsqj5lz5qd42auh8vvrfn03
2026-09-09T12:12:06+00:00	dgx-spark-04	True	1	cmtpeql4y1etk2auhbk9668ry
2026-09-09T12:12:06+00:00	dgx-spark-03	True	1	cmtpsaud71whj2auh0k27ynki
2026-09-09T12:12:06+00:00	dgx-spark-02	True	1	cmtsqj5lz5qd42auh8vvrfn03
2026-09-09T12:12:08+00:00	dgx-spark-04	True	1	cmtpeql4y1etk2auhbk9668ry
2026-09-09T12:12:08+00:00	dgx-spark-03	True	1	cmtpsaud71whj2auh0k27ynki
2026-09-09T12:12:08+00:00	dgx-spark-02	True	1	cmtsqj5lz5qd42auh8vvrfn03
2026-09-09T12:12:10+00:00	dgx-spark-04	True	1	cmtpeql4y1etk2auhbk9668ry
2026-09-09T12:12:10+00:00	dgx-spark-03	True	1	cmtpsaud71whj2auh0k27ynki
2026-09-09T12:12:10+00:00	dgx-spark-02	True	1	cmtsqj5lz5qd42auh8vvrfn03
2026-09-09T12:12:12+00:00	dgx-spark-04	True	1	cmtpeql4y1etk2auhbk9668ry
2026-09-09T12:12:12+00:00	dgx-spark-03	True	1	cmtpsaud71whj2auh0k27ynki
2026-09-09T12:12:12+00:00	dgx-spark-02	True	1	cmtsqj5lz5qd42auh8vvrfn03
2026-09-09T12:12:14+00:00	dgx-spark-04	True	1	cmtpeql4y1etk2auhbk9668ry
2026-09-09T12:12:14+00:00	dgx-spark-03	True	1	cmtpsaud71whj2auh0k27ynki
2026-09-09T12:12:14+00:00	dgx-spark-02	True	1	cmtsqj5lz5qd42auh8vvrfn03
2026-09-09T12:12:16+00:00	dgx-spark-04	True	1	cmtpeql4y1etk2auhbk9668ry
2026-09-09T12:12:16+00:00	dgx-spark-03	True	1	cmtpsaud71whj2auh0k27ynki
2026-09-09T12:12:16+00:00	dgx-spark-02	True	1	cmtsqj5lz5qd42auh8vvrfn03
2026-09-09T12:12:18+00:00	dgx-spark-04	True	1	cmtpeql4y1etk2auhbk9668ry
2026-09-09T12:12:18+00:00	dgx-spark-03	True	1	cmtpsaud71whj2auh0k27ynki
2026-09-09T12:12:18+00:00	dgx-spark-02	True	1	cmtsqj5lz5qd42auh8vvrfn03
2026-09-09T12:12:20+00:00	dgx-spark-04	True	1	cmtpeql4y1etk2auhbk9668ry
2026-09-09T12:12:20+00:00	dgx-spark-03	True	1	cmtpsaud71whj2auh0k27ynki
2026-09-09T12:12:20+00:00	dgx-spark-02	True	1	cmtsqj5lz5qd42auh8vvrfn03
2026-09-09T12:12:22+00:00	dgx-spark-04	True	1	cmtpeql4y1etk2auhbk9668ry
2026-09-09T12:12:22+00:00	dgx-spark-03	True	1	cmtpsaud71whj2auh0k27ynki
2026-09-09T12:12:22+00:00	dgx-spark-02	True	1	cmtsqj5lz5qd42auh8vvrfn03
2026-09-09T12:12:24+00:00	dgx-spark-04	True	1	cmtpeql4y1etk2auhbk9668ry
2026-09-09T12:12:24+00:00	dgx-spark-03	True	1	cmtpsaud71whj2auh0k27ynki
2026-09-09T12:12:24+00:00	dgx-spark-02	True	1	cmtsqj5lz5qd42auh8vvrfn03
2026-09-09T12:12:26+00:00	dgx-spark-04	True	1	cmtpeql4y1etk2auhbk9668ry
2026-09-09T12:12:26+00:00	dgx-spark-03	True	1	cmtpsaud71whj2auh0k27ynki
2026-09-09T12:12:26+00:00	dgx-spark-02	True	1	cmtsqj5lz5qd42auh8vvrfn03
2026-09-09T12:12:28+00:00	dgx-spark-04	True	1	cmtpeql4y1etk2auhbk9668ry
2026-09-09T12:12:28+00:00	dgx-spark-03	True	1	cmtpsaud71whj2auh0k27ynki
2026-09-09T12:12:28+00:00	dgx-spark-02	True	1	cmtsqj5lz5qd42auh8vvrfn03
2026-09-09T12:12:30+00:00	dgx-spark-04	True	1	cmtpeql4y1etk2auhbk9668ry
2026-09-09T12:12:30+00:00	dgx-spark-03	True	1	cmtpsaud71whj2auh0k27ynki
2026-09-09T12:12:30+00:00	dgx-spark-02	True	1	cmtsqj5lz5qd42auh8vvrfn03
2026-09-09T12:12:32+00:00	dgx-spark-04	True	1	cmtpeql4y1etk2auhbk9668ry
2026-09-09T12:12:32+00:00	dgx-spark-03	True	1	cmtpsaud71whj2auh0k27ynki
2026-09-09T12:12:32+00:00	dgx-spark-02	True	1	cmtsqj5lz5qd42auh8vvrfn03
2026-09-09T12:12:34+00:00	dgx-spark-04	True	1	cmtpeql4y1etk2auhbk9668ry
2026-09-09T12:12:34+00:00	dgx-spark-03	True	1	cmtpsaud71whj2auh0k27ynki
2026-09-09T12:12:34+00:00	dgx-spark-02	True	1	cmtsqj5lz5qd42auh8vvrfn03
2026-09-09T12:12:36+00:00	dgx-spark-04	True	1	cmtpeql4y1etk2auhbk9668ry
2026-09-09T12:12:36+00:00	dgx-spark-03	True	1	cmtpsaud71whj2auh0k27ynki
2026-09-09T12:12:36+00:00	dgx-spark-02	True	1	cmtsqj5lz5qd42auh8vvrfn03
2026-09-09T12:12:38+00:00	dgx-spark-04	True	1	cmtpeql4y1etk2auhbk9668ry
2026-09-09T12:12:38+00:00	dgx-spark-03	True	1	cmtpsaud71whj2auh0k27ynki
2026-09-09T12:12:38+00:00	dgx-spark-02	True	1	cmtsqj5lz5qd42auh8vvrfn03
2026-09-09T12:12:40+00:00	dgx-spark-04	True	1	cmtpeql4y1etk2auhbk9668ry
2026-09-09T12:12:40+00:00	dgx-spark-03	True	1	cmtpsaud71whj2auh0k27ynki
2026-09-09T12:12:40+00:00	dgx-spark-02	True	1	cmtsqj5lz5qd42auh8vvrfn03
2026-09-09T12:12:42+00:00	dgx-spark-04	True	1	cmtpeql4y1etk2auhbk9668ry
2026-09-09T12:12:42+00:00	dgx-spark-03	True	1	cmtpsaud71whj2auh0k27ynki
2026-09-09T12:12:42+00:00	dgx-spark-02	True	1	cmtsqj5lz5qd42auh8vvrfn03
2026-09-09T12:12:44+00:00	dgx-spark-04	True	1	cmtpeql4y1etk2auhbk9668ry
2026-09-09T12:12:44+00:00	dgx-spark-03	True	1	cmtpsaud71whj2auh0k27ynki
2026-09-09T12:12:44+00:00	dgx-spark-02	True	1	cmtsqj5lz5qd42auh8vvrfn03
2026-09-09T12:12:46+00:00	dgx-spark-04	True	1	cmtpeql4y1etk2auhbk9668ry
2026-09-09T12:12:46+00:00	dgx-spark-03	True	1	cmtpsaud71whj2auh0k27ynki
2026-09-09T12:12:46+00:00	dgx-spark-02	True	1	cmtsqj5lz5qd42auh8vvrfn03
2026-09-09T12:12:48+00:00	dgx-spark-04	True	1	cmtpeql4y1etk2auhbk9668ry
2026-09-09T12:12:48+00:00	dgx-spark-03	True	1	cmtpsaud71whj2auh0k27ynki
2026-09-09T12:12:48+00:00	dgx-spark-02	True	1	cmtsqj5lz5qd42auh8vvrfn03
2026-09-09T12:12:50+00:00	dgx-spark-04	True	1	cmtpeql4y1etk2auhbk9668ry
2026-09-09T12:12:50+00:00	dgx-spark-03	True	1	cmtpsaud71whj2auh0k27ynki
2026-09-09T12:12:50+00:00	dgx-spark-02	True	1	cmtsqj5lz5qd42auh8vvrfn03
2026-09-09T12:12:52+00:00	dgx-spark-04	True	1	cmtpeql4y1etk2auhbk9668ry
2026-09-09T12:12:52+00:00	dgx-spark-03	True	1	cmtpsaud71whj2auh0k27ynki
2026-09-09T12:12:52+00:00	dgx-spark-02	True	1	cmtsqj5lz5qd42auh8vvrfn03
2026-09-09T12:12:54+00:00	dgx-spark-04	True	1	cmtpeql4y1etk2auhbk9668ry
2026-09-09T12:12:54+00:00	dgx-spark-03	True	1	cmtpsaud71whj2auh0k27ynki
2026-09-09T12:12:54+00:00	dgx-spark-02	True	1	cmtsqj5lz5qd42auh8vvrfn03
2026-09-09T12:12:56+00:00	dgx-spark-04	True	1	cmtpeql4y1etk2auhbk9668ry
2026-09-09T12:12:56+00:00	dgx-spark-03	True	1	cmtpsaud71whj2auh0k27ynki
2026-09-09T12:12:56+00:00	dgx-spark-02	True	1	cmtsqj5lz5qd42auh8vvrfn03
2026-09-09T12:12:58+00:00	dgx-spark-04	True	1	cmtpeql4y1etk2auhbk9668ry
2026-09-09T12:12:58+00:00	dgx-spark-03	True	1	cmtpsaud71whj2auh0k27ynki
2026-09-09T12:12:58+00:00	dgx-spark-02	True	1	cmtsqj5lz5qd42auh8vvrfn03
2026-09-09T12:13:00+00:00	dgx-spark-04	True	1	cmtpeql4y1etk2auhbk9668ry
2026-09-09T12:13:00+00:00	dgx-spark-03	True	1	cmtpsaud71whj2auh0k27ynki
2026-09-09T12:13:00+00:00	dgx-spark-02	True	1	cmtsqj5lz5qd42auh8vvrfn03
2026-09-09T12:13:02+00:00	dgx-spark-04	True	1	cmtpeql4y1etk2auhbk9668ry
2026-09-09T12:13:02+00:00	dgx-spark-03	True	1	cmtpsaud71whj2auh0k27ynki
2026-09-09T12:13:02+00:00	dgx-spark-02	True	1	cmtsqj5lz5qd42auh8vvrfn03
2026-09-09T12:13:04+00:00	dgx-spark-04	True	1	cmtpeql4y1etk2auhbk9668ry
2026-09-09T12:13:04+00:00	dgx-spark-03	True	1	cmtpsaud71whj2auh0k27ynki
2026-09-09T12:13:04+00:00	dgx-spark-02	True	1	cmtsqj5lz5qd42auh8vvrfn03
2026-09-09T12:13:06+00:00	dgx-spark-04	True	1	cmtpeql4y1etk2auhbk9668ry
2026-09-09T12:13:06+00:00	dgx-spark-03	True	1	cmtpsaud71whj2auh0k27ynki
2026-09-09T12:13:06+00:00	dgx-spark-02	True	1	cmtsqj5lz5qd42auh8vvrfn03
2026-09-09T12:13:08+00:00	dgx-spark-04	True	1	cmtpeql4y1etk2auhbk9668ry
2026-09-09T12:13:08+00:00	dgx-spark-03	True	1	cmtpsaud71whj2auh0k27ynki
2026-09-09T12:13:08+00:00	dgx-spark-02	True	1	cmtsqj5lz5qd42auh8vvrfn03
2026-09-09T12:13:10+00:00	dgx-spark-04	True	1	cmtpeql4y1etk2auhbk9668ry
2026-09-09T12:13:10+00:00	dgx-spark-03	True	1	cmtpsaud71whj2auh0k27ynki
2026-09-09T12:13:10+00:00	dgx-spark-02	True	1	cmtsqj5lz5qd42auh8vvrfn03
2026-09-09T12:13:12+00:00	dgx-spark-04	True	1	cmtpeql4y1etk2auhbk9668ry
2026-09-09T12:13:12+00:00	dgx-spark-03	True	1	cmtpsaud71whj2auh0k27ynki
2026-09-09T12:13:12+00:00	dgx-spark-02	True	1	cmtsqj5lz5qd42auh8vvrfn03
2026-09-09T12:13:14+00:00	dgx-spark-04	True	1	cmtpeql4y1etk2auhbk9668ry
2026-09-09T12:13:14+00:00	dgx-spark-03	True	1	cmtpsaud71whj2auh0k27ynki
2026-09-09T12:13:14+00:00	dgx-spark-02	True	1	cmtsqj5lz5qd42auh8vvrfn03
2026-09-09T12:13:16+00:00	dgx-spark-04	True	1	cmtpeql4y1etk2auhbk9668ry
2026-09-09T12:13:16+00:00	dgx-spark-03	True	1	cmtpsaud71whj2auh0k27ynki
2026-09-09T12:13:16+00:00	dgx-spark-02	True	1	cmtsqj5lz5qd42auh8vvrfn03
2026-09-09T12:13:19+00:00	dgx-spark-04	True	1	cmtpeql4y1etk2auhbk9668ry
2026-09-09T12:13:19+00:00	dgx-spark-03	True	1	cmtpsaud71whj2auh0k27ynki
2026-09-09T12:13:19+00:00	dgx-spark-02	True	1	cmtsqj5lz5qd42auh8vvrfn03
2026-09-09T12:13:21+00:00	dgx-spark-04	True	1	cmtpeql4y1etk2auhbk9668ry
2026-09-09T12:13:21+00:00	dgx-spark-03	True	1	cmtpsaud71whj2auh0k27ynki
2026-09-09T12:13:21+00:00	dgx-spark-02	True	1	cmtsqj5lz5qd42auh8vvrfn03
2026-09-09T12:13:23+00:00	dgx-spark-04	True	1	cmtpeql4y1etk2auhbk9668ry
2026-09-09T12:13:23+00:00	dgx-spark-03	True	1	cmtpsaud71whj2auh0k27ynki
2026-09-09T12:13:23+00:00	dgx-spark-02	True	1	cmtsqj5lz5qd42auh8vvrfn03
2026-09-09T12:13:25+00:00	dgx-spark-04	True	1	cmtpeql4y1etk2auhbk9668ry
2026-09-09T12:13:25+00:00	dgx-spark-03	True	1	cmtpsaud71whj2auh0k27ynki
2026-09-09T12:13:25+00:00	dgx-spark-02	True	1	cmtsqj5lz5qd42auh8vvrfn03
2026-09-09T12:13:27+00:00	dgx-spark-04	True	1	cmtpeql4y1etk2auhbk9668ry
2026-09-09T12:13:27+00:00	dgx-spark-03	True	1	cmtpsaud71whj2auh0k27ynki
2026-09-09T12:13:27+00:00	dgx-spark-02	True	1	cmtsqj5lz5qd42auh8vvrfn03
2026-09-09T12:13:29+00:00	dgx-spark-04	True	1	cmtpeql4y1etk2auhbk9668ry
2026-09-09T12:13:29+00:00	dgx-spark-03	True	1	cmtpsaud71whj2auh0k27ynki
2026-09-09T12:13:29+00:00	dgx-spark-02	True	1	cmtsqj5lz5qd42auh8vvrfn03
2026-09-09T12:13:31+00:00	dgx-spark-04	True	1	cmtpeql4y1etk2auhbk9668ry
2026-09-09T12:13:31+00:00	dgx-spark-03	True	1	cmtpsaud71whj2auh0k27ynki
2026-09-09T12:13:31+00:00	dgx-spark-02	True	1	cmtsqj5lz5qd42auh8vvrfn03
2026-09-09T12:13:33+00:00	dgx-spark-04	True	1	cmtpeql4y1etk2auhbk9668ry
2026-09-09T12:13:33+00:00	dgx-spark-03	True	1	cmtpsaud71whj2auh0k27ynki
2026-09-09T12:13:33+00:00	dgx-spark-02	True	1	cmtsqj5lz5qd42auh8vvrfn03
2026-09-09T12:13:35+00:00	dgx-spark-04	True	1	cmtpeql4y1etk2auhbk9668ry
2026-09-09T12:13:35+00:00	dgx-spark-03	True	1	cmtpsaud71whj2auh0k27ynki
2026-09-09T12:13:35+00:00	dgx-spark-02	True	1	cmtsqj5lz5qd42auh8vvrfn03
2026-09-09T12:13:37+00:00	dgx-spark-04	True	1	cmtpeql4y1etk2auhbk9668ry
2026-09-09T12:13:37+00:00	dgx-spark-03	True	1	cmtpsaud71whj2auh0k27ynki
2026-09-09T12:13:37+00:00	dgx-spark-02	True	1	cmtsqj5lz5qd42auh8vvrfn03
2026-09-09T12:13:39+00:00	dgx-spark-04	True	1	cmtpeql4y1etk2auhbk9668ry
2026-09-09T12:13:39+00:00	dgx-spark-03	True	1	cmtpsaud71whj2auh0k27ynki
2026-09-09T12:13:39+00:00	dgx-spark-02	True	1	cmtsqj5lz5qd42auh8vvrfn03
2026-09-09T12:13:41+00:00	dgx-spark-04	True	1	cmtpeql4y1etk2auhbk9668ry
2026-09-09T12:13:41+00:00	dgx-spark-03	True	1	cmtpsaud71whj2auh0k27ynki
2026-09-09T12:13:41+00:00	dgx-spark-02	True	1	cmtsqj5lz5qd42auh8vvrfn03
2026-09-09T12:13:43+00:00	dgx-spark-04	True	1	cmtpeql4y1etk2auhbk9668ry
2026-09-09T12:13:43+00:00	dgx-spark-03	True	1	cmtpsaud71whj2auh0k27ynki
2026-09-09T12:13:43+00:00	dgx-spark-02	True	1	cmtsqj5lz5qd42auh8vvrfn03
2026-09-09T12:13:45+00:00	dgx-spark-04	True	1	cmtpeql4y1etk2auhbk9668ry
2026-09-09T12:13:45+00:00	dgx-spark-03	True	1	cmtpsaud71whj2auh0k27ynki
2026-09-09T12:13:45+00:00	dgx-spark-02	True	1	cmtsqj5lz5qd42auh8vvrfn03
2026-09-09T12:13:47+00:00	dgx-spark-04	True	1	cmtpeql4y1etk2auhbk9668ry
2026-09-09T12:13:47+00:00	dgx-spark-03	True	1	cmtpsaud71whj2auh0k27ynki
2026-09-09T12:13:47+00:00	dgx-spark-02	True	1	cmtsqj5lz5qd42auh8vvrfn03
2026-09-09T12:13:49+00:00	dgx-spark-04	True	1	cmtpeql4y1etk2auhbk9668ry
2026-09-09T12:13:49+00:00	dgx-spark-03	True	1	cmtpsaud71whj2auh0k27ynki
2026-09-09T12:13:49+00:00	dgx-spark-02	True	1	cmtsqj5lz5qd42auh8vvrfn03
2026-09-09T12:13:51+00:00	dgx-spark-04	True	1	cmtpeql4y1etk2auhbk9668ry
2026-09-09T12:13:51+00:00	dgx-spark-03	True	1	cmtpsaud71whj2auh0k27ynki
2026-09-09T12:13:51+00:00	dgx-spark-02	True	1	cmtsqj5lz5qd42auh8vvrfn03
2026-09-09T12:13:53+00:00	dgx-spark-04	True	1	cmtpeql4y1etk2auhbk9668ry
2026-09-09T12:13:53+00:00	dgx-spark-03	True	1	cmtpsaud71whj2auh0k27ynki
2026-09-09T12:13:53+00:00	dgx-spark-02	True	1	cmtsqj5lz5qd42auh8vvrfn03
2026-09-09T12:13:55+00:00	dgx-spark-04	True	1	cmtpeql4y1etk2auhbk9668ry
2026-09-09T12:13:55+00:00	dgx-spark-03	True	1	cmtpsaud71whj2auh0k27ynki
2026-09-09T12:13:55+00:00	dgx-spark-02	True	1	cmtsqj5lz5qd42auh8vvrfn03
2026-09-09T12:13:57+00:00	dgx-spark-04	True	1	cmtpeql4y1etk2auhbk9668ry
2026-09-09T12:13:57+00:00	dgx-spark-03	True	1	cmtpsaud71whj2auh0k27ynki
2026-09-09T12:13:57+00:00	dgx-spark-02	True	1	cmtsqj5lz5qd42auh8vvrfn03
2026-09-09T12:13:59+00:00	dgx-spark-04	True	1	cmtpeql4y1etk2auhbk9668ry
2026-09-09T12:13:59+00:00	dgx-spark-03	True	1	cmtpsaud71whj2auh0k27ynki
2026-09-09T12:13:59+00:00	dgx-spark-02	True	1	cmtsqj5lz5qd42auh8vvrfn03
2026-09-09T12:14:01+00:00	dgx-spark-04	True	1	cmtpeql4y1etk2auhbk9668ry
2026-09-09T12:14:01+00:00	dgx-spark-03	True	1	cmtpsaud71whj2auh0k27ynki
2026-09-09T12:14:01+00:00	dgx-spark-02	True	1	cmtsqj5lz5qd42auh8vvrfn03
2026-09-09T12:14:03+00:00	dgx-spark-04	True	1	cmtpeql4y1etk2auhbk9668ry
2026-09-09T12:14:03+00:00	dgx-spark-03	True	1	cmtpsaud71whj2auh0k27ynki
2026-09-09T12:14:03+00:00	dgx-spark-02	True	1	cmtsqj5lz5qd42auh8vvrfn03
2026-09-09T12:14:05+00:00	dgx-spark-04	True	1	cmtpeql4y1etk2auhbk9668ry
2026-09-09T12:14:05+00:00	dgx-spark-03	True	1	cmtpsaud71whj2auh0k27ynki
2026-09-09T12:14:05+00:00	dgx-spark-02	True	0	cmtsqj5lz5qd42auh8vvrfn03
2026-09-09T12:14:07+00:00	dgx-spark-04	True	1	cmtpeql4y1etk2auhbk9668ry
2026-09-09T12:14:07+00:00	dgx-spark-03	True	1	cmtpsaud71whj2auh0k27ynki
2026-09-09T12:14:07+00:00	dgx-spark-02	True	1	cmtsqj5lz5qd42auh8vvrfn03
2026-09-09T12:14:09+00:00	dgx-spark-04	True	1	cmtpeql4y1etk2auhbk9668ry
2026-09-09T12:14:09+00:00	dgx-spark-03	True	1	cmtpsaud71whj2auh0k27ynki
2026-09-09T12:14:09+00:00	dgx-spark-02	True	1	cmtsqj5lz5qd42auh8vvrfn03
2026-09-09T12:14:11+00:00	dgx-spark-04	True	1	cmtpeql4y1etk2auhbk9668ry
2026-09-09T12:14:11+00:00	dgx-spark-03	True	1	cmtpsaud71whj2auh0k27ynki
2026-09-09T12:14:11+00:00	dgx-spark-02	True	1	cmtsqj5lz5qd42auh8vvrfn03
2026-09-09T12:14:14+00:00	dgx-spark-04	True	1	cmtpeql4y1etk2auhbk9668ry
2026-09-09T12:14:14+00:00	dgx-spark-03	True	1	cmtpsaud71whj2auh0k27ynki
2026-09-09T12:14:14+00:00	dgx-spark-02	True	1	cmtsqj5lz5qd42auh8vvrfn03
2026-09-09T12:14:16+00:00	dgx-spark-04	True	1	cmtpeql4y1etk2auhbk9668ry
2026-09-09T12:14:16+00:00	dgx-spark-03	True	1	cmtpsaud71whj2auh0k27ynki
2026-09-09T12:14:16+00:00	dgx-spark-02	True	1	cmtsqj5lz5qd42auh8vvrfn03
2026-09-09T12:14:18+00:00	dgx-spark-04	True	1	cmtpeql4y1etk2auhbk9668ry
2026-09-09T12:14:18+00:00	dgx-spark-03	True	1	cmtpsaud71whj2auh0k27ynki
2026-09-09T12:14:18+00:00	dgx-spark-02	True	1	cmtsqj5lz5qd42auh8vvrfn03
2026-09-09T12:14:20+00:00	dgx-spark-04	True	1	cmtpeql4y1etk2auhbk9668ry
2026-09-09T12:14:20+00:00	dgx-spark-03	True	1	cmtpsaud71whj2auh0k27ynki
2026-09-09T12:14:20+00:00	dgx-spark-02	True	1	cmtsqj5lz5qd42auh8vvrfn03
2026-09-09T12:14:22+00:00	dgx-spark-04	True	1	cmtpeql4y1etk2auhbk9668ry
2026-09-09T12:14:22+00:00	dgx-spark-03	True	0	cmtpsaud71whj2auh0k27ynki
2026-09-09T12:14:22+00:00	dgx-spark-02	True	1	cmtsqj5lz5qd42auh8vvrfn03
2026-09-09T12:14:24+00:00	dgx-spark-04	True	1	cmtpeql4y1etk2auhbk9668ry
2026-09-09T12:14:24+00:00	dgx-spark-03	True	1	cmtpsaud71whj2auh0k27ynki
2026-09-09T12:14:24+00:00	dgx-spark-02	True	1	cmtsqj5lz5qd42auh8vvrfn03
2026-09-09T12:14:26+00:00	dgx-spark-04	True	1	cmtpeql4y1etk2auhbk9668ry
2026-09-09T12:14:26+00:00	dgx-spark-03	True	1	cmtpsaud71whj2auh0k27ynki
2026-09-09T12:14:26+00:00	dgx-spark-02	True	1	cmtsqj5lz5qd42auh8vvrfn03
2026-09-09T12:14:28+00:00	dgx-spark-04	True	1	cmtpeql4y1etk2auhbk9668ry
2026-09-09T12:14:28+00:00	dgx-spark-03	True	1	cmtpsaud71whj2auh0k27ynki
2026-09-09T12:14:28+00:00	dgx-spark-02	True	1	cmtsqj5lz5qd42auh8vvrfn03
2026-09-09T12:14:30+00:00	dgx-spark-04	True	1	cmtpeql4y1etk2auhbk9668ry
2026-09-09T12:14:30+00:00	dgx-spark-03	True	1	cmtpsaud71whj2auh0k27ynki
2026-09-09T12:14:30+00:00	dgx-spark-02	True	1	cmtsqj5lz5qd42auh8vvrfn03
2026-09-09T12:14:32+00:00	dgx-spark-04	True	1	cmtpeql4y1etk2auhbk9668ry
2026-09-09T12:14:32+00:00	dgx-spark-03	True	1	cmtpsaud71whj2auh0k27ynki
2026-09-09T12:14:32+00:00	dgx-spark-02	True	1	cmtsqj5lz5qd42auh8vvrfn03
2026-09-09T12:14:34+00:00	dgx-spark-04	True	1	cmtpeql4y1etk2auhbk9668ry
2026-09-09T12:14:34+00:00	dgx-spark-03	True	1	cmtpsaud71whj2auh0k27ynki
2026-09-09T12:14:34+00:00	dgx-spark-02	True	1	cmtsqj5lz5qd42auh8vvrfn03
2026-09-09T12:14:36+00:00	dgx-spark-04	True	1	cmtpeql4y1etk2auhbk9668ry
2026-09-09T12:14:36+00:00	dgx-spark-03	True	1	cmtpsaud71whj2auh0k27ynki
2026-09-09T12:14:36+00:00	dgx-spark-02	True	1	cmtsqj5lz5qd42auh8vvrfn03
2026-09-09T12:14:39+00:00	dgx-spark-04	True	1	cmtpeql4y1etk2auhbk9668ry
2026-09-09T12:14:39+00:00	dgx-spark-03	True	1	cmtpsaud71whj2auh0k27ynki
2026-09-09T12:14:39+00:00	dgx-spark-02	True	1	cmtsqj5lz5qd42auh8vvrfn03
2026-09-09T12:14:41+00:00	dgx-spark-04	True	1	cmtpeql4y1etk2auhbk9668ry
2026-09-09T12:14:41+00:00	dgx-spark-03	True	1	cmtpsaud71whj2auh0k27ynki
2026-09-09T12:14:41+00:00	dgx-spark-02	True	1	cmtsqj5lz5qd42auh8vvrfn03
2026-09-09T12:14:43+00:00	dgx-spark-04	True	1	cmtpeql4y1etk2auhbk9668ry
2026-09-09T12:14:43+00:00	dgx-spark-03	True	1	cmtpsaud71whj2auh0k27ynki
2026-09-09T12:14:43+00:00	dgx-spark-02	True	1	cmtsqj5lz5qd42auh8vvrfn03
2026-09-09T12:14:45+00:00	dgx-spark-04	True	1	cmtpeql4y1etk2auhbk9668ry
2026-09-09T12:14:45+00:00	dgx-spark-03	True	1	cmtpsaud71whj2auh0k27ynki
2026-09-09T12:14:45+00:00	dgx-spark-02	True	1	cmtsqj5lz5qd42auh8vvrfn03
2026-09-09T12:14:47+00:00	dgx-spark-04	True	1	cmtpeql4y1etk2auhbk9668ry
2026-09-09T12:14:47+00:00	dgx-spark-03	True	1	cmtpsaud71whj2auh0k27ynki
2026-09-09T12:14:47+00:00	dgx-spark-02	True	1	cmtsqj5lz5qd42auh8vvrfn03
2026-09-09T12:14:49+00:00	dgx-spark-04	True	1	cmtpeql4y1etk2auhbk9668ry
2026-09-09T12:14:49+00:00	dgx-spark-03	True	1	cmtpsaud71whj2auh0k27ynki
2026-09-09T12:14:49+00:00	dgx-spark-02	True	1	cmtsqj5lz5qd42auh8vvrfn03
2026-09-09T12:14:51+00:00	dgx-spark-04	True	1	cmtpeql4y1etk2auhbk9668ry
2026-09-09T12:14:51+00:00	dgx-spark-03	True	1	cmtpsaud71whj2auh0k27ynki
2026-09-09T12:14:51+00:00	dgx-spark-02	True	1	cmtsqj5lz5qd42auh8vvrfn03
2026-09-09T12:14:53+00:00	dgx-spark-04	True	1	cmtpeql4y1etk2auhbk9668ry
2026-09-09T12:14:53+00:00	dgx-spark-03	True	1	cmtpsaud71whj2auh0k27ynki
2026-09-09T12:14:53+00:00	dgx-spark-02	True	1	cmtsqj5lz5qd42auh8vvrfn03
2026-09-09T12:14:55+00:00	dgx-spark-04	True	1	cmtpeql4y1etk2auhbk9668ry
2026-09-09T12:14:55+00:00	dgx-spark-03	True	1	cmtpsaud71whj2auh0k27ynki
2026-09-09T12:14:55+00:00	dgx-spark-02	True	1	cmtsqj5lz5qd42auh8vvrfn03
2026-09-09T12:14:57+00:00	dgx-spark-04	True	1	cmtpeql4y1etk2auhbk9668ry
2026-09-09T12:14:57+00:00	dgx-spark-03	True	1	cmtpsaud71whj2auh0k27ynki
2026-09-09T12:14:57+00:00	dgx-spark-02	True	1	cmtsqj5lz5qd42auh8vvrfn03
2026-09-09T12:15:00+00:00	dgx-spark-04	True	1	cmtpeql4y1etk2auhbk9668ry
2026-09-09T12:15:00+00:00	dgx-spark-03	True	1	cmtpsaud71whj2auh0k27ynki
2026-09-09T12:15:00+00:00	dgx-spark-02	True	1	cmtsqj5lz5qd42auh8vvrfn03
2026-09-09T12:15:02+00:00	dgx-spark-04	True	1	cmtpeql4y1etk2auhbk9668ry
2026-09-09T12:15:02+00:00	dgx-spark-03	True	1	cmtpsaud71whj2auh0k27ynki
2026-09-09T12:15:02+00:00	dgx-spark-02	True	1	cmtsqj5lz5qd42auh8vvrfn03
2026-09-09T12:15:04+00:00	dgx-spark-04	True	1	cmtpeql4y1etk2auhbk9668ry
2026-09-09T12:15:04+00:00	dgx-spark-03	True	1	cmtpsaud71whj2auh0k27ynki
2026-09-09T12:15:04+00:00	dgx-spark-02	True	1	cmtsqj5lz5qd42auh8vvrfn03
2026-09-09T12:15:06+00:00	dgx-spark-04	True	1	cmtpeql4y1etk2auhbk9668ry
2026-09-09T12:15:06+00:00	dgx-spark-03	True	1	cmtpsaud71whj2auh0k27ynki
2026-09-09T12:15:06+00:00	dgx-spark-02	True	1	cmtsqj5lz5qd42auh8vvrfn03
2026-09-09T12:15:08+00:00	dgx-spark-04	True	1	cmtpeql4y1etk2auhbk9668ry
2026-09-09T12:15:08+00:00	dgx-spark-03	True	1	cmtpsaud71whj2auh0k27ynki
2026-09-09T12:15:08+00:00	dgx-spark-02	True	1	cmtsqj5lz5qd42auh8vvrfn03
2026-09-09T12:15:10+00:00	dgx-spark-04	True	1	cmtpeql4y1etk2auhbk9668ry
2026-09-09T12:15:10+00:00	dgx-spark-03	True	1	cmtpsaud71whj2auh0k27ynki
2026-09-09T12:15:10+00:00	dgx-spark-02	True	1	cmtsqj5lz5qd42auh8vvrfn03
2026-09-09T12:15:12+00:00	dgx-spark-04	True	1	cmtpeql4y1etk2auhbk9668ry
2026-09-09T12:15:12+00:00	dgx-spark-03	True	1	cmtpsaud71whj2auh0k27ynki
2026-09-09T12:15:12+00:00	dgx-spark-02	True	1	cmtsqj5lz5qd42auh8vvrfn03
2026-09-09T12:15:14+00:00	dgx-spark-04	True	1	cmtpeql4y1etk2auhbk9668ry
2026-09-09T12:15:14+00:00	dgx-spark-03	True	1	cmtpsaud71whj2auh0k27ynki
2026-09-09T12:15:14+00:00	dgx-spark-02	True	1	cmtsqj5lz5qd42auh8vvrfn03
2026-09-09T12:15:16+00:00	dgx-spark-04	True	1	cmtpeql4y1etk2auhbk9668ry
2026-09-09T12:15:16+00:00	dgx-spark-03	True	1	cmtpsaud71whj2auh0k27ynki
2026-09-09T12:15:16+00:00	dgx-spark-02	True	1	cmtsqj5lz5qd42auh8vvrfn03
2026-09-09T12:15:18+00:00	dgx-spark-04	True	1	cmtpeql4y1etk2auhbk9668ry
2026-09-09T12:15:18+00:00	dgx-spark-03	True	1	cmtpsaud71whj2auh0k27ynki
2026-09-09T12:15:18+00:00	dgx-spark-02	True	1	cmtsqj5lz5qd42auh8vvrfn03
2026-09-09T12:15:20+00:00	dgx-spark-04	True	1	cmtpeql4y1etk2auhbk9668ry
2026-09-09T12:15:20+00:00	dgx-spark-03	True	1	cmtpsaud71whj2auh0k27ynki
2026-09-09T12:15:20+00:00	dgx-spark-02	True	1	cmtsqj5lz5qd42auh8vvrfn03
2026-09-09T12:15:22+00:00	dgx-spark-04	True	1	cmtpeql4y1etk2auhbk9668ry
2026-09-09T12:15:22+00:00	dgx-spark-03	True	1	cmtpsaud71whj2auh0k27ynki
2026-09-09T12:15:22+00:00	dgx-spark-02	True	1	cmtsqj5lz5qd42auh8vvrfn03
2026-09-09T12:15:24+00:00	dgx-spark-04	True	1	cmtpeql4y1etk2auhbk9668ry
2026-09-09T12:15:24+00:00	dgx-spark-03	True	1	cmtpsaud71whj2auh0k27ynki
2026-09-09T12:15:24+00:00	dgx-spark-02	True	1	cmtsqj5lz5qd42auh8vvrfn03
2026-09-09T12:15:26+00:00	dgx-spark-04	True	1	cmtpeql4y1etk2auhbk9668ry
2026-09-09T12:15:26+00:00	dgx-spark-03	True	1	cmtpsaud71whj2auh0k27ynki
2026-09-09T12:15:26+00:00	dgx-spark-02	True	1	cmtsqj5lz5qd42auh8vvrfn03
2026-09-09T12:15:28+00:00	dgx-spark-04	True	1	cmtpeql4y1etk2auhbk9668ry
2026-09-09T12:15:28+00:00	dgx-spark-03	True	1	cmtpsaud71whj2auh0k27ynki
2026-09-09T12:15:28+00:00	dgx-spark-02	True	1	cmtsqj5lz5qd42auh8vvrfn03
2026-09-09T12:15:30+00:00	dgx-spark-04	True	1	cmtpeql4y1etk2auhbk9668ry
2026-09-09T12:15:30+00:00	dgx-spark-03	True	1	cmtpsaud71whj2auh0k27ynki
2026-09-09T12:15:30+00:00	dgx-spark-02	True	1	cmtsqj5lz5qd42auh8vvrfn03
2026-09-09T12:15:32+00:00	dgx-spark-04	True	1	cmtpeql4y1etk2auhbk9668ry
2026-09-09T12:15:32+00:00	dgx-spark-03	True	1	cmtpsaud71whj2auh0k27ynki
2026-09-09T12:15:32+00:00	dgx-spark-02	True	1	cmtsqj5lz5qd42auh8vvrfn03
2026-09-09T12:15:34+00:00	dgx-spark-04	True	1	cmtpeql4y1etk2auhbk9668ry
2026-09-09T12:15:34+00:00	dgx-spark-03	True	1	cmtpsaud71whj2auh0k27ynki
2026-09-09T12:15:34+00:00	dgx-spark-02	True	1	cmtsqj5lz5qd42auh8vvrfn03
2026-09-09T12:15:36+00:00	dgx-spark-04	True	1	cmtpeql4y1etk2auhbk9668ry
2026-09-09T12:15:36+00:00	dgx-spark-03	True	1	cmtpsaud71whj2auh0k27ynki
2026-09-09T12:15:36+00:00	dgx-spark-02	True	1	cmtsqj5lz5qd42auh8vvrfn03
2026-09-09T12:15:38+00:00	dgx-spark-04	True	1	cmtpeql4y1etk2auhbk9668ry
2026-09-09T12:15:38+00:00	dgx-spark-03	True	1	cmtpsaud71whj2auh0k27ynki
2026-09-09T12:15:38+00:00	dgx-spark-02	True	1	cmtsqj5lz5qd42auh8vvrfn03
2026-09-09T12:15:40+00:00	dgx-spark-04	True	1	cmtpeql4y1etk2auhbk9668ry
2026-09-09T12:15:40+00:00	dgx-spark-03	True	1	cmtpsaud71whj2auh0k27ynki
2026-09-09T12:15:40+00:00	dgx-spark-02	True	1	cmtsqj5lz5qd42auh8vvrfn03
2026-09-09T12:15:42+00:00	dgx-spark-04	True	1	cmtpeql4y1etk2auhbk9668ry
2026-09-09T12:15:42+00:00	dgx-spark-03	True	1	cmtpsaud71whj2auh0k27ynki
2026-09-09T12:15:42+00:00	dgx-spark-02	True	1	cmtsqj5lz5qd42auh8vvrfn03
2026-09-09T12:15:44+00:00	dgx-spark-04	True	1	cmtpeql4y1etk2auhbk9668ry
2026-09-09T12:15:44+00:00	dgx-spark-03	True	1	cmtpsaud71whj2auh0k27ynki
2026-09-09T12:15:44+00:00	dgx-spark-02	True	1	cmtsqj5lz5qd42auh8vvrfn03
2026-09-09T12:15:46+00:00	dgx-spark-04	True	1	cmtpeql4y1etk2auhbk9668ry
2026-09-09T12:15:46+00:00	dgx-spark-03	True	1	cmtpsaud71whj2auh0k27ynki
2026-09-09T12:15:46+00:00	dgx-spark-02	True	1	cmtsqj5lz5qd42auh8vvrfn03
2026-09-09T12:15:48+00:00	dgx-spark-04	True	1	cmtpeql4y1etk2auhbk9668ry
2026-09-09T12:15:48+00:00	dgx-spark-03	True	1	cmtpsaud71whj2auh0k27ynki
2026-09-09T12:15:48+00:00	dgx-spark-02	True	1	cmtsqj5lz5qd42auh8vvrfn03
2026-09-09T12:15:50+00:00	dgx-spark-04	True	1	cmtpeql4y1etk2auhbk9668ry
2026-09-09T12:15:50+00:00	dgx-spark-03	True	1	cmtpsaud71whj2auh0k27ynki
2026-09-09T12:15:50+00:00	dgx-spark-02	True	1	cmtsqj5lz5qd42auh8vvrfn03
2026-09-09T12:15:52+00:00	dgx-spark-04	True	1	cmtpeql4y1etk2auhbk9668ry
2026-09-09T12:15:52+00:00	dgx-spark-03	True	1	cmtpsaud71whj2auh0k27ynki
2026-09-09T12:15:52+00:00	dgx-spark-02	True	1	cmtsqj5lz5qd42auh8vvrfn03
2026-09-09T12:15:54+00:00	dgx-spark-04	True	1	cmtpeql4y1etk2auhbk9668ry
2026-09-09T12:15:54+00:00	dgx-spark-03	True	1	cmtpsaud71whj2auh0k27ynki
2026-09-09T12:15:54+00:00	dgx-spark-02	True	1	cmtsqj5lz5qd42auh8vvrfn03
2026-09-09T12:15:56+00:00	dgx-spark-04	True	1	cmtpeql4y1etk2auhbk9668ry
2026-09-09T12:15:56+00:00	dgx-spark-03	True	1	cmtpsaud71whj2auh0k27ynki
2026-09-09T12:15:56+00:00	dgx-spark-02	True	1	cmtsqj5lz5qd42auh8vvrfn03
2026-09-09T12:15:58+00:00	dgx-spark-04	True	1	cmtpeql4y1etk2auhbk9668ry
2026-09-09T12:15:58+00:00	dgx-spark-03	True	1	cmtpsaud71whj2auh0k27ynki
2026-09-09T12:15:58+00:00	dgx-spark-02	True	1	cmtsqj5lz5qd42auh8vvrfn03
2026-09-09T12:16:00+00:00	dgx-spark-04	True	1	cmtpeql4y1etk2auhbk9668ry
2026-09-09T12:16:00+00:00	dgx-spark-03	True	1	cmtpsaud71whj2auh0k27ynki
2026-09-09T12:16:00+00:00	dgx-spark-02	True	1	cmtsqj5lz5qd42auh8vvrfn03
2026-09-09T12:16:02+00:00	dgx-spark-04	True	1	cmtpeql4y1etk2auhbk9668ry
2026-09-09T12:16:02+00:00	dgx-spark-03	True	1	cmtpsaud71whj2auh0k27ynki
2026-09-09T12:16:02+00:00	dgx-spark-02	True	1	cmtsqj5lz5qd42auh8vvrfn03
2026-09-09T12:16:04+00:00	dgx-spark-04	True	1	cmtpeql4y1etk2auhbk9668ry
2026-09-09T12:16:04+00:00	dgx-spark-03	True	1	cmtpsaud71whj2auh0k27ynki
2026-09-09T12:16:04+00:00	dgx-spark-02	True	1	cmtsqj5lz5qd42auh8vvrfn03
2026-09-09T12:16:06+00:00	dgx-spark-04	True	1	cmtpeql4y1etk2auhbk9668ry
2026-09-09T12:16:06+00:00	dgx-spark-03	True	1	cmtpsaud71whj2auh0k27ynki
2026-09-09T12:16:06+00:00	dgx-spark-02	True	1	cmtsqj5lz5qd42auh8vvrfn03
2026-09-09T12:16:08+00:00	dgx-spark-04	True	1	cmtpeql4y1etk2auhbk9668ry
2026-09-09T12:16:08+00:00	dgx-spark-03	True	1	cmtpsaud71whj2auh0k27ynki
2026-09-09T12:16:08+00:00	dgx-spark-02	True	1	cmtsqj5lz5qd42auh8vvrfn03
2026-09-09T12:16:11+00:00	dgx-spark-04	True	1	cmtpeql4y1etk2auhbk9668ry
2026-09-09T12:16:11+00:00	dgx-spark-03	True	1	cmtpsaud71whj2auh0k27ynki
2026-09-09T12:16:11+00:00	dgx-spark-02	True	1	cmtsqj5lz5qd42auh8vvrfn03
2026-09-09T12:16:13+00:00	dgx-spark-04	True	1	cmtpeql4y1etk2auhbk9668ry
2026-09-09T12:16:13+00:00	dgx-spark-03	True	1	cmtpsaud71whj2auh0k27ynki
2026-09-09T12:16:13+00:00	dgx-spark-02	True	1	cmtsqj5lz5qd42auh8vvrfn03
2026-09-09T12:16:15+00:00	dgx-spark-04	True	1	cmtpeql4y1etk2auhbk9668ry
2026-09-09T12:16:15+00:00	dgx-spark-03	True	1	cmtpsaud71whj2auh0k27ynki
2026-09-09T12:16:15+00:00	dgx-spark-02	True	1	cmtsqj5lz5qd42auh8vvrfn03
2026-09-09T12:16:17+00:00	dgx-spark-04	True	1	cmtpeql4y1etk2auhbk9668ry
2026-09-09T12:16:17+00:00	dgx-spark-03	True	1	cmtpsaud71whj2auh0k27ynki
2026-09-09T12:16:17+00:00	dgx-spark-02	True	1	cmtsqj5lz5qd42auh8vvrfn03
2026-09-09T12:16:19+00:00	dgx-spark-04	True	1	cmtpeql4y1etk2auhbk9668ry
2026-09-09T12:16:19+00:00	dgx-spark-03	True	1	cmtpsaud71whj2auh0k27ynki
2026-09-09T12:16:19+00:00	dgx-spark-02	True	1	cmtsqj5lz5qd42auh8vvrfn03
2026-09-09T12:16:21+00:00	dgx-spark-04	True	1	cmtpeql4y1etk2auhbk9668ry
2026-09-09T12:16:21+00:00	dgx-spark-03	True	1	cmtpsaud71whj2auh0k27ynki
2026-09-09T12:16:21+00:00	dgx-spark-02	True	1	cmtsqj5lz5qd42auh8vvrfn03
2026-09-09T12:16:23+00:00	dgx-spark-04	True	1	cmtpeql4y1etk2auhbk9668ry
2026-09-09T12:16:23+00:00	dgx-spark-03	True	1	cmtpsaud71whj2auh0k27ynki
2026-09-09T12:16:23+00:00	dgx-spark-02	True	1	cmtsqj5lz5qd42auh8vvrfn03
2026-09-09T12:16:25+00:00	dgx-spark-04	True	1	cmtpeql4y1etk2auhbk9668ry
2026-09-09T12:16:25+00:00	dgx-spark-03	True	1	cmtpsaud71whj2auh0k27ynki
2026-09-09T12:16:25+00:00	dgx-spark-02	True	1	cmtsqj5lz5qd42auh8vvrfn03
2026-09-09T12:16:27+00:00	dgx-spark-04	True	1	cmtpeql4y1etk2auhbk9668ry
2026-09-09T12:16:27+00:00	dgx-spark-03	True	1	cmtpsaud71whj2auh0k27ynki
2026-09-09T12:16:27+00:00	dgx-spark-02	True	1	cmtsqj5lz5qd42auh8vvrfn03
2026-09-09T12:16:29+00:00	dgx-spark-04	True	1	cmtpeql4y1etk2auhbk9668ry
2026-09-09T12:16:29+00:00	dgx-spark-03	True	1	cmtpsaud71whj2auh0k27ynki
2026-09-09T12:16:29+00:00	dgx-spark-02	True	1	cmtsqj5lz5qd42auh8vvrfn03
2026-09-09T12:16:31+00:00	dgx-spark-04	True	1	cmtpeql4y1etk2auhbk9668ry
2026-09-09T12:16:31+00:00	dgx-spark-03	True	1	cmtpsaud71whj2auh0k27ynki
2026-09-09T12:16:31+00:00	dgx-spark-02	True	1	cmtsqj5lz5qd42auh8vvrfn03
2026-09-09T12:16:33+00:00	dgx-spark-04	True	1	cmtpeql4y1etk2auhbk9668ry
2026-09-09T12:16:33+00:00	dgx-spark-03	True	1	cmtpsaud71whj2auh0k27ynki
2026-09-09T12:16:33+00:00	dgx-spark-02	True	1	cmtsqj5lz5qd42auh8vvrfn03
2026-09-09T12:16:35+00:00	dgx-spark-04	True	1	cmtpeql4y1etk2auhbk9668ry
2026-09-09T12:16:35+00:00	dgx-spark-03	True	1	cmtpsaud71whj2auh0k27ynki
2026-09-09T12:16:35+00:00	dgx-spark-02	True	1	cmtsqj5lz5qd42auh8vvrfn03
2026-09-09T12:16:37+00:00	dgx-spark-04	True	1	cmtpeql4y1etk2auhbk9668ry
2026-09-09T12:16:37+00:00	dgx-spark-03	True	1	cmtpsaud71whj2auh0k27ynki
2026-09-09T12:16:37+00:00	dgx-spark-02	True	1	cmtsqj5lz5qd42auh8vvrfn03
2026-09-09T12:16:39+00:00	dgx-spark-04	True	1	cmtpeql4y1etk2auhbk9668ry
2026-09-09T12:16:39+00:00	dgx-spark-03	True	1	cmtpsaud71whj2auh0k27ynki
2026-09-09T12:16:39+00:00	dgx-spark-02	True	1	cmtsqj5lz5qd42auh8vvrfn03
2026-09-09T12:16:41+00:00	dgx-spark-04	True	1	cmtpeql4y1etk2auhbk9668ry
2026-09-09T12:16:41+00:00	dgx-spark-03	True	1	cmtpsaud71whj2auh0k27ynki
2026-09-09T12:16:41+00:00	dgx-spark-02	True	1	cmtsqj5lz5qd42auh8vvrfn03
2026-09-09T12:16:43+00:00	dgx-spark-04	True	1	cmtpeql4y1etk2auhbk9668ry
2026-09-09T12:16:43+00:00	dgx-spark-03	True	1	cmtpsaud71whj2auh0k27ynki
2026-09-09T12:16:43+00:00	dgx-spark-02	True	1	cmtsqj5lz5qd42auh8vvrfn03
2026-09-09T12:16:45+00:00	dgx-spark-04	True	1	cmtpeql4y1etk2auhbk9668ry
2026-09-09T12:16:45+00:00	dgx-spark-03	True	1	cmtpsaud71whj2auh0k27ynki
2026-09-09T12:16:45+00:00	dgx-spark-02	True	1	cmtsqj5lz5qd42auh8vvrfn03
2026-09-09T12:16:47+00:00	dgx-spark-04	True	1	cmtpeql4y1etk2auhbk9668ry
2026-09-09T12:16:47+00:00	dgx-spark-03	True	1	cmtpsaud71whj2auh0k27ynki
2026-09-09T12:16:47+00:00	dgx-spark-02	True	1	cmtsqj5lz5qd42auh8vvrfn03
2026-09-09T12:16:49+00:00	dgx-spark-04	True	1	cmtpeql4y1etk2auhbk9668ry
2026-09-09T12:16:49+00:00	dgx-spark-03	True	1	cmtpsaud71whj2auh0k27ynki
2026-09-09T12:16:49+00:00	dgx-spark-02	True	1	cmtsqj5lz5qd42auh8vvrfn03
2026-09-09T12:16:51+00:00	dgx-spark-04	True	1	cmtpeql4y1etk2auhbk9668ry
2026-09-09T12:16:51+00:00	dgx-spark-03	True	1	cmtpsaud71whj2auh0k27ynki
2026-09-09T12:16:51+00:00	dgx-spark-02	True	1	cmtsqj5lz5qd42auh8vvrfn03
2026-09-09T12:16:53+00:00	dgx-spark-04	True	1	cmtpeql4y1etk2auhbk9668ry
2026-09-09T12:16:53+00:00	dgx-spark-03	True	1	cmtpsaud71whj2auh0k27ynki
2026-09-09T12:16:53+00:00	dgx-spark-02	True	1	cmtsqj5lz5qd42auh8vvrfn03
2026-09-09T12:16:55+00:00	dgx-spark-04	True	1	cmtpeql4y1etk2auhbk9668ry
2026-09-09T12:16:55+00:00	dgx-spark-03	True	1	cmtpsaud71whj2auh0k27ynki
2026-09-09T12:16:55+00:00	dgx-spark-02	True	1	cmtsqj5lz5qd42auh8vvrfn03
2026-09-09T12:16:57+00:00	dgx-spark-04	True	1	cmtpeql4y1etk2auhbk9668ry
2026-09-09T12:16:57+00:00	dgx-spark-03	True	1	cmtpsaud71whj2auh0k27ynki
2026-09-09T12:16:57+00:00	dgx-spark-02	True	1	cmtsqj5lz5qd42auh8vvrfn03
2026-09-09T12:16:59+00:00	dgx-spark-04	True	1	cmtpeql4y1etk2auhbk9668ry
2026-09-09T12:16:59+00:00	dgx-spark-03	True	1	cmtpsaud71whj2auh0k27ynki
2026-09-09T12:16:59+00:00	dgx-spark-02	True	1	cmtsqj5lz5qd42auh8vvrfn03
2026-09-09T12:17:01+00:00	dgx-spark-04	True	1	cmtpeql4y1etk2auhbk9668ry
2026-09-09T12:17:01+00:00	dgx-spark-03	True	1	cmtpsaud71whj2auh0k27ynki
2026-09-09T12:17:01+00:00	dgx-spark-02	True	1	cmtsqj5lz5qd42auh8vvrfn03
2026-09-09T12:17:03+00:00	dgx-spark-04	True	1	cmtpeql4y1etk2auhbk9668ry
2026-09-09T12:17:03+00:00	dgx-spark-03	True	1	cmtpsaud71whj2auh0k27ynki
2026-09-09T12:17:03+00:00	dgx-spark-02	True	1	cmtsqj5lz5qd42auh8vvrfn03
2026-09-09T12:17:05+00:00	dgx-spark-04	True	1	cmtpeql4y1etk2auhbk9668ry
2026-09-09T12:17:05+00:00	dgx-spark-03	True	1	cmtpsaud71whj2auh0k27ynki
2026-09-09T12:17:05+00:00	dgx-spark-02	True	1	cmtsqj5lz5qd42auh8vvrfn03
2026-09-09T12:17:07+00:00	dgx-spark-04	True	1	cmtpeql4y1etk2auhbk9668ry
2026-09-09T12:17:07+00:00	dgx-spark-03	True	1	cmtpsaud71whj2auh0k27ynki
2026-09-09T12:17:07+00:00	dgx-spark-02	True	1	cmtsqj5lz5qd42auh8vvrfn03
2026-09-09T12:17:09+00:00	dgx-spark-04	True	1	cmtpeql4y1etk2auhbk9668ry
2026-09-09T12:17:09+00:00	dgx-spark-03	True	1	cmtpsaud71whj2auh0k27ynki
2026-09-09T12:17:09+00:00	dgx-spark-02	True	1	cmtsqj5lz5qd42auh8vvrfn03
2026-09-09T12:17:11+00:00	dgx-spark-04	True	1	cmtpeql4y1etk2auhbk9668ry
2026-09-09T12:17:11+00:00	dgx-spark-03	True	1	cmtpsaud71whj2auh0k27ynki
2026-09-09T12:17:11+00:00	dgx-spark-02	True	1	cmtsqj5lz5qd42auh8vvrfn03
2026-09-09T12:17:13+00:00	dgx-spark-04	True	1	cmtpeql4y1etk2auhbk9668ry
2026-09-09T12:17:13+00:00	dgx-spark-03	True	1	cmtpsaud71whj2auh0k27ynki
2026-09-09T12:17:13+00:00	dgx-spark-02	True	1	cmtsqj5lz5qd42auh8vvrfn03
2026-09-09T12:17:15+00:00	dgx-spark-04	True	1	cmtpeql4y1etk2auhbk9668ry
2026-09-09T12:17:15+00:00	dgx-spark-03	True	1	cmtpsaud71whj2auh0k27ynki
2026-09-09T12:17:15+00:00	dgx-spark-02	True	1	cmtsqj5lz5qd42auh8vvrfn03
2026-09-09T12:17:17+00:00	dgx-spark-04	True	1	cmtpeql4y1etk2auhbk9668ry
2026-09-09T12:17:17+00:00	dgx-spark-03	True	1	cmtpsaud71whj2auh0k27ynki
2026-09-09T12:17:17+00:00	dgx-spark-02	True	1	cmtsqj5lz5qd42auh8vvrfn03
2026-09-09T12:17:19+00:00	dgx-spark-04	True	1	cmtpeql4y1etk2auhbk9668ry
2026-09-09T12:17:19+00:00	dgx-spark-03	True	1	cmtpsaud71whj2auh0k27ynki
2026-09-09T12:17:19+00:00	dgx-spark-02	True	1	cmtsqj5lz5qd42auh8vvrfn03
2026-09-09T12:17:21+00:00	dgx-spark-04	True	1	cmtpeql4y1etk2auhbk9668ry
2026-09-09T12:17:21+00:00	dgx-spark-03	True	1	cmtpsaud71whj2auh0k27ynki
2026-09-09T12:17:21+00:00	dgx-spark-02	True	1	cmtsqj5lz5qd42auh8vvrfn03
2026-09-09T12:17:23+00:00	dgx-spark-04	True	1	cmtpeql4y1etk2auhbk9668ry
2026-09-09T12:17:23+00:00	dgx-spark-03	True	1	cmtpsaud71whj2auh0k27ynki
2026-09-09T12:17:23+00:00	dgx-spark-02	True	1	cmtsqj5lz5qd42auh8vvrfn03
2026-09-09T12:17:25+00:00	dgx-spark-04	True	1	cmtpeql4y1etk2auhbk9668ry
2026-09-09T12:17:25+00:00	dgx-spark-03	True	1	cmtpsaud71whj2auh0k27ynki
2026-09-09T12:17:25+00:00	dgx-spark-02	True	1	cmtsqj5lz5qd42auh8vvrfn03
2026-09-09T12:17:27+00:00	dgx-spark-04	True	1	cmtpeql4y1etk2auhbk9668ry
2026-09-09T12:17:27+00:00	dgx-spark-03	True	1	cmtpsaud71whj2auh0k27ynki
2026-09-09T12:17:27+00:00	dgx-spark-02	True	1	cmtsqj5lz5qd42auh8vvrfn03
2026-09-09T12:17:29+00:00	dgx-spark-04	True	1	cmtpeql4y1etk2auhbk9668ry
2026-09-09T12:17:29+00:00	dgx-spark-03	True	1	cmtpsaud71whj2auh0k27ynki
2026-09-09T12:17:29+00:00	dgx-spark-02	True	1	cmtsqj5lz5qd42auh8vvrfn03
2026-09-09T12:17:31+00:00	dgx-spark-04	True	1	cmtpeql4y1etk2auhbk9668ry
2026-09-09T12:17:31+00:00	dgx-spark-03	True	1	cmtpsaud71whj2auh0k27ynki
2026-09-09T12:17:31+00:00	dgx-spark-02	True	1	cmtsqj5lz5qd42auh8vvrfn03
2026-09-09T12:17:33+00:00	dgx-spark-04	True	1	cmtpeql4y1etk2auhbk9668ry
2026-09-09T12:17:33+00:00	dgx-spark-03	True	1	cmtpsaud71whj2auh0k27ynki
2026-09-09T12:17:33+00:00	dgx-spark-02	True	1	cmtsqj5lz5qd42auh8vvrfn03
2026-09-09T12:17:35+00:00	dgx-spark-04	True	1	cmtpeql4y1etk2auhbk9668ry
2026-09-09T12:17:35+00:00	dgx-spark-03	True	1	cmtpsaud71whj2auh0k27ynki
2026-09-09T12:17:35+00:00	dgx-spark-02	True	1	cmtsqj5lz5qd42auh8vvrfn03
2026-09-09T12:17:37+00:00	dgx-spark-04	True	1	cmtpeql4y1etk2auhbk9668ry
2026-09-09T12:17:37+00:00	dgx-spark-03	True	1	cmtpsaud71whj2auh0k27ynki
2026-09-09T12:17:37+00:00	dgx-spark-02	True	1	cmtsqj5lz5qd42auh8vvrfn03
2026-09-09T12:17:39+00:00	dgx-spark-04	True	1	cmtpeql4y1etk2auhbk9668ry
2026-09-09T12:17:39+00:00	dgx-spark-03	True	1	cmtpsaud71whj2auh0k27ynki
2026-09-09T12:17:39+00:00	dgx-spark-02	True	1	cmtsqj5lz5qd42auh8vvrfn03
2026-09-09T12:17:41+00:00	dgx-spark-04	True	1	cmtpeql4y1etk2auhbk9668ry
2026-09-09T12:17:41+00:00	dgx-spark-03	True	1	cmtpsaud71whj2auh0k27ynki
2026-09-09T12:17:41+00:00	dgx-spark-02	True	1	cmtsqj5lz5qd42auh8vvrfn03
2026-09-09T12:17:43+00:00	dgx-spark-04	True	1	cmtpeql4y1etk2auhbk9668ry
2026-09-09T12:17:43+00:00	dgx-spark-03	True	1	cmtpsaud71whj2auh0k27ynki
2026-09-09T12:17:43+00:00	dgx-spark-02	True	1	cmtsqj5lz5qd42auh8vvrfn03
2026-09-09T12:17:45+00:00	dgx-spark-04	True	1	cmtpeql4y1etk2auhbk9668ry
2026-09-09T12:17:45+00:00	dgx-spark-03	True	1	cmtpsaud71whj2auh0k27ynki
2026-09-09T12:17:45+00:00	dgx-spark-02	True	1	cmtsqj5lz5qd42auh8vvrfn03
2026-09-09T12:17:47+00:00	dgx-spark-04	True	1	cmtpeql4y1etk2auhbk9668ry
2026-09-09T12:17:47+00:00	dgx-spark-03	True	1	cmtpsaud71whj2auh0k27ynki
2026-09-09T12:17:47+00:00	dgx-spark-02	True	1	cmtsqj5lz5qd42auh8vvrfn03
2026-09-09T12:17:49+00:00	dgx-spark-04	True	1	cmtpeql4y1etk2auhbk9668ry
2026-09-09T12:17:49+00:00	dgx-spark-03	True	1	cmtpsaud71whj2auh0k27ynki
2026-09-09T12:17:49+00:00	dgx-spark-02	True	1	cmtsqj5lz5qd42auh8vvrfn03
2026-09-09T12:17:52+00:00	dgx-spark-04	True	1	cmtpeql4y1etk2auhbk9668ry
2026-09-09T12:17:52+00:00	dgx-spark-03	True	1	cmtpsaud71whj2auh0k27ynki
2026-09-09T12:17:52+00:00	dgx-spark-02	True	1	cmtsqj5lz5qd42auh8vvrfn03
2026-09-09T12:17:54+00:00	dgx-spark-04	True	1	cmtpeql4y1etk2auhbk9668ry
2026-09-09T12:17:54+00:00	dgx-spark-03	True	1	cmtpsaud71whj2auh0k27ynki
2026-09-09T12:17:54+00:00	dgx-spark-02	True	1	cmtsqj5lz5qd42auh8vvrfn03
2026-09-09T12:17:56+00:00	dgx-spark-04	True	1	cmtpeql4y1etk2auhbk9668ry
2026-09-09T12:17:56+00:00	dgx-spark-03	True	1	cmtpsaud71whj2auh0k27ynki
2026-09-09T12:17:56+00:00	dgx-spark-02	True	1	cmtsqj5lz5qd42auh8vvrfn03
2026-09-09T12:17:58+00:00	dgx-spark-04	True	1	cmtpeql4y1etk2auhbk9668ry
2026-09-09T12:17:58+00:00	dgx-spark-03	True	1	cmtpsaud71whj2auh0k27ynki
2026-09-09T12:17:58+00:00	dgx-spark-02	True	1	cmtsqj5lz5qd42auh8vvrfn03
2026-09-09T12:18:00+00:00	dgx-spark-04	True	1	cmtpeql4y1etk2auhbk9668ry
2026-09-09T12:18:00+00:00	dgx-spark-03	True	1	cmtpsaud71whj2auh0k27ynki
2026-09-09T12:18:00+00:00	dgx-spark-02	True	1	cmtsqj5lz5qd42auh8vvrfn03
2026-09-09T12:18:02+00:00	dgx-spark-04	True	1	cmtpeql4y1etk2auhbk9668ry
2026-09-09T12:18:02+00:00	dgx-spark-03	True	1	cmtpsaud71whj2auh0k27ynki
2026-09-09T12:18:02+00:00	dgx-spark-02	True	1	cmtsqj5lz5qd42auh8vvrfn03
2026-09-09T12:18:04+00:00	dgx-spark-04	True	1	cmtpeql4y1etk2auhbk9668ry
2026-09-09T12:18:04+00:00	dgx-spark-03	True	1	cmtpsaud71whj2auh0k27ynki
2026-09-09T12:18:04+00:00	dgx-spark-02	True	1	cmtsqj5lz5qd42auh8vvrfn03
2026-09-09T12:18:06+00:00	dgx-spark-04	True	1	cmtpeql4y1etk2auhbk9668ry
2026-09-09T12:18:06+00:00	dgx-spark-03	True	1	cmtpsaud71whj2auh0k27ynki
2026-09-09T12:18:06+00:00	dgx-spark-02	True	1	cmtsqj5lz5qd42auh8vvrfn03
2026-09-09T12:18:08+00:00	dgx-spark-04	True	1	cmtpeql4y1etk2auhbk9668ry
2026-09-09T12:18:08+00:00	dgx-spark-03	True	1	cmtpsaud71whj2auh0k27ynki
2026-09-09T12:18:08+00:00	dgx-spark-02	True	1	cmtsqj5lz5qd42auh8vvrfn03
2026-09-09T12:18:10+00:00	dgx-spark-04	True	1	cmtpeql4y1etk2auhbk9668ry
2026-09-09T12:18:10+00:00	dgx-spark-03	True	1	cmtpsaud71whj2auh0k27ynki
2026-09-09T12:18:10+00:00	dgx-spark-02	True	1	cmtsqj5lz5qd42auh8vvrfn03
2026-09-09T12:18:12+00:00	dgx-spark-04	True	1	cmtpeql4y1etk2auhbk9668ry
2026-09-09T12:18:12+00:00	dgx-spark-03	True	1	cmtpsaud71whj2auh0k27ynki
2026-09-09T12:18:12+00:00	dgx-spark-02	True	1	cmtsqj5lz5qd42auh8vvrfn03
2026-09-09T12:18:14+00:00	dgx-spark-04	True	1	cmtpeql4y1etk2auhbk9668ry
2026-09-09T12:18:14+00:00	dgx-spark-03	True	1	cmtpsaud71whj2auh0k27ynki
2026-09-09T12:18:14+00:00	dgx-spark-02	True	1	cmtsqj5lz5qd42auh8vvrfn03
2026-09-09T12:18:16+00:00	dgx-spark-04	True	1	cmtpeql4y1etk2auhbk9668ry
2026-09-09T12:18:16+00:00	dgx-spark-03	True	1	cmtpsaud71whj2auh0k27ynki
2026-09-09T12:18:16+00:00	dgx-spark-02	True	1	cmtsqj5lz5qd42auh8vvrfn03
2026-09-09T12:18:18+00:00	dgx-spark-04	True	1	cmtpeql4y1etk2auhbk9668ry
2026-09-09T12:18:18+00:00	dgx-spark-03	True	1	cmtpsaud71whj2auh0k27ynki
2026-09-09T12:18:18+00:00	dgx-spark-02	True	1	cmtsqj5lz5qd42auh8vvrfn03
2026-09-09T12:18:20+00:00	dgx-spark-04	True	1	cmtpeql4y1etk2auhbk9668ry
2026-09-09T12:18:20+00:00	dgx-spark-03	True	1	cmtpsaud71whj2auh0k27ynki
2026-09-09T12:18:20+00:00	dgx-spark-02	True	1	cmtsqj5lz5qd42auh8vvrfn03
2026-09-09T12:18:22+00:00	dgx-spark-04	True	1	cmtpeql4y1etk2auhbk9668ry
2026-09-09T12:18:22+00:00	dgx-spark-03	True	1	cmtpsaud71whj2auh0k27ynki
2026-09-09T12:18:22+00:00	dgx-spark-02	True	1	cmtsqj5lz5qd42auh8vvrfn03
2026-09-09T12:18:24+00:00	dgx-spark-04	True	1	cmtpeql4y1etk2auhbk9668ry
2026-09-09T12:18:24+00:00	dgx-spark-03	True	1	cmtpsaud71whj2auh0k27ynki
2026-09-09T12:18:24+00:00	dgx-spark-02	True	1	cmtsqj5lz5qd42auh8vvrfn03
2026-09-09T12:18:26+00:00	dgx-spark-04	True	1	cmtpeql4y1etk2auhbk9668ry
2026-09-09T12:18:26+00:00	dgx-spark-03	True	1	cmtpsaud71whj2auh0k27ynki
2026-09-09T12:18:26+00:00	dgx-spark-02	True	1	cmtsqj5lz5qd42auh8vvrfn03
2026-09-09T12:18:28+00:00	dgx-spark-04	True	1	cmtpeql4y1etk2auhbk9668ry
2026-09-09T12:18:28+00:00	dgx-spark-03	True	1	cmtpsaud71whj2auh0k27ynki
2026-09-09T12:18:28+00:00	dgx-spark-02	True	1	cmtsqj5lz5qd42auh8vvrfn03
2026-09-09T12:18:30+00:00	dgx-spark-04	True	1	cmtpeql4y1etk2auhbk9668ry
2026-09-09T12:18:30+00:00	dgx-spark-03	True	1	cmtpsaud71whj2auh0k27ynki
2026-09-09T12:18:30+00:00	dgx-spark-02	True	1	cmtsqj5lz5qd42auh8vvrfn03
2026-09-09T12:18:32+00:00	dgx-spark-04	True	1	cmtpeql4y1etk2auhbk9668ry
2026-09-09T12:18:32+00:00	dgx-spark-03	True	1	cmtpsaud71whj2auh0k27ynki
2026-09-09T12:18:32+00:00	dgx-spark-02	True	1	cmtsqj5lz5qd42auh8vvrfn03
2026-09-09T12:18:34+00:00	dgx-spark-04	True	1	cmtpeql4y1etk2auhbk9668ry
2026-09-09T12:18:34+00:00	dgx-spark-03	True	1	cmtpsaud71whj2auh0k27ynki
2026-09-09T12:18:34+00:00	dgx-spark-02	True	1	cmtsqj5lz5qd42auh8vvrfn03
2026-09-09T12:18:36+00:00	dgx-spark-04	True	1	cmtpeql4y1etk2auhbk9668ry
2026-09-09T12:18:36+00:00	dgx-spark-03	True	1	cmtpsaud71whj2auh0k27ynki
2026-09-09T12:18:36+00:00	dgx-spark-02	True	1	cmtsqj5lz5qd42auh8vvrfn03
2026-09-09T12:18:38+00:00	dgx-spark-04	True	1	cmtpeql4y1etk2auhbk9668ry
2026-09-09T12:18:38+00:00	dgx-spark-03	True	1	cmtpsaud71whj2auh0k27ynki
2026-09-09T12:18:38+00:00	dgx-spark-02	True	1	cmtsqj5lz5qd42auh8vvrfn03
2026-09-09T12:18:40+00:00	dgx-spark-04	True	1	cmtpeql4y1etk2auhbk9668ry
2026-09-09T12:18:40+00:00	dgx-spark-03	True	1	cmtpsaud71whj2auh0k27ynki
2026-09-09T12:18:40+00:00	dgx-spark-02	True	1	cmtsqj5lz5qd42auh8vvrfn03
2026-09-09T12:18:42+00:00	dgx-spark-04	True	1	cmtpeql4y1etk2auhbk9668ry
2026-09-09T12:18:42+00:00	dgx-spark-03	True	1	cmtpsaud71whj2auh0k27ynki
2026-09-09T12:18:42+00:00	dgx-spark-02	True	1	cmtsqj5lz5qd42auh8vvrfn03
2026-09-09T12:18:44+00:00	dgx-spark-04	True	1	cmtpeql4y1etk2auhbk9668ry
2026-09-09T12:18:44+00:00	dgx-spark-03	True	1	cmtpsaud71whj2auh0k27ynki
2026-09-09T12:18:44+00:00	dgx-spark-02	True	1	cmtsqj5lz5qd42auh8vvrfn03
2026-09-09T12:18:46+00:00	dgx-spark-04	True	1	cmtpeql4y1etk2auhbk9668ry
2026-09-09T12:18:46+00:00	dgx-spark-03	True	1	cmtpsaud71whj2auh0k27ynki
2026-09-09T12:18:46+00:00	dgx-spark-02	True	1	cmtsqj5lz5qd42auh8vvrfn03
2026-09-09T12:18:48+00:00	dgx-spark-04	True	1	cmtpeql4y1etk2auhbk9668ry
2026-09-09T12:18:48+00:00	dgx-spark-03	True	1	cmtpsaud71whj2auh0k27ynki
2026-09-09T12:18:48+00:00	dgx-spark-02	True	1	cmtsqj5lz5qd42auh8vvrfn03
2026-09-09T12:18:50+00:00	dgx-spark-04	True	1	cmtpeql4y1etk2auhbk9668ry
2026-09-09T12:18:50+00:00	dgx-spark-03	True	1	cmtpsaud71whj2auh0k27ynki
2026-09-09T12:18:50+00:00	dgx-spark-02	True	1	cmtsqj5lz5qd42auh8vvrfn03
2026-09-09T12:18:52+00:00	dgx-spark-04	True	1	cmtpeql4y1etk2auhbk9668ry
2026-09-09T12:18:52+00:00	dgx-spark-03	True	1	cmtpsaud71whj2auh0k27ynki
2026-09-09T12:18:52+00:00	dgx-spark-02	True	1	cmtsqj5lz5qd42auh8vvrfn03
2026-09-09T12:18:54+00:00	dgx-spark-04	True	1	cmtpeql4y1etk2auhbk9668ry
2026-09-09T12:18:54+00:00	dgx-spark-03	True	1	cmtpsaud71whj2auh0k27ynki
2026-09-09T12:18:54+00:00	dgx-spark-02	True	1	cmtsqj5lz5qd42auh8vvrfn03
2026-09-09T12:18:56+00:00	dgx-spark-04	True	1	cmtpeql4y1etk2auhbk9668ry
2026-09-09T12:18:56+00:00	dgx-spark-03	True	1	cmtpsaud71whj2auh0k27ynki
2026-09-09T12:18:56+00:00	dgx-spark-02	True	1	cmtsqj5lz5qd42auh8vvrfn03
2026-09-09T12:18:58+00:00	dgx-spark-04	True	1	cmtpeql4y1etk2auhbk9668ry
2026-09-09T12:18:58+00:00	dgx-spark-03	True	1	cmtpsaud71whj2auh0k27ynki
2026-09-09T12:18:58+00:00	dgx-spark-02	True	1	cmtsqj5lz5qd42auh8vvrfn03
2026-09-09T12:19:00+00:00	dgx-spark-04	True	1	cmtpeql4y1etk2auhbk9668ry
2026-09-09T12:19:00+00:00	dgx-spark-03	True	1	cmtpsaud71whj2auh0k27ynki
2026-09-09T12:19:00+00:00	dgx-spark-02	True	1	cmtsqj5lz5qd42auh8vvrfn03
2026-09-09T12:19:02+00:00	dgx-spark-04	True	1	cmtpeql4y1etk2auhbk9668ry
2026-09-09T12:19:02+00:00	dgx-spark-03	True	1	cmtpsaud71whj2auh0k27ynki
2026-09-09T12:19:02+00:00	dgx-spark-02	True	1	cmtsqj5lz5qd42auh8vvrfn03
2026-09-09T12:19:04+00:00	dgx-spark-04	True	1	cmtpeql4y1etk2auhbk9668ry
2026-09-09T12:19:04+00:00	dgx-spark-03	True	1	cmtpsaud71whj2auh0k27ynki
2026-09-09T12:19:04+00:00	dgx-spark-02	True	1	cmtsqj5lz5qd42auh8vvrfn03
2026-09-09T12:19:06+00:00	dgx-spark-04	True	1	cmtpeql4y1etk2auhbk9668ry
2026-09-09T12:19:06+00:00	dgx-spark-03	True	1	cmtpsaud71whj2auh0k27ynki
2026-09-09T12:19:06+00:00	dgx-spark-02	True	1	cmtsqj5lz5qd42auh8vvrfn03
2026-09-09T12:19:08+00:00	dgx-spark-04	True	1	cmtpeql4y1etk2auhbk9668ry
2026-09-09T12:19:08+00:00	dgx-spark-03	True	1	cmtpsaud71whj2auh0k27ynki
2026-09-09T12:19:08+00:00	dgx-spark-02	True	1	cmtsqj5lz5qd42auh8vvrfn03
2026-09-09T12:19:10+00:00	dgx-spark-04	True	1	cmtpeql4y1etk2auhbk9668ry
2026-09-09T12:19:10+00:00	dgx-spark-03	True	1	cmtpsaud71whj2auh0k27ynki
2026-09-09T12:19:10+00:00	dgx-spark-02	True	1	cmtsqj5lz5qd42auh8vvrfn03
2026-09-09T12:19:12+00:00	dgx-spark-04	True	1	cmtpeql4y1etk2auhbk9668ry
2026-09-09T12:19:12+00:00	dgx-spark-03	True	1	cmtpsaud71whj2auh0k27ynki
2026-09-09T12:19:12+00:00	dgx-spark-02	True	1	cmtsqj5lz5qd42auh8vvrfn03
2026-09-09T12:19:14+00:00	dgx-spark-04	True	1	cmtpeql4y1etk2auhbk9668ry
2026-09-09T12:19:14+00:00	dgx-spark-03	True	1	cmtpsaud71whj2auh0k27ynki
2026-09-09T12:19:14+00:00	dgx-spark-02	True	1	cmtsqj5lz5qd42auh8vvrfn03
2026-09-09T12:19:16+00:00	dgx-spark-04	True	1	cmtpeql4y1etk2auhbk9668ry
2026-09-09T12:19:16+00:00	dgx-spark-03	True	1	cmtpsaud71whj2auh0k27ynki
2026-09-09T12:19:16+00:00	dgx-spark-02	True	1	cmtsqj5lz5qd42auh8vvrfn03
2026-09-09T12:19:18+00:00	dgx-spark-04	True	1	cmtpeql4y1etk2auhbk9668ry
2026-09-09T12:19:18+00:00	dgx-spark-03	True	1	cmtpsaud71whj2auh0k27ynki
2026-09-09T12:19:18+00:00	dgx-spark-02	True	1	cmtsqj5lz5qd42auh8vvrfn03
2026-09-09T12:19:20+00:00	dgx-spark-04	True	1	cmtpeql4y1etk2auhbk9668ry
2026-09-09T12:19:20+00:00	dgx-spark-03	True	1	cmtpsaud71whj2auh0k27ynki
2026-09-09T12:19:20+00:00	dgx-spark-02	True	1	cmtsqj5lz5qd42auh8vvrfn03
2026-09-09T12:19:22+00:00	dgx-spark-04	True	1	cmtpeql4y1etk2auhbk9668ry
2026-09-09T12:19:22+00:00	dgx-spark-03	True	0	cmtpsaud71whj2auh0k27ynki
2026-09-09T12:19:22+00:00	dgx-spark-02	True	1	cmtsqj5lz5qd42auh8vvrfn03
2026-09-09T12:19:24+00:00	dgx-spark-04	True	1	cmtpeql4y1etk2auhbk9668ry
2026-09-09T12:19:24+00:00	dgx-spark-03	True	1	cmtpsaud71whj2auh0k27ynki
2026-09-09T12:19:24+00:00	dgx-spark-02	True	1	cmtsqj5lz5qd42auh8vvrfn03
2026-09-09T12:19:26+00:00	dgx-spark-04	True	1	cmtpeql4y1etk2auhbk9668ry
2026-09-09T12:19:26+00:00	dgx-spark-03	True	1	cmtpsaud71whj2auh0k27ynki
2026-09-09T12:19:26+00:00	dgx-spark-02	True	1	cmtsqj5lz5qd42auh8vvrfn03
2026-09-09T12:19:29+00:00	dgx-spark-04	True	1	cmtpeql4y1etk2auhbk9668ry
2026-09-09T12:19:29+00:00	dgx-spark-03	True	1	cmtpsaud71whj2auh0k27ynki
2026-09-09T12:19:29+00:00	dgx-spark-02	True	1	cmtsqj5lz5qd42auh8vvrfn03
2026-09-09T12:19:31+00:00	dgx-spark-04	True	1	cmtpeql4y1etk2auhbk9668ry
2026-09-09T12:19:31+00:00	dgx-spark-03	True	1	cmtpsaud71whj2auh0k27ynki
2026-09-09T12:19:31+00:00	dgx-spark-02	True	1	cmtsqj5lz5qd42auh8vvrfn03
2026-09-09T12:19:33+00:00	dgx-spark-04	True	1	cmtpeql4y1etk2auhbk9668ry
2026-09-09T12:19:33+00:00	dgx-spark-03	True	1	cmtpsaud71whj2auh0k27ynki
2026-09-09T12:19:33+00:00	dgx-spark-02	True	1	cmtsqj5lz5qd42auh8vvrfn03
2026-09-09T12:19:35+00:00	dgx-spark-04	True	1	cmtpeql4y1etk2auhbk9668ry
2026-09-09T12:19:35+00:00	dgx-spark-03	True	1	cmtpsaud71whj2auh0k27ynki
2026-09-09T12:19:35+00:00	dgx-spark-02	True	1	cmtsqj5lz5qd42auh8vvrfn03
2026-09-09T12:19:37+00:00	dgx-spark-04	True	1	cmtpeql4y1etk2auhbk9668ry
2026-09-09T12:19:37+00:00	dgx-spark-03	True	1	cmtpsaud71whj2auh0k27ynki
2026-09-09T12:19:37+00:00	dgx-spark-02	True	1	cmtsqj5lz5qd42auh8vvrfn03
2026-09-09T12:19:39+00:00	dgx-spark-04	True	1	cmtpeql4y1etk2auhbk9668ry
2026-09-09T12:19:39+00:00	dgx-spark-03	True	1	cmtpsaud71whj2auh0k27ynki
2026-09-09T12:19:39+00:00	dgx-spark-02	True	1	cmtsqj5lz5qd42auh8vvrfn03
2026-09-09T12:19:41+00:00	dgx-spark-04	True	1	cmtpeql4y1etk2auhbk9668ry
2026-09-09T12:19:41+00:00	dgx-spark-03	True	1	cmtpsaud71whj2auh0k27ynki
2026-09-09T12:19:41+00:00	dgx-spark-02	True	1	cmtsqj5lz5qd42auh8vvrfn03
2026-09-09T12:19:43+00:00	dgx-spark-04	True	1	cmtpeql4y1etk2auhbk9668ry
2026-09-09T12:19:43+00:00	dgx-spark-03	True	1	cmtpsaud71whj2auh0k27ynki
2026-09-09T12:19:43+00:00	dgx-spark-02	True	1	cmtsqj5lz5qd42auh8vvrfn03
2026-09-09T12:19:45+00:00	dgx-spark-04	True	1	cmtpeql4y1etk2auhbk9668ry
2026-09-09T12:19:45+00:00	dgx-spark-03	True	1	cmtpsaud71whj2auh0k27ynki
2026-09-09T12:19:45+00:00	dgx-spark-02	True	1	cmtsqj5lz5qd42auh8vvrfn03
2026-09-09T12:19:47+00:00	dgx-spark-04	True	1	cmtpeql4y1etk2auhbk9668ry
2026-09-09T12:19:47+00:00	dgx-spark-03	True	1	cmtpsaud71whj2auh0k27ynki
2026-09-09T12:19:47+00:00	dgx-spark-02	True	1	cmtsqj5lz5qd42auh8vvrfn03
2026-09-09T12:19:49+00:00	dgx-spark-04	True	1	cmtpeql4y1etk2auhbk9668ry
2026-09-09T12:19:49+00:00	dgx-spark-03	True	1	cmtpsaud71whj2auh0k27ynki
2026-09-09T12:19:49+00:00	dgx-spark-02	True	1	cmtsqj5lz5qd42auh8vvrfn03
2026-09-09T12:19:51+00:00	dgx-spark-04	True	1	cmtpeql4y1etk2auhbk9668ry
2026-09-09T12:19:51+00:00	dgx-spark-03	True	1	cmtpsaud71whj2auh0k27ynki
2026-09-09T12:19:51+00:00	dgx-spark-02	True	1	cmtsqj5lz5qd42auh8vvrfn03
2026-09-09T12:19:53+00:00	dgx-spark-04	True	1	cmtpeql4y1etk2auhbk9668ry
2026-09-09T12:19:53+00:00	dgx-spark-03	True	1	cmtpsaud71whj2auh0k27ynki
2026-09-09T12:19:53+00:00	dgx-spark-02	True	1	cmtsqj5lz5qd42auh8vvrfn03
2026-09-09T12:19:55+00:00	dgx-spark-04	True	1	cmtpeql4y1etk2auhbk9668ry
2026-09-09T12:19:55+00:00	dgx-spark-03	True	1	cmtpsaud71whj2auh0k27ynki
2026-09-09T12:19:55+00:00	dgx-spark-02	True	1	cmtsqj5lz5qd42auh8vvrfn03
2026-09-09T12:19:57+00:00	dgx-spark-04	True	1	cmtpeql4y1etk2auhbk9668ry
2026-09-09T12:19:57+00:00	dgx-spark-03	True	1	cmtpsaud71whj2auh0k27ynki
2026-09-09T12:19:57+00:00	dgx-spark-02	True	1	cmtsqj5lz5qd42auh8vvrfn03
2026-09-09T12:19:59+00:00	dgx-spark-04	True	1	cmtpeql4y1etk2auhbk9668ry
2026-09-09T12:19:59+00:00	dgx-spark-03	True	1	cmtpsaud71whj2auh0k27ynki
2026-09-09T12:19:59+00:00	dgx-spark-02	True	1	cmtsqj5lz5qd42auh8vvrfn03
2026-09-09T12:20:01+00:00	dgx-spark-04	True	1	cmtpeql4y1etk2auhbk9668ry
2026-09-09T12:20:01+00:00	dgx-spark-03	True	1	cmtpsaud71whj2auh0k27ynki
2026-09-09T12:20:01+00:00	dgx-spark-02	True	1	cmtsqj5lz5qd42auh8vvrfn03
2026-09-09T12:20:03+00:00	dgx-spark-04	True	1	cmtpeql4y1etk2auhbk9668ry
2026-09-09T12:20:03+00:00	dgx-spark-03	True	1	cmtpsaud71whj2auh0k27ynki
2026-09-09T12:20:03+00:00	dgx-spark-02	True	1	cmtsqj5lz5qd42auh8vvrfn03
2026-09-09T12:20:05+00:00	dgx-spark-04	True	1	cmtpeql4y1etk2auhbk9668ry
2026-09-09T12:20:05+00:00	dgx-spark-03	True	1	cmtpsaud71whj2auh0k27ynki
2026-09-09T12:20:05+00:00	dgx-spark-02	True	1	cmtsqj5lz5qd42auh8vvrfn03
2026-09-09T12:20:07+00:00	dgx-spark-04	True	1	cmtpeql4y1etk2auhbk9668ry
2026-09-09T12:20:07+00:00	dgx-spark-03	True	1	cmtpsaud71whj2auh0k27ynki
2026-09-09T12:20:07+00:00	dgx-spark-02	True	1	cmtsqj5lz5qd42auh8vvrfn03
2026-09-09T12:20:09+00:00	dgx-spark-04	True	1	cmtpeql4y1etk2auhbk9668ry
2026-09-09T12:20:09+00:00	dgx-spark-03	True	1	cmtpsaud71whj2auh0k27ynki
2026-09-09T12:20:09+00:00	dgx-spark-02	True	1	cmtsqj5lz5qd42auh8vvrfn03
2026-09-09T12:20:11+00:00	dgx-spark-04	True	1	cmtpeql4y1etk2auhbk9668ry
2026-09-09T12:20:11+00:00	dgx-spark-03	True	1	cmtpsaud71whj2auh0k27ynki
2026-09-09T12:20:11+00:00	dgx-spark-02	True	1	cmtsqj5lz5qd42auh8vvrfn03
2026-09-09T12:20:13+00:00	dgx-spark-04	True	1	cmtpeql4y1etk2auhbk9668ry
2026-09-09T12:20:13+00:00	dgx-spark-03	True	1	cmtpsaud71whj2auh0k27ynki
2026-09-09T12:20:13+00:00	dgx-spark-02	True	1	cmtsqj5lz5qd42auh8vvrfn03
2026-09-09T12:20:15+00:00	dgx-spark-04	True	1	cmtpeql4y1etk2auhbk9668ry
2026-09-09T12:20:15+00:00	dgx-spark-03	True	1	cmtpsaud71whj2auh0k27ynki
2026-09-09T12:20:15+00:00	dgx-spark-02	True	1	cmtsqj5lz5qd42auh8vvrfn03
2026-09-09T12:20:17+00:00	dgx-spark-04	True	1	cmtpeql4y1etk2auhbk9668ry
2026-09-09T12:20:17+00:00	dgx-spark-03	True	1	cmtpsaud71whj2auh0k27ynki
2026-09-09T12:20:17+00:00	dgx-spark-02	True	1	cmtsqj5lz5qd42auh8vvrfn03
2026-09-09T12:20:19+00:00	dgx-spark-04	True	1	cmtpeql4y1etk2auhbk9668ry
2026-09-09T12:20:19+00:00	dgx-spark-03	True	1	cmtpsaud71whj2auh0k27ynki
2026-09-09T12:20:19+00:00	dgx-spark-02	True	1	cmtsqj5lz5qd42auh8vvrfn03
2026-09-09T12:20:21+00:00	dgx-spark-04	True	0	cmtpeql4y1etk2auhbk9668ry
2026-09-09T12:20:21+00:00	dgx-spark-03	True	1	cmtpsaud71whj2auh0k27ynki
2026-09-09T12:20:21+00:00	dgx-spark-02	True	1	cmtsqj5lz5qd42auh8vvrfn03
2026-09-09T12:20:23+00:00	dgx-spark-04	True	1	cmtpeql4y1etk2auhbk9668ry
2026-09-09T12:20:23+00:00	dgx-spark-03	True	1	cmtpsaud71whj2auh0k27ynki
2026-09-09T12:20:23+00:00	dgx-spark-02	True	1	cmtsqj5lz5qd42auh8vvrfn03
2026-09-09T12:20:25+00:00	dgx-spark-04	True	1	cmtpeql4y1etk2auhbk9668ry
2026-09-09T12:20:25+00:00	dgx-spark-03	True	1	cmtpsaud71whj2auh0k27ynki
2026-09-09T12:20:25+00:00	dgx-spark-02	True	1	cmtsqj5lz5qd42auh8vvrfn03
2026-09-09T12:20:27+00:00	dgx-spark-04	True	1	cmtpeql4y1etk2auhbk9668ry
2026-09-09T12:20:27+00:00	dgx-spark-03	True	1	cmtpsaud71whj2auh0k27ynki
2026-09-09T12:20:27+00:00	dgx-spark-02	True	1	cmtsqj5lz5qd42auh8vvrfn03
2026-09-09T12:20:29+00:00	dgx-spark-04	True	1	cmtpeql4y1etk2auhbk9668ry
2026-09-09T12:20:29+00:00	dgx-spark-03	True	1	cmtpsaud71whj2auh0k27ynki
2026-09-09T12:20:29+00:00	dgx-spark-02	True	1	cmtsqj5lz5qd42auh8vvrfn03
2026-09-09T12:20:31+00:00	dgx-spark-04	True	1	cmtpeql4y1etk2auhbk9668ry
2026-09-09T12:20:31+00:00	dgx-spark-03	True	1	cmtpsaud71whj2auh0k27ynki
2026-09-09T12:20:31+00:00	dgx-spark-02	True	1	cmtsqj5lz5qd42auh8vvrfn03
2026-09-09T12:20:33+00:00	dgx-spark-04	True	1	cmtpeql4y1etk2auhbk9668ry
2026-09-09T12:20:33+00:00	dgx-spark-03	True	1	cmtpsaud71whj2auh0k27ynki
2026-09-09T12:20:33+00:00	dgx-spark-02	True	1	cmtsqj5lz5qd42auh8vvrfn03
2026-09-09T12:20:35+00:00	dgx-spark-04	True	1	cmtpeql4y1etk2auhbk9668ry
2026-09-09T12:20:35+00:00	dgx-spark-03	True	1	cmtpsaud71whj2auh0k27ynki
2026-09-09T12:20:35+00:00	dgx-spark-02	True	1	cmtsqj5lz5qd42auh8vvrfn03
2026-09-09T12:20:37+00:00	dgx-spark-04	True	1	cmtpeql4y1etk2auhbk9668ry
2026-09-09T12:20:37+00:00	dgx-spark-03	True	1	cmtpsaud71whj2auh0k27ynki
2026-09-09T12:20:37+00:00	dgx-spark-02	True	1	cmtsqj5lz5qd42auh8vvrfn03
2026-09-09T12:20:39+00:00	dgx-spark-04	True	1	cmtpeql4y1etk2auhbk9668ry
2026-09-09T12:20:39+00:00	dgx-spark-03	True	1	cmtpsaud71whj2auh0k27ynki
2026-09-09T12:20:39+00:00	dgx-spark-02	True	1	cmtsqj5lz5qd42auh8vvrfn03
2026-09-09T12:20:41+00:00	dgx-spark-04	True	1	cmtpeql4y1etk2auhbk9668ry
2026-09-09T12:20:41+00:00	dgx-spark-03	True	1	cmtpsaud71whj2auh0k27ynki
2026-09-09T12:20:41+00:00	dgx-spark-02	True	1	cmtsqj5lz5qd42auh8vvrfn03
2026-09-09T12:20:43+00:00	dgx-spark-04	True	1	cmtpeql4y1etk2auhbk9668ry
2026-09-09T12:20:43+00:00	dgx-spark-03	True	1	cmtpsaud71whj2auh0k27ynki
2026-09-09T12:20:43+00:00	dgx-spark-02	True	1	cmtsqj5lz5qd42auh8vvrfn03
2026-09-09T12:20:45+00:00	dgx-spark-04	True	1	cmtpeql4y1etk2auhbk9668ry
2026-09-09T12:20:45+00:00	dgx-spark-03	True	1	cmtpsaud71whj2auh0k27ynki
2026-09-09T12:20:45+00:00	dgx-spark-02	True	1	cmtsqj5lz5qd42auh8vvrfn03
2026-09-09T12:20:47+00:00	dgx-spark-04	True	1	cmtpeql4y1etk2auhbk9668ry
2026-09-09T12:20:47+00:00	dgx-spark-03	True	1	cmtpsaud71whj2auh0k27ynki
2026-09-09T12:20:47+00:00	dgx-spark-02	True	1	cmtsqj5lz5qd42auh8vvrfn03
2026-09-09T12:20:49+00:00	dgx-spark-04	True	1	cmtpeql4y1etk2auhbk9668ry
2026-09-09T12:20:49+00:00	dgx-spark-03	True	1	cmtpsaud71whj2auh0k27ynki
2026-09-09T12:20:49+00:00	dgx-spark-02	True	1	cmtsqj5lz5qd42auh8vvrfn03
2026-09-09T12:20:51+00:00	dgx-spark-04	True	1	cmtpeql4y1etk2auhbk9668ry
2026-09-09T12:20:51+00:00	dgx-spark-03	True	1	cmtpsaud71whj2auh0k27ynki
2026-09-09T12:20:51+00:00	dgx-spark-02	True	1	cmtsqj5lz5qd42auh8vvrfn03
2026-09-09T12:20:53+00:00	dgx-spark-04	True	1	cmtpeql4y1etk2auhbk9668ry
2026-09-09T12:20:53+00:00	dgx-spark-03	True	1	cmtpsaud71whj2auh0k27ynki
2026-09-09T12:20:53+00:00	dgx-spark-02	True	1	cmtsqj5lz5qd42auh8vvrfn03
2026-09-09T12:20:55+00:00	dgx-spark-04	True	1	cmtpeql4y1etk2auhbk9668ry
2026-09-09T12:20:55+00:00	dgx-spark-03	True	1	cmtpsaud71whj2auh0k27ynki
2026-09-09T12:20:55+00:00	dgx-spark-02	True	1	cmtsqj5lz5qd42auh8vvrfn03
2026-09-09T12:20:57+00:00	dgx-spark-04	True	1	cmtpeql4y1etk2auhbk9668ry
2026-09-09T12:20:57+00:00	dgx-spark-03	True	1	cmtpsaud71whj2auh0k27ynki
2026-09-09T12:20:57+00:00	dgx-spark-02	True	1	cmtsqj5lz5qd42auh8vvrfn03
2026-09-09T12:20:59+00:00	dgx-spark-04	True	1	cmtpeql4y1etk2auhbk9668ry
2026-09-09T12:20:59+00:00	dgx-spark-03	True	1	cmtpsaud71whj2auh0k27ynki
2026-09-09T12:20:59+00:00	dgx-spark-02	True	1	cmtsqj5lz5qd42auh8vvrfn03
2026-09-09T12:21:01+00:00	dgx-spark-04	True	1	cmtpeql4y1etk2auhbk9668ry
2026-09-09T12:21:01+00:00	dgx-spark-03	True	1	cmtpsaud71whj2auh0k27ynki
2026-09-09T12:21:01+00:00	dgx-spark-02	True	1	cmtsqj5lz5qd42auh8vvrfn03
2026-09-09T12:21:03+00:00	dgx-spark-04	True	1	cmtpeql4y1etk2auhbk9668ry
2026-09-09T12:21:03+00:00	dgx-spark-03	True	1	cmtpsaud71whj2auh0k27ynki
2026-09-09T12:21:03+00:00	dgx-spark-02	True	1	cmtsqj5lz5qd42auh8vvrfn03
2026-09-09T12:21:05+00:00	dgx-spark-04	True	1	cmtpeql4y1etk2auhbk9668ry
2026-09-09T12:21:05+00:00	dgx-spark-03	True	1	cmtpsaud71whj2auh0k27ynki
2026-09-09T12:21:05+00:00	dgx-spark-02	True	1	cmtsqj5lz5qd42auh8vvrfn03
2026-09-09T12:21:08+00:00	dgx-spark-04	True	1	cmtpeql4y1etk2auhbk9668ry
2026-09-09T12:21:08+00:00	dgx-spark-03	True	1	cmtpsaud71whj2auh0k27ynki
2026-09-09T12:21:08+00:00	dgx-spark-02	True	1	cmtsqj5lz5qd42auh8vvrfn03
2026-09-09T12:21:10+00:00	dgx-spark-04	True	1	cmtpeql4y1etk2auhbk9668ry
2026-09-09T12:21:10+00:00	dgx-spark-03	True	1	cmtpsaud71whj2auh0k27ynki
2026-09-09T12:21:10+00:00	dgx-spark-02	True	1	cmtsqj5lz5qd42auh8vvrfn03
2026-09-09T12:21:12+00:00	dgx-spark-04	True	1	cmtpeql4y1etk2auhbk9668ry
2026-09-09T12:21:12+00:00	dgx-spark-03	True	1	cmtpsaud71whj2auh0k27ynki
2026-09-09T12:21:12+00:00	dgx-spark-02	True	1	cmtsqj5lz5qd42auh8vvrfn03
2026-09-09T12:21:14+00:00	dgx-spark-04	True	1	cmtpeql4y1etk2auhbk9668ry
2026-09-09T12:21:14+00:00	dgx-spark-03	True	1	cmtpsaud71whj2auh0k27ynki
2026-09-09T12:21:14+00:00	dgx-spark-02	True	1	cmtsqj5lz5qd42auh8vvrfn03
2026-09-09T12:21:16+00:00	dgx-spark-04	True	1	cmtpeql4y1etk2auhbk9668ry
2026-09-09T12:21:16+00:00	dgx-spark-03	True	1	cmtpsaud71whj2auh0k27ynki
2026-09-09T12:21:16+00:00	dgx-spark-02	True	1	cmtsqj5lz5qd42auh8vvrfn03
2026-09-09T12:21:18+00:00	dgx-spark-04	True	1	cmtpeql4y1etk2auhbk9668ry
2026-09-09T12:21:18+00:00	dgx-spark-03	True	1	cmtpsaud71whj2auh0k27ynki
2026-09-09T12:21:18+00:00	dgx-spark-02	True	1	cmtsqj5lz5qd42auh8vvrfn03
2026-09-09T12:21:20+00:00	dgx-spark-04	True	1	cmtpeql4y1etk2auhbk9668ry
2026-09-09T12:21:20+00:00	dgx-spark-03	True	1	cmtpsaud71whj2auh0k27ynki
2026-09-09T12:21:20+00:00	dgx-spark-02	True	1	cmtsqj5lz5qd42auh8vvrfn03
2026-09-09T12:21:22+00:00	dgx-spark-04	True	1	cmtpeql4y1etk2auhbk9668ry
2026-09-09T12:21:22+00:00	dgx-spark-03	True	1	cmtpsaud71whj2auh0k27ynki
2026-09-09T12:21:22+00:00	dgx-spark-02	True	1	cmtsqj5lz5qd42auh8vvrfn03
2026-09-09T12:21:24+00:00	dgx-spark-04	True	1	cmtpeql4y1etk2auhbk9668ry
2026-09-09T12:21:24+00:00	dgx-spark-03	True	1	cmtpsaud71whj2auh0k27ynki
2026-09-09T12:21:24+00:00	dgx-spark-02	True	1	cmtsqj5lz5qd42auh8vvrfn03
2026-09-09T12:21:26+00:00	dgx-spark-04	True	1	cmtpeql4y1etk2auhbk9668ry
2026-09-09T12:21:26+00:00	dgx-spark-03	True	1	cmtpsaud71whj2auh0k27ynki
2026-09-09T12:21:26+00:00	dgx-spark-02	True	1	cmtsqj5lz5qd42auh8vvrfn03
2026-09-09T12:21:28+00:00	dgx-spark-04	True	1	cmtpeql4y1etk2auhbk9668ry
2026-09-09T12:21:28+00:00	dgx-spark-03	True	1	cmtpsaud71whj2auh0k27ynki
2026-09-09T12:21:28+00:00	dgx-spark-02	True	1	cmtsqj5lz5qd42auh8vvrfn03
2026-09-09T12:21:30+00:00	dgx-spark-04	True	1	cmtpeql4y1etk2auhbk9668ry
2026-09-09T12:21:30+00:00	dgx-spark-03	True	1	cmtpsaud71whj2auh0k27ynki
2026-09-09T12:21:30+00:00	dgx-spark-02	True	1	cmtsqj5lz5qd42auh8vvrfn03
2026-09-09T12:21:32+00:00	dgx-spark-04	True	1	cmtpeql4y1etk2auhbk9668ry
2026-09-09T12:21:32+00:00	dgx-spark-03	True	1	cmtpsaud71whj2auh0k27ynki
2026-09-09T12:21:32+00:00	dgx-spark-02	True	1	cmtsqj5lz5qd42auh8vvrfn03
2026-09-09T12:21:34+00:00	dgx-spark-04	True	1	cmtpeql4y1etk2auhbk9668ry
2026-09-09T12:21:34+00:00	dgx-spark-03	True	1	cmtpsaud71whj2auh0k27ynki
2026-09-09T12:21:34+00:00	dgx-spark-02	True	1	cmtsqj5lz5qd42auh8vvrfn03
2026-09-09T12:21:36+00:00	dgx-spark-04	True	1	cmtpeql4y1etk2auhbk9668ry
2026-09-09T12:21:36+00:00	dgx-spark-03	True	1	cmtpsaud71whj2auh0k27ynki
2026-09-09T12:21:36+00:00	dgx-spark-02	True	1	cmtsqj5lz5qd42auh8vvrfn03
2026-09-09T12:21:38+00:00	dgx-spark-04	True	1	cmtpeql4y1etk2auhbk9668ry
2026-09-09T12:21:38+00:00	dgx-spark-03	True	1	cmtpsaud71whj2auh0k27ynki
2026-09-09T12:21:38+00:00	dgx-spark-02	True	1	cmtsqj5lz5qd42auh8vvrfn03
2026-09-09T12:21:40+00:00	dgx-spark-04	True	1	cmtpeql4y1etk2auhbk9668ry
2026-09-09T12:21:40+00:00	dgx-spark-03	True	1	cmtpsaud71whj2auh0k27ynki
2026-09-09T12:21:40+00:00	dgx-spark-02	True	1	cmtsqj5lz5qd42auh8vvrfn03
2026-09-09T12:21:42+00:00	dgx-spark-04	True	1	cmtpeql4y1etk2auhbk9668ry
2026-09-09T12:21:42+00:00	dgx-spark-03	True	1	cmtpsaud71whj2auh0k27ynki
2026-09-09T12:21:42+00:00	dgx-spark-02	True	1	cmtsqj5lz5qd42auh8vvrfn03
2026-09-09T12:21:44+00:00	dgx-spark-04	True	1	cmtpeql4y1etk2auhbk9668ry
2026-09-09T12:21:44+00:00	dgx-spark-03	True	1	cmtpsaud71whj2auh0k27ynki
2026-09-09T12:21:44+00:00	dgx-spark-02	True	1	cmtsqj5lz5qd42auh8vvrfn03
2026-09-09T12:21:46+00:00	dgx-spark-04	True	1	cmtpeql4y1etk2auhbk9668ry
2026-09-09T12:21:46+00:00	dgx-spark-03	True	1	cmtpsaud71whj2auh0k27ynki
2026-09-09T12:21:46+00:00	dgx-spark-02	True	1	cmtsqj5lz5qd42auh8vvrfn03
2026-09-09T12:21:48+00:00	dgx-spark-04	True	1	cmtpeql4y1etk2auhbk9668ry
2026-09-09T12:21:48+00:00	dgx-spark-03	True	1	cmtpsaud71whj2auh0k27ynki
2026-09-09T12:21:48+00:00	dgx-spark-02	True	1	cmtsqj5lz5qd42auh8vvrfn03
2026-09-09T12:21:50+00:00	dgx-spark-04	True	1	cmtpeql4y1etk2auhbk9668ry
2026-09-09T12:21:50+00:00	dgx-spark-03	True	1	cmtpsaud71whj2auh0k27ynki
2026-09-09T12:21:50+00:00	dgx-spark-02	True	1	cmtsqj5lz5qd42auh8vvrfn03
2026-09-09T12:21:52+00:00	dgx-spark-04	True	1	cmtpeql4y1etk2auhbk9668ry
2026-09-09T12:21:52+00:00	dgx-spark-03	True	1	cmtpsaud71whj2auh0k27ynki
2026-09-09T12:21:52+00:00	dgx-spark-02	True	1	cmtsqj5lz5qd42auh8vvrfn03
2026-09-09T12:21:54+00:00	dgx-spark-04	True	1	cmtpeql4y1etk2auhbk9668ry
2026-09-09T12:21:54+00:00	dgx-spark-03	True	1	cmtpsaud71whj2auh0k27ynki
2026-09-09T12:21:54+00:00	dgx-spark-02	True	1	cmtsqj5lz5qd42auh8vvrfn03
2026-09-09T12:21:56+00:00	dgx-spark-04	True	1	cmtpeql4y1etk2auhbk9668ry
2026-09-09T12:21:56+00:00	dgx-spark-03	True	1	cmtpsaud71whj2auh0k27ynki
2026-09-09T12:21:56+00:00	dgx-spark-02	True	1	cmtsqj5lz5qd42auh8vvrfn03
2026-09-09T12:21:58+00:00	dgx-spark-04	True	1	cmtpeql4y1etk2auhbk9668ry
2026-09-09T12:21:58+00:00	dgx-spark-03	True	1	cmtpsaud71whj2auh0k27ynki
2026-09-09T12:21:58+00:00	dgx-spark-02	True	1	cmtsqj5lz5qd42auh8vvrfn03
2026-09-09T12:22:00+00:00	dgx-spark-04	True	1	cmtpeql4y1etk2auhbk9668ry
2026-09-09T12:22:00+00:00	dgx-spark-03	True	1	cmtpsaud71whj2auh0k27ynki
2026-09-09T12:22:00+00:00	dgx-spark-02	True	1	cmtsqj5lz5qd42auh8vvrfn03
2026-09-09T12:22:02+00:00	dgx-spark-04	True	1	cmtpeql4y1etk2auhbk9668ry
2026-09-09T12:22:02+00:00	dgx-spark-03	True	1	cmtpsaud71whj2auh0k27ynki
2026-09-09T12:22:02+00:00	dgx-spark-02	True	1	cmtsqj5lz5qd42auh8vvrfn03
2026-09-09T12:22:04+00:00	dgx-spark-04	True	0	cmtpeql4y1etk2auhbk9668ry
2026-09-09T12:22:04+00:00	dgx-spark-03	True	1	cmtpsaud71whj2auh0k27ynki
2026-09-09T12:22:04+00:00	dgx-spark-02	True	1	cmtsqj5lz5qd42auh8vvrfn03
2026-09-09T12:22:06+00:00	dgx-spark-04	True	1	cmtpeql4y1etk2auhbk9668ry
2026-09-09T12:22:06+00:00	dgx-spark-03	True	1	cmtpsaud71whj2auh0k27ynki
2026-09-09T12:22:06+00:00	dgx-spark-02	True	1	cmtsqj5lz5qd42auh8vvrfn03
2026-09-09T12:22:08+00:00	dgx-spark-04	True	1	cmtpeql4y1etk2auhbk9668ry
2026-09-09T12:22:08+00:00	dgx-spark-03	True	1	cmtpsaud71whj2auh0k27ynki
2026-09-09T12:22:08+00:00	dgx-spark-02	True	1	cmtsqj5lz5qd42auh8vvrfn03
2026-09-09T12:22:10+00:00	dgx-spark-04	True	1	cmtpeql4y1etk2auhbk9668ry
2026-09-09T12:22:10+00:00	dgx-spark-03	True	1	cmtpsaud71whj2auh0k27ynki
2026-09-09T12:22:10+00:00	dgx-spark-02	True	1	cmtsqj5lz5qd42auh8vvrfn03
2026-09-09T12:22:12+00:00	dgx-spark-04	True	1	cmtpeql4y1etk2auhbk9668ry
2026-09-09T12:22:12+00:00	dgx-spark-03	True	1	cmtpsaud71whj2auh0k27ynki
2026-09-09T12:22:12+00:00	dgx-spark-02	True	1	cmtsqj5lz5qd42auh8vvrfn03
2026-09-09T12:22:14+00:00	dgx-spark-04	True	1	cmtpeql4y1etk2auhbk9668ry
2026-09-09T12:22:14+00:00	dgx-spark-03	True	1	cmtpsaud71whj2auh0k27ynki
2026-09-09T12:22:14+00:00	dgx-spark-02	True	1	cmtsqj5lz5qd42auh8vvrfn03
2026-09-09T12:22:16+00:00	dgx-spark-04	True	1	cmtpeql4y1etk2auhbk9668ry
2026-09-09T12:22:16+00:00	dgx-spark-03	True	1	cmtpsaud71whj2auh0k27ynki
2026-09-09T12:22:16+00:00	dgx-spark-02	True	1	cmtsqj5lz5qd42auh8vvrfn03
2026-09-09T12:22:18+00:00	dgx-spark-04	True	1	cmtpeql4y1etk2auhbk9668ry
2026-09-09T12:22:18+00:00	dgx-spark-03	True	1	cmtpsaud71whj2auh0k27ynki
2026-09-09T12:22:18+00:00	dgx-spark-02	True	1	cmtsqj5lz5qd42auh8vvrfn03
2026-09-09T12:22:20+00:00	dgx-spark-04	True	1	cmtpeql4y1etk2auhbk9668ry
2026-09-09T12:22:20+00:00	dgx-spark-03	True	1	cmtpsaud71whj2auh0k27ynki
2026-09-09T12:22:20+00:00	dgx-spark-02	True	1	cmtsqj5lz5qd42auh8vvrfn03
2026-09-09T12:22:22+00:00	dgx-spark-04	True	1	cmtpeql4y1etk2auhbk9668ry
2026-09-09T12:22:22+00:00	dgx-spark-03	True	1	cmtpsaud71whj2auh0k27ynki
2026-09-09T12:22:22+00:00	dgx-spark-02	True	1	cmtsqj5lz5qd42auh8vvrfn03
2026-09-09T12:22:24+00:00	dgx-spark-04	True	1	cmtpeql4y1etk2auhbk9668ry
2026-09-09T12:22:24+00:00	dgx-spark-03	True	1	cmtpsaud71whj2auh0k27ynki
2026-09-09T12:22:24+00:00	dgx-spark-02	True	1	cmtsqj5lz5qd42auh8vvrfn03
2026-09-09T12:22:26+00:00	dgx-spark-04	True	1	cmtpeql4y1etk2auhbk9668ry
2026-09-09T12:22:26+00:00	dgx-spark-03	True	1	cmtpsaud71whj2auh0k27ynki
2026-09-09T12:22:26+00:00	dgx-spark-02	True	1	cmtsqj5lz5qd42auh8vvrfn03
2026-09-09T12:22:28+00:00	dgx-spark-04	True	1	cmtpeql4y1etk2auhbk9668ry
2026-09-09T12:22:28+00:00	dgx-spark-03	True	1	cmtpsaud71whj2auh0k27ynki
2026-09-09T12:22:28+00:00	dgx-spark-02	True	1	cmtsqj5lz5qd42auh8vvrfn03
2026-09-09T12:22:30+00:00	dgx-spark-04	True	1	cmtpeql4y1etk2auhbk9668ry
2026-09-09T12:22:30+00:00	dgx-spark-03	True	1	cmtpsaud71whj2auh0k27ynki
2026-09-09T12:22:30+00:00	dgx-spark-02	True	1	cmtsqj5lz5qd42auh8vvrfn03
2026-09-09T12:22:32+00:00	dgx-spark-04	True	1	cmtpeql4y1etk2auhbk9668ry
2026-09-09T12:22:32+00:00	dgx-spark-03	True	1	cmtpsaud71whj2auh0k27ynki
2026-09-09T12:22:32+00:00	dgx-spark-02	True	1	cmtsqj5lz5qd42auh8vvrfn03
2026-09-09T12:22:34+00:00	dgx-spark-04	True	1	cmtpeql4y1etk2auhbk9668ry
2026-09-09T12:22:34+00:00	dgx-spark-03	True	1	cmtpsaud71whj2auh0k27ynki
2026-09-09T12:22:34+00:00	dgx-spark-02	True	1	cmtsqj5lz5qd42auh8vvrfn03
2026-09-09T12:22:36+00:00	dgx-spark-04	True	1	cmtpeql4y1etk2auhbk9668ry
2026-09-09T12:22:36+00:00	dgx-spark-03	True	1	cmtpsaud71whj2auh0k27ynki
2026-09-09T12:22:36+00:00	dgx-spark-02	True	1	cmtsqj5lz5qd42auh8vvrfn03
2026-09-09T12:22:38+00:00	dgx-spark-04	True	1	cmtpeql4y1etk2auhbk9668ry
2026-09-09T12:22:38+00:00	dgx-spark-03	True	1	cmtpsaud71whj2auh0k27ynki
2026-09-09T12:22:38+00:00	dgx-spark-02	True	1	cmtsqj5lz5qd42auh8vvrfn03
2026-09-09T12:22:40+00:00	dgx-spark-04	True	1	cmtpeql4y1etk2auhbk9668ry
2026-09-09T12:22:40+00:00	dgx-spark-03	True	1	cmtpsaud71whj2auh0k27ynki
2026-09-09T12:22:40+00:00	dgx-spark-02	True	1	cmtsqj5lz5qd42auh8vvrfn03
2026-09-09T12:22:42+00:00	dgx-spark-04	True	1	cmtpeql4y1etk2auhbk9668ry
2026-09-09T12:22:42+00:00	dgx-spark-03	True	1	cmtpsaud71whj2auh0k27ynki
2026-09-09T12:22:42+00:00	dgx-spark-02	True	1	cmtsqj5lz5qd42auh8vvrfn03
2026-09-09T12:22:44+00:00	dgx-spark-04	True	1	cmtpeql4y1etk2auhbk9668ry
2026-09-09T12:22:44+00:00	dgx-spark-03	True	1	cmtpsaud71whj2auh0k27ynki
2026-09-09T12:22:44+00:00	dgx-spark-02	True	1	cmtsqj5lz5qd42auh8vvrfn03
2026-09-09T12:22:46+00:00	dgx-spark-04	True	1	cmtpeql4y1etk2auhbk9668ry
2026-09-09T12:22:46+00:00	dgx-spark-03	True	1	cmtpsaud71whj2auh0k27ynki
2026-09-09T12:22:46+00:00	dgx-spark-02	True	1	cmtsqj5lz5qd42auh8vvrfn03
2026-09-09T12:22:49+00:00	dgx-spark-04	True	1	cmtpeql4y1etk2auhbk9668ry
2026-09-09T12:22:49+00:00	dgx-spark-03	True	1	cmtpsaud71whj2auh0k27ynki
2026-09-09T12:22:49+00:00	dgx-spark-02	True	1	cmtsqj5lz5qd42auh8vvrfn03
2026-09-09T12:22:51+00:00	dgx-spark-04	True	1	cmtpeql4y1etk2auhbk9668ry
2026-09-09T12:22:51+00:00	dgx-spark-03	True	1	cmtpsaud71whj2auh0k27ynki
2026-09-09T12:22:51+00:00	dgx-spark-02	True	1	cmtsqj5lz5qd42auh8vvrfn03
2026-09-09T12:22:53+00:00	dgx-spark-04	True	1	cmtpeql4y1etk2auhbk9668ry
2026-09-09T12:22:53+00:00	dgx-spark-03	True	1	cmtpsaud71whj2auh0k27ynki
2026-09-09T12:22:53+00:00	dgx-spark-02	True	1	cmtsqj5lz5qd42auh8vvrfn03
2026-09-09T12:22:55+00:00	dgx-spark-04	True	1	cmtpeql4y1etk2auhbk9668ry
2026-09-09T12:22:55+00:00	dgx-spark-03	True	1	cmtpsaud71whj2auh0k27ynki
2026-09-09T12:22:55+00:00	dgx-spark-02	True	1	cmtsqj5lz5qd42auh8vvrfn03
2026-09-09T12:22:57+00:00	dgx-spark-04	True	1	cmtpeql4y1etk2auhbk9668ry
2026-09-09T12:22:57+00:00	dgx-spark-03	True	1	cmtpsaud71whj2auh0k27ynki
2026-09-09T12:22:57+00:00	dgx-spark-02	True	1	cmtsqj5lz5qd42auh8vvrfn03
2026-09-09T12:22:59+00:00	dgx-spark-04	True	1	cmtpeql4y1etk2auhbk9668ry
2026-09-09T12:22:59+00:00	dgx-spark-03	True	1	cmtpsaud71whj2auh0k27ynki
2026-09-09T12:22:59+00:00	dgx-spark-02	True	1	cmtsqj5lz5qd42auh8vvrfn03
2026-09-09T12:23:01+00:00	dgx-spark-04	True	1	cmtpeql4y1etk2auhbk9668ry
2026-09-09T12:23:01+00:00	dgx-spark-03	True	1	cmtpsaud71whj2auh0k27ynki
2026-09-09T12:23:01+00:00	dgx-spark-02	True	1	cmtsqj5lz5qd42auh8vvrfn03
2026-09-09T12:23:03+00:00	dgx-spark-04	True	1	cmtpeql4y1etk2auhbk9668ry
2026-09-09T12:23:03+00:00	dgx-spark-03	True	1	cmtpsaud71whj2auh0k27ynki
2026-09-09T12:23:03+00:00	dgx-spark-02	True	1	cmtsqj5lz5qd42auh8vvrfn03
2026-09-09T12:23:05+00:00	dgx-spark-04	True	1	cmtpeql4y1etk2auhbk9668ry
2026-09-09T12:23:05+00:00	dgx-spark-03	True	1	cmtpsaud71whj2auh0k27ynki
2026-09-09T12:23:05+00:00	dgx-spark-02	True	1	cmtsqj5lz5qd42auh8vvrfn03
2026-09-09T12:23:07+00:00	dgx-spark-04	True	1	cmtpeql4y1etk2auhbk9668ry
2026-09-09T12:23:07+00:00	dgx-spark-03	True	1	cmtpsaud71whj2auh0k27ynki
2026-09-09T12:23:07+00:00	dgx-spark-02	True	1	cmtsqj5lz5qd42auh8vvrfn03
2026-09-09T12:23:09+00:00	dgx-spark-04	True	1	cmtpeql4y1etk2auhbk9668ry
2026-09-09T12:23:09+00:00	dgx-spark-03	True	1	cmtpsaud71whj2auh0k27ynki
2026-09-09T12:23:09+00:00	dgx-spark-02	True	1	cmtsqj5lz5qd42auh8vvrfn03
2026-09-09T12:23:11+00:00	dgx-spark-04	True	1	cmtpeql4y1etk2auhbk9668ry
2026-09-09T12:23:11+00:00	dgx-spark-03	True	1	cmtpsaud71whj2auh0k27ynki
2026-09-09T12:23:11+00:00	dgx-spark-02	True	1	cmtsqj5lz5qd42auh8vvrfn03
2026-09-09T12:23:13+00:00	dgx-spark-04	True	1	cmtpeql4y1etk2auhbk9668ry
2026-09-09T12:23:13+00:00	dgx-spark-03	True	1	cmtpsaud71whj2auh0k27ynki
2026-09-09T12:23:13+00:00	dgx-spark-02	True	1	cmtsqj5lz5qd42auh8vvrfn03
2026-09-09T12:23:15+00:00	dgx-spark-04	True	1	cmtpeql4y1etk2auhbk9668ry
2026-09-09T12:23:15+00:00	dgx-spark-03	True	1	cmtpsaud71whj2auh0k27ynki
2026-09-09T12:23:15+00:00	dgx-spark-02	True	1	cmtsqj5lz5qd42auh8vvrfn03
2026-09-09T12:23:17+00:00	dgx-spark-04	True	1	cmtpeql4y1etk2auhbk9668ry
2026-09-09T12:23:17+00:00	dgx-spark-03	True	1	cmtpsaud71whj2auh0k27ynki
2026-09-09T12:23:17+00:00	dgx-spark-02	True	1	cmtsqj5lz5qd42auh8vvrfn03
2026-09-09T12:23:19+00:00	dgx-spark-04	True	1	cmtpeql4y1etk2auhbk9668ry
2026-09-09T12:23:19+00:00	dgx-spark-03	True	1	cmtpsaud71whj2auh0k27ynki
2026-09-09T12:23:19+00:00	dgx-spark-02	True	1	cmtsqj5lz5qd42auh8vvrfn03
2026-09-09T12:23:21+00:00	dgx-spark-04	True	1	cmtpeql4y1etk2auhbk9668ry
2026-09-09T12:23:21+00:00	dgx-spark-03	True	1	cmtpsaud71whj2auh0k27ynki
2026-09-09T12:23:21+00:00	dgx-spark-02	True	1	cmtsqj5lz5qd42auh8vvrfn03
2026-09-09T12:23:23+00:00	dgx-spark-04	True	1	cmtpeql4y1etk2auhbk9668ry
2026-09-09T12:23:23+00:00	dgx-spark-03	True	1	cmtpsaud71whj2auh0k27ynki
2026-09-09T12:23:23+00:00	dgx-spark-02	True	1	cmtsqj5lz5qd42auh8vvrfn03
2026-09-09T12:23:25+00:00	dgx-spark-04	True	1	cmtpeql4y1etk2auhbk9668ry
2026-09-09T12:23:25+00:00	dgx-spark-03	True	1	cmtpsaud71whj2auh0k27ynki
2026-09-09T12:23:25+00:00	dgx-spark-02	True	1	cmtsqj5lz5qd42auh8vvrfn03
2026-09-09T12:23:27+00:00	dgx-spark-04	True	1	cmtpeql4y1etk2auhbk9668ry
2026-09-09T12:23:27+00:00	dgx-spark-03	True	1	cmtpsaud71whj2auh0k27ynki
2026-09-09T12:23:27+00:00	dgx-spark-02	True	1	cmtsqj5lz5qd42auh8vvrfn03
2026-09-09T12:23:29+00:00	dgx-spark-04	True	1	cmtpeql4y1etk2auhbk9668ry
2026-09-09T12:23:29+00:00	dgx-spark-03	True	1	cmtpsaud71whj2auh0k27ynki
2026-09-09T12:23:29+00:00	dgx-spark-02	True	1	cmtsqj5lz5qd42auh8vvrfn03
2026-09-09T12:23:31+00:00	dgx-spark-04	True	1	cmtpeql4y1etk2auhbk9668ry
2026-09-09T12:23:31+00:00	dgx-spark-03	True	1	cmtpsaud71whj2auh0k27ynki
2026-09-09T12:23:31+00:00	dgx-spark-02	True	1	cmtsqj5lz5qd42auh8vvrfn03
2026-09-09T12:23:33+00:00	dgx-spark-04	True	1	cmtpeql4y1etk2auhbk9668ry
2026-09-09T12:23:33+00:00	dgx-spark-03	True	1	cmtpsaud71whj2auh0k27ynki
2026-09-09T12:23:33+00:00	dgx-spark-02	True	1	cmtsqj5lz5qd42auh8vvrfn03
2026-09-09T12:23:35+00:00	dgx-spark-04	True	1	cmtpeql4y1etk2auhbk9668ry
2026-09-09T12:23:35+00:00	dgx-spark-03	True	1	cmtpsaud71whj2auh0k27ynki
2026-09-09T12:23:35+00:00	dgx-spark-02	True	1	cmtsqj5lz5qd42auh8vvrfn03
2026-09-09T12:23:37+00:00	dgx-spark-04	True	1	cmtpeql4y1etk2auhbk9668ry
2026-09-09T12:23:37+00:00	dgx-spark-03	True	1	cmtpsaud71whj2auh0k27ynki
2026-09-09T12:23:37+00:00	dgx-spark-02	True	1	cmtsqj5lz5qd42auh8vvrfn03
2026-09-09T12:23:39+00:00	dgx-spark-04	True	1	cmtpeql4y1etk2auhbk9668ry
2026-09-09T12:23:39+00:00	dgx-spark-03	True	1	cmtpsaud71whj2auh0k27ynki
2026-09-09T12:23:39+00:00	dgx-spark-02	True	1	cmtsqj5lz5qd42auh8vvrfn03
2026-09-09T12:23:41+00:00	dgx-spark-04	True	1	cmtpeql4y1etk2auhbk9668ry
2026-09-09T12:23:41+00:00	dgx-spark-03	True	1	cmtpsaud71whj2auh0k27ynki
2026-09-09T12:23:41+00:00	dgx-spark-02	True	1	cmtsqj5lz5qd42auh8vvrfn03
2026-09-09T12:23:43+00:00	dgx-spark-04	True	1	cmtpeql4y1etk2auhbk9668ry
2026-09-09T12:23:43+00:00	dgx-spark-03	True	1	cmtpsaud71whj2auh0k27ynki
2026-09-09T12:23:43+00:00	dgx-spark-02	True	1	cmtsqj5lz5qd42auh8vvrfn03
2026-09-09T12:23:45+00:00	dgx-spark-04	True	1	cmtpeql4y1etk2auhbk9668ry
2026-09-09T12:23:45+00:00	dgx-spark-03	True	1	cmtpsaud71whj2auh0k27ynki
2026-09-09T12:23:45+00:00	dgx-spark-02	True	1	cmtsqj5lz5qd42auh8vvrfn03
2026-09-09T12:23:47+00:00	dgx-spark-04	True	1	cmtpeql4y1etk2auhbk9668ry
2026-09-09T12:23:47+00:00	dgx-spark-03	True	1	cmtpsaud71whj2auh0k27ynki
2026-09-09T12:23:47+00:00	dgx-spark-02	True	1	cmtsqj5lz5qd42auh8vvrfn03
2026-09-09T12:23:49+00:00	dgx-spark-04	True	1	cmtpeql4y1etk2auhbk9668ry
2026-09-09T12:23:49+00:00	dgx-spark-03	True	1	cmtpsaud71whj2auh0k27ynki
2026-09-09T12:23:49+00:00	dgx-spark-02	True	1	cmtsqj5lz5qd42auh8vvrfn03
2026-09-09T12:23:51+00:00	dgx-spark-04	True	1	cmtpeql4y1etk2auhbk9668ry
2026-09-09T12:23:51+00:00	dgx-spark-03	True	1	cmtpsaud71whj2auh0k27ynki
2026-09-09T12:23:51+00:00	dgx-spark-02	True	1	cmtsqj5lz5qd42auh8vvrfn03
2026-09-09T12:23:53+00:00	dgx-spark-04	True	1	cmtpeql4y1etk2auhbk9668ry
2026-09-09T12:23:53+00:00	dgx-spark-03	True	1	cmtpsaud71whj2auh0k27ynki
2026-09-09T12:23:53+00:00	dgx-spark-02	True	1	cmtsqj5lz5qd42auh8vvrfn03
2026-09-09T12:23:55+00:00	dgx-spark-04	True	1	cmtpeql4y1etk2auhbk9668ry
2026-09-09T12:23:55+00:00	dgx-spark-03	True	1	cmtpsaud71whj2auh0k27ynki
2026-09-09T12:23:55+00:00	dgx-spark-02	True	1	cmtsqj5lz5qd42auh8vvrfn03
2026-09-09T12:23:57+00:00	dgx-spark-04	True	1	cmtpeql4y1etk2auhbk9668ry
2026-09-09T12:23:57+00:00	dgx-spark-03	True	1	cmtpsaud71whj2auh0k27ynki
2026-09-09T12:23:57+00:00	dgx-spark-02	True	1	cmtsqj5lz5qd42auh8vvrfn03
2026-09-09T12:23:59+00:00	dgx-spark-04	True	1	cmtpeql4y1etk2auhbk9668ry
2026-09-09T12:23:59+00:00	dgx-spark-03	True	1	cmtpsaud71whj2auh0k27ynki
2026-09-09T12:23:59+00:00	dgx-spark-02	True	1	cmtsqj5lz5qd42auh8vvrfn03
2026-09-09T12:24:01+00:00	dgx-spark-04	True	1	cmtpeql4y1etk2auhbk9668ry
2026-09-09T12:24:01+00:00	dgx-spark-03	True	1	cmtpsaud71whj2auh0k27ynki
2026-09-09T12:24:01+00:00	dgx-spark-02	True	1	cmtsqj5lz5qd42auh8vvrfn03
2026-09-09T12:24:03+00:00	dgx-spark-04	True	1	cmtpeql4y1etk2auhbk9668ry
2026-09-09T12:24:03+00:00	dgx-spark-03	True	1	cmtpsaud71whj2auh0k27ynki
2026-09-09T12:24:03+00:00	dgx-spark-02	True	1	cmtsqj5lz5qd42auh8vvrfn03
2026-09-09T12:24:05+00:00	dgx-spark-04	True	1	cmtpeql4y1etk2auhbk9668ry
2026-09-09T12:24:05+00:00	dgx-spark-03	True	1	cmtpsaud71whj2auh0k27ynki
2026-09-09T12:24:05+00:00	dgx-spark-02	True	1	cmtsqj5lz5qd42auh8vvrfn03
2026-09-09T12:24:07+00:00	dgx-spark-04	True	1	cmtpeql4y1etk2auhbk9668ry
2026-09-09T12:24:07+00:00	dgx-spark-03	True	1	cmtpsaud71whj2auh0k27ynki
2026-09-09T12:24:07+00:00	dgx-spark-02	True	1	cmtsqj5lz5qd42auh8vvrfn03
2026-09-09T12:24:09+00:00	dgx-spark-04	True	1	cmtpeql4y1etk2auhbk9668ry
2026-09-09T12:24:09+00:00	dgx-spark-03	True	1	cmtpsaud71whj2auh0k27ynki
2026-09-09T12:24:09+00:00	dgx-spark-02	True	1	cmtsqj5lz5qd42auh8vvrfn03
2026-09-09T12:24:11+00:00	dgx-spark-04	True	1	cmtpeql4y1etk2auhbk9668ry
2026-09-09T12:24:11+00:00	dgx-spark-03	True	1	cmtpsaud71whj2auh0k27ynki
2026-09-09T12:24:11+00:00	dgx-spark-02	True	1	cmtsqj5lz5qd42auh8vvrfn03
2026-09-09T12:24:13+00:00	dgx-spark-04	True	1	cmtpeql4y1etk2auhbk9668ry
2026-09-09T12:24:13+00:00	dgx-spark-03	True	1	cmtpsaud71whj2auh0k27ynki
2026-09-09T12:24:13+00:00	dgx-spark-02	True	1	cmtsqj5lz5qd42auh8vvrfn03
2026-09-09T12:24:15+00:00	dgx-spark-04	True	1	cmtpeql4y1etk2auhbk9668ry
2026-09-09T12:24:15+00:00	dgx-spark-03	True	1	cmtpsaud71whj2auh0k27ynki
2026-09-09T12:24:15+00:00	dgx-spark-02	True	1	cmtsqj5lz5qd42auh8vvrfn03
2026-09-09T12:24:17+00:00	dgx-spark-04	True	1	cmtpeql4y1etk2auhbk9668ry
2026-09-09T12:24:17+00:00	dgx-spark-03	True	1	cmtpsaud71whj2auh0k27ynki
2026-09-09T12:24:17+00:00	dgx-spark-02	True	1	cmtsqj5lz5qd42auh8vvrfn03
2026-09-09T12:24:19+00:00	dgx-spark-04	True	1	cmtpeql4y1etk2auhbk9668ry
2026-09-09T12:24:19+00:00	dgx-spark-03	True	1	cmtpsaud71whj2auh0k27ynki
2026-09-09T12:24:19+00:00	dgx-spark-02	True	1	cmtsqj5lz5qd42auh8vvrfn03
2026-09-09T12:24:22+00:00	dgx-spark-04	True	1	cmtpeql4y1etk2auhbk9668ry
2026-09-09T12:24:22+00:00	dgx-spark-03	True	1	cmtpsaud71whj2auh0k27ynki
2026-09-09T12:24:22+00:00	dgx-spark-02	True	1	cmtsqj5lz5qd42auh8vvrfn03
2026-09-09T12:24:24+00:00	dgx-spark-04	True	1	cmtpeql4y1etk2auhbk9668ry
2026-09-09T12:24:24+00:00	dgx-spark-03	True	1	cmtpsaud71whj2auh0k27ynki
2026-09-09T12:24:24+00:00	dgx-spark-02	True	1	cmtsqj5lz5qd42auh8vvrfn03
2026-09-09T12:24:26+00:00	dgx-spark-04	True	1	cmtpeql4y1etk2auhbk9668ry
2026-09-09T12:24:26+00:00	dgx-spark-03	True	1	cmtpsaud71whj2auh0k27ynki
2026-09-09T12:24:26+00:00	dgx-spark-02	True	1	cmtsqj5lz5qd42auh8vvrfn03
2026-09-09T12:24:28+00:00	dgx-spark-04	True	1	cmtpeql4y1etk2auhbk9668ry
2026-09-09T12:24:28+00:00	dgx-spark-03	True	1	cmtpsaud71whj2auh0k27ynki
2026-09-09T12:24:28+00:00	dgx-spark-02	True	1	cmtsqj5lz5qd42auh8vvrfn03
2026-09-09T12:24:30+00:00	dgx-spark-04	True	1	cmtpeql4y1etk2auhbk9668ry
2026-09-09T12:24:30+00:00	dgx-spark-03	True	1	cmtpsaud71whj2auh0k27ynki
2026-09-09T12:24:30+00:00	dgx-spark-02	True	1	cmtsqj5lz5qd42auh8vvrfn03
2026-09-09T12:24:32+00:00	dgx-spark-04	True	1	cmtpeql4y1etk2auhbk9668ry
2026-09-09T12:24:32+00:00	dgx-spark-03	True	1	cmtpsaud71whj2auh0k27ynki
2026-09-09T12:24:32+00:00	dgx-spark-02	True	1	cmtsqj5lz5qd42auh8vvrfn03
2026-09-09T12:24:34+00:00	dgx-spark-04	True	1	cmtpeql4y1etk2auhbk9668ry
2026-09-09T12:24:34+00:00	dgx-spark-03	True	1	cmtpsaud71whj2auh0k27ynki
2026-09-09T12:24:34+00:00	dgx-spark-02	True	1	cmtsqj5lz5qd42auh8vvrfn03
2026-09-09T12:24:36+00:00	dgx-spark-04	True	1	cmtpeql4y1etk2auhbk9668ry
2026-09-09T12:24:36+00:00	dgx-spark-03	True	1	cmtpsaud71whj2auh0k27ynki
2026-09-09T12:24:36+00:00	dgx-spark-02	True	1	cmtsqj5lz5qd42auh8vvrfn03
2026-09-09T12:24:38+00:00	dgx-spark-04	True	1	cmtpeql4y1etk2auhbk9668ry
2026-09-09T12:24:38+00:00	dgx-spark-03	True	1	cmtpsaud71whj2auh0k27ynki
2026-09-09T12:24:38+00:00	dgx-spark-02	True	1	cmtsqj5lz5qd42auh8vvrfn03
2026-09-09T12:24:40+00:00	dgx-spark-04	True	1	cmtpeql4y1etk2auhbk9668ry
2026-09-09T12:24:40+00:00	dgx-spark-03	True	1	cmtpsaud71whj2auh0k27ynki
2026-09-09T12:24:40+00:00	dgx-spark-02	True	1	cmtsqj5lz5qd42auh8vvrfn03
2026-09-09T12:24:42+00:00	dgx-spark-04	True	1	cmtpeql4y1etk2auhbk9668ry
2026-09-09T12:24:42+00:00	dgx-spark-03	True	1	cmtpsaud71whj2auh0k27ynki
2026-09-09T12:24:42+00:00	dgx-spark-02	True	1	cmtsqj5lz5qd42auh8vvrfn03
2026-09-09T12:24:44+00:00	dgx-spark-04	True	1	cmtpeql4y1etk2auhbk9668ry
2026-09-09T12:24:44+00:00	dgx-spark-03	True	1	cmtpsaud71whj2auh0k27ynki
2026-09-09T12:24:44+00:00	dgx-spark-02	True	1	cmtsqj5lz5qd42auh8vvrfn03
2026-09-09T12:24:46+00:00	dgx-spark-04	True	1	cmtpeql4y1etk2auhbk9668ry
2026-09-09T12:24:46+00:00	dgx-spark-03	True	1	cmtpsaud71whj2auh0k27ynki
2026-09-09T12:24:46+00:00	dgx-spark-02	True	1	cmtsqj5lz5qd42auh8vvrfn03
2026-09-09T12:24:48+00:00	dgx-spark-04	True	1	cmtpeql4y1etk2auhbk9668ry
2026-09-09T12:24:48+00:00	dgx-spark-03	True	1	cmtpsaud71whj2auh0k27ynki
2026-09-09T12:24:48+00:00	dgx-spark-02	True	1	cmtsqj5lz5qd42auh8vvrfn03
2026-09-09T12:24:50+00:00	dgx-spark-04	True	1	cmtpeql4y1etk2auhbk9668ry
2026-09-09T12:24:50+00:00	dgx-spark-03	True	1	cmtpsaud71whj2auh0k27ynki
2026-09-09T12:24:50+00:00	dgx-spark-02	True	1	cmtsqj5lz5qd42auh8vvrfn03
2026-09-09T12:24:52+00:00	dgx-spark-04	True	1	cmtpeql4y1etk2auhbk9668ry
2026-09-09T12:24:52+00:00	dgx-spark-03	True	1	cmtpsaud71whj2auh0k27ynki
2026-09-09T12:24:52+00:00	dgx-spark-02	True	1	cmtsqj5lz5qd42auh8vvrfn03
2026-09-09T12:24:54+00:00	dgx-spark-04	True	1	cmtpeql4y1etk2auhbk9668ry
2026-09-09T12:24:54+00:00	dgx-spark-03	True	1	cmtpsaud71whj2auh0k27ynki
2026-09-09T12:24:54+00:00	dgx-spark-02	True	1	cmtsqj5lz5qd42auh8vvrfn03
2026-09-09T12:24:56+00:00	dgx-spark-04	True	1	cmtpeql4y1etk2auhbk9668ry
2026-09-09T12:24:56+00:00	dgx-spark-03	True	1	cmtpsaud71whj2auh0k27ynki
2026-09-09T12:24:56+00:00	dgx-spark-02	True	1	cmtsqj5lz5qd42auh8vvrfn03
2026-09-09T12:24:58+00:00	dgx-spark-04	True	1	cmtpeql4y1etk2auhbk9668ry
2026-09-09T12:24:58+00:00	dgx-spark-03	True	1	cmtpsaud71whj2auh0k27ynki
2026-09-09T12:24:58+00:00	dgx-spark-02	True	1	cmtsqj5lz5qd42auh8vvrfn03
2026-09-09T12:25:00+00:00	dgx-spark-04	True	1	cmtpeql4y1etk2auhbk9668ry
2026-09-09T12:25:00+00:00	dgx-spark-03	True	1	cmtpsaud71whj2auh0k27ynki
2026-09-09T12:25:00+00:00	dgx-spark-02	True	1	cmtsqj5lz5qd42auh8vvrfn03
2026-09-09T12:25:02+00:00	dgx-spark-04	True	1	cmtpeql4y1etk2auhbk9668ry
2026-09-09T12:25:02+00:00	dgx-spark-03	True	1	cmtpsaud71whj2auh0k27ynki
2026-09-09T12:25:02+00:00	dgx-spark-02	True	1	cmtsqj5lz5qd42auh8vvrfn03
2026-09-09T12:25:04+00:00	dgx-spark-04	True	1	cmtpeql4y1etk2auhbk9668ry
2026-09-09T12:25:04+00:00	dgx-spark-03	True	1	cmtpsaud71whj2auh0k27ynki
2026-09-09T12:25:04+00:00	dgx-spark-02	True	1	cmtsqj5lz5qd42auh8vvrfn03
2026-09-09T12:25:06+00:00	dgx-spark-04	True	1	cmtpeql4y1etk2auhbk9668ry
2026-09-09T12:25:06+00:00	dgx-spark-03	True	1	cmtpsaud71whj2auh0k27ynki
2026-09-09T12:25:06+00:00	dgx-spark-02	True	1	cmtsqj5lz5qd42auh8vvrfn03
2026-09-09T12:25:08+00:00	dgx-spark-04	True	1	cmtpeql4y1etk2auhbk9668ry
2026-09-09T12:25:08+00:00	dgx-spark-03	True	1	cmtpsaud71whj2auh0k27ynki
2026-09-09T12:25:08+00:00	dgx-spark-02	True	1	cmtsqj5lz5qd42auh8vvrfn03
2026-09-09T12:25:10+00:00	dgx-spark-04	True	1	cmtpeql4y1etk2auhbk9668ry
2026-09-09T12:25:10+00:00	dgx-spark-03	True	1	cmtpsaud71whj2auh0k27ynki
2026-09-09T12:25:10+00:00	dgx-spark-02	True	1	cmtsqj5lz5qd42auh8vvrfn03
2026-09-09T12:25:12+00:00	dgx-spark-04	True	1	cmtpeql4y1etk2auhbk9668ry
2026-09-09T12:25:12+00:00	dgx-spark-03	True	1	cmtpsaud71whj2auh0k27ynki
2026-09-09T12:25:12+00:00	dgx-spark-02	True	1	cmtsqj5lz5qd42auh8vvrfn03
2026-09-09T12:25:14+00:00	dgx-spark-04	True	1	cmtpeql4y1etk2auhbk9668ry
2026-09-09T12:25:14+00:00	dgx-spark-03	True	1	cmtpsaud71whj2auh0k27ynki
2026-09-09T12:25:14+00:00	dgx-spark-02	True	1	cmtsqj5lz5qd42auh8vvrfn03
2026-09-09T12:25:16+00:00	dgx-spark-04	True	1	cmtpeql4y1etk2auhbk9668ry
2026-09-09T12:25:16+00:00	dgx-spark-03	True	1	cmtpsaud71whj2auh0k27ynki
2026-09-09T12:25:16+00:00	dgx-spark-02	True	1	cmtsqj5lz5qd42auh8vvrfn03
2026-09-09T12:25:18+00:00	dgx-spark-04	True	1	cmtpeql4y1etk2auhbk9668ry
2026-09-09T12:25:18+00:00	dgx-spark-03	True	1	cmtpsaud71whj2auh0k27ynki
2026-09-09T12:25:18+00:00	dgx-spark-02	True	1	cmtsqj5lz5qd42auh8vvrfn03
2026-09-09T12:25:20+00:00	dgx-spark-04	True	1	cmtpeql4y1etk2auhbk9668ry
2026-09-09T12:25:20+00:00	dgx-spark-03	True	1	cmtpsaud71whj2auh0k27ynki
2026-09-09T12:25:20+00:00	dgx-spark-02	True	1	cmtsqj5lz5qd42auh8vvrfn03
2026-09-09T12:25:22+00:00	dgx-spark-04	True	1	cmtpeql4y1etk2auhbk9668ry
2026-09-09T12:25:22+00:00	dgx-spark-03	True	1	cmtpsaud71whj2auh0k27ynki
2026-09-09T12:25:22+00:00	dgx-spark-02	True	1	cmtsqj5lz5qd42auh8vvrfn03
2026-09-09T12:25:24+00:00	dgx-spark-04	True	1	cmtpeql4y1etk2auhbk9668ry
2026-09-09T12:25:24+00:00	dgx-spark-03	True	1	cmtpsaud71whj2auh0k27ynki
2026-09-09T12:25:24+00:00	dgx-spark-02	True	1	cmtsqj5lz5qd42auh8vvrfn03
2026-09-09T12:25:26+00:00	dgx-spark-04	True	1	cmtpeql4y1etk2auhbk9668ry
2026-09-09T12:25:26+00:00	dgx-spark-03	True	1	cmtpsaud71whj2auh0k27ynki
2026-09-09T12:25:26+00:00	dgx-spark-02	True	1	cmtsqj5lz5qd42auh8vvrfn03
2026-09-09T12:25:28+00:00	dgx-spark-04	True	1	cmtpeql4y1etk2auhbk9668ry
2026-09-09T12:25:28+00:00	dgx-spark-03	True	1	cmtpsaud71whj2auh0k27ynki
2026-09-09T12:25:28+00:00	dgx-spark-02	True	1	cmtsqj5lz5qd42auh8vvrfn03
2026-09-09T12:25:30+00:00	dgx-spark-04	True	1	cmtpeql4y1etk2auhbk9668ry
2026-09-09T12:25:30+00:00	dgx-spark-03	True	1	cmtpsaud71whj2auh0k27ynki
2026-09-09T12:25:30+00:00	dgx-spark-02	True	1	cmtsqj5lz5qd42auh8vvrfn03
2026-09-09T12:25:32+00:00	dgx-spark-04	True	1	cmtpeql4y1etk2auhbk9668ry
2026-09-09T12:25:32+00:00	dgx-spark-03	True	1	cmtpsaud71whj2auh0k27ynki
2026-09-09T12:25:32+00:00	dgx-spark-02	True	1	cmtsqj5lz5qd42auh8vvrfn03
2026-09-09T12:25:34+00:00	dgx-spark-04	True	1	cmtpeql4y1etk2auhbk9668ry
2026-09-09T12:25:34+00:00	dgx-spark-03	True	1	cmtpsaud71whj2auh0k27ynki
2026-09-09T12:25:34+00:00	dgx-spark-02	True	1	cmtsqj5lz5qd42auh8vvrfn03
2026-09-09T12:25:36+00:00	dgx-spark-04	True	1	cmtpeql4y1etk2auhbk9668ry
2026-09-09T12:25:36+00:00	dgx-spark-03	True	1	cmtpsaud71whj2auh0k27ynki
2026-09-09T12:25:36+00:00	dgx-spark-02	True	1	cmtsqj5lz5qd42auh8vvrfn03
2026-09-09T12:25:38+00:00	dgx-spark-04	True	1	cmtpeql4y1etk2auhbk9668ry
2026-09-09T12:25:38+00:00	dgx-spark-03	True	1	cmtpsaud71whj2auh0k27ynki
2026-09-09T12:25:38+00:00	dgx-spark-02	True	1	cmtsqj5lz5qd42auh8vvrfn03
2026-09-09T12:25:40+00:00	dgx-spark-04	True	1	cmtpeql4y1etk2auhbk9668ry
2026-09-09T12:25:40+00:00	dgx-spark-03	True	1	cmtpsaud71whj2auh0k27ynki
2026-09-09T12:25:40+00:00	dgx-spark-02	True	1	cmtsqj5lz5qd42auh8vvrfn03
2026-09-09T12:25:42+00:00	dgx-spark-04	True	1	cmtpeql4y1etk2auhbk9668ry
2026-09-09T12:25:42+00:00	dgx-spark-03	True	1	cmtpsaud71whj2auh0k27ynki
2026-09-09T12:25:42+00:00	dgx-spark-02	True	1	cmtsqj5lz5qd42auh8vvrfn03
2026-09-09T12:25:44+00:00	dgx-spark-04	True	1	cmtpeql4y1etk2auhbk9668ry
2026-09-09T12:25:44+00:00	dgx-spark-03	True	1	cmtpsaud71whj2auh0k27ynki
2026-09-09T12:25:44+00:00	dgx-spark-02	True	1	cmtsqj5lz5qd42auh8vvrfn03
2026-09-09T12:25:46+00:00	dgx-spark-04	True	1	cmtpeql4y1etk2auhbk9668ry
2026-09-09T12:25:46+00:00	dgx-spark-03	True	1	cmtpsaud71whj2auh0k27ynki
2026-09-09T12:25:46+00:00	dgx-spark-02	True	1	cmtsqj5lz5qd42auh8vvrfn03
2026-09-09T12:25:48+00:00	dgx-spark-04	True	1	cmtpeql4y1etk2auhbk9668ry
2026-09-09T12:25:48+00:00	dgx-spark-03	True	1	cmtpsaud71whj2auh0k27ynki
2026-09-09T12:25:48+00:00	dgx-spark-02	True	1	cmtsqj5lz5qd42auh8vvrfn03
2026-09-09T12:25:50+00:00	dgx-spark-04	True	1	cmtpeql4y1etk2auhbk9668ry
2026-09-09T12:25:50+00:00	dgx-spark-03	True	1	cmtpsaud71whj2auh0k27ynki
2026-09-09T12:25:50+00:00	dgx-spark-02	True	1	cmtsqj5lz5qd42auh8vvrfn03
2026-09-09T12:25:52+00:00	dgx-spark-04	True	1	cmtpeql4y1etk2auhbk9668ry
2026-09-09T12:25:52+00:00	dgx-spark-03	True	1	cmtpsaud71whj2auh0k27ynki
2026-09-09T12:25:52+00:00	dgx-spark-02	True	1	cmtsqj5lz5qd42auh8vvrfn03
2026-09-09T12:25:54+00:00	dgx-spark-04	True	1	cmtpeql4y1etk2auhbk9668ry
2026-09-09T12:25:54+00:00	dgx-spark-03	True	1	cmtpsaud71whj2auh0k27ynki
2026-09-09T12:25:54+00:00	dgx-spark-02	True	1	cmtsqj5lz5qd42auh8vvrfn03
2026-09-09T12:25:56+00:00	dgx-spark-04	True	1	cmtpeql4y1etk2auhbk9668ry
2026-09-09T12:25:56+00:00	dgx-spark-03	True	1	cmtpsaud71whj2auh0k27ynki
2026-09-09T12:25:56+00:00	dgx-spark-02	True	1	cmtsqj5lz5qd42auh8vvrfn03
2026-09-09T12:25:58+00:00	dgx-spark-04	True	1	cmtpeql4y1etk2auhbk9668ry
2026-09-09T12:25:58+00:00	dgx-spark-03	True	1	cmtpsaud71whj2auh0k27ynki
2026-09-09T12:25:58+00:00	dgx-spark-02	True	0	cmtsqj5lz5qd42auh8vvrfn03
2026-09-09T12:26:00+00:00	dgx-spark-04	True	1	cmtpeql4y1etk2auhbk9668ry
2026-09-09T12:26:00+00:00	dgx-spark-03	True	1	cmtpsaud71whj2auh0k27ynki
2026-09-09T12:26:00+00:00	dgx-spark-02	True	1	cmtsqj5lz5qd42auh8vvrfn03
2026-09-09T12:26:03+00:00	dgx-spark-04	True	1	cmtpeql4y1etk2auhbk9668ry
2026-09-09T12:26:03+00:00	dgx-spark-03	True	1	cmtpsaud71whj2auh0k27ynki
2026-09-09T12:26:03+00:00	dgx-spark-02	True	1	cmtsqj5lz5qd42auh8vvrfn03
2026-09-09T12:26:05+00:00	dgx-spark-04	True	1	cmtpeql4y1etk2auhbk9668ry
2026-09-09T12:26:05+00:00	dgx-spark-03	True	1	cmtpsaud71whj2auh0k27ynki
2026-09-09T12:26:05+00:00	dgx-spark-02	True	1	cmtsqj5lz5qd42auh8vvrfn03
2026-09-09T12:26:07+00:00	dgx-spark-04	True	1	cmtpeql4y1etk2auhbk9668ry
2026-09-09T12:26:07+00:00	dgx-spark-03	True	1	cmtpsaud71whj2auh0k27ynki
2026-09-09T12:26:07+00:00	dgx-spark-02	True	1	cmtsqj5lz5qd42auh8vvrfn03
2026-09-09T12:26:09+00:00	dgx-spark-04	True	1	cmtpeql4y1etk2auhbk9668ry
2026-09-09T12:26:09+00:00	dgx-spark-03	True	1	cmtpsaud71whj2auh0k27ynki
2026-09-09T12:26:09+00:00	dgx-spark-02	True	1	cmtsqj5lz5qd42auh8vvrfn03
2026-09-09T12:26:11+00:00	dgx-spark-04	True	1	cmtpeql4y1etk2auhbk9668ry
2026-09-09T12:26:11+00:00	dgx-spark-03	True	1	cmtpsaud71whj2auh0k27ynki
2026-09-09T12:26:11+00:00	dgx-spark-02	True	1	cmtsqj5lz5qd42auh8vvrfn03
2026-09-09T12:26:13+00:00	dgx-spark-04	True	1	cmtpeql4y1etk2auhbk9668ry
2026-09-09T12:26:13+00:00	dgx-spark-03	True	1	cmtpsaud71whj2auh0k27ynki
2026-09-09T12:26:13+00:00	dgx-spark-02	True	1	cmtsqj5lz5qd42auh8vvrfn03
2026-09-09T12:26:15+00:00	dgx-spark-04	True	1	cmtpeql4y1etk2auhbk9668ry
2026-09-09T12:26:15+00:00	dgx-spark-03	True	1	cmtpsaud71whj2auh0k27ynki
2026-09-09T12:26:15+00:00	dgx-spark-02	True	1	cmtsqj5lz5qd42auh8vvrfn03
2026-09-09T12:26:17+00:00	dgx-spark-04	True	1	cmtpeql4y1etk2auhbk9668ry
2026-09-09T12:26:17+00:00	dgx-spark-03	True	1	cmtpsaud71whj2auh0k27ynki
2026-09-09T12:26:17+00:00	dgx-spark-02	True	1	cmtsqj5lz5qd42auh8vvrfn03
2026-09-09T12:26:19+00:00	dgx-spark-04	True	1	cmtpeql4y1etk2auhbk9668ry
2026-09-09T12:26:19+00:00	dgx-spark-03	True	1	cmtpsaud71whj2auh0k27ynki
2026-09-09T12:26:19+00:00	dgx-spark-02	True	1	cmtsqj5lz5qd42auh8vvrfn03
2026-09-09T12:26:21+00:00	dgx-spark-04	True	1	cmtpeql4y1etk2auhbk9668ry
2026-09-09T12:26:21+00:00	dgx-spark-03	True	1	cmtpsaud71whj2auh0k27ynki
2026-09-09T12:26:21+00:00	dgx-spark-02	True	1	cmtsqj5lz5qd42auh8vvrfn03
2026-09-09T12:26:23+00:00	dgx-spark-04	True	1	cmtpeql4y1etk2auhbk9668ry
2026-09-09T12:26:23+00:00	dgx-spark-03	True	1	cmtpsaud71whj2auh0k27ynki
2026-09-09T12:26:23+00:00	dgx-spark-02	True	1	cmtsqj5lz5qd42auh8vvrfn03
2026-09-09T12:26:25+00:00	dgx-spark-04	True	1	cmtpeql4y1etk2auhbk9668ry
2026-09-09T12:26:25+00:00	dgx-spark-03	True	1	cmtpsaud71whj2auh0k27ynki
2026-09-09T12:26:25+00:00	dgx-spark-02	True	1	cmtsqj5lz5qd42auh8vvrfn03
2026-09-09T12:26:27+00:00	dgx-spark-04	True	1	cmtpeql4y1etk2auhbk9668ry
2026-09-09T12:26:27+00:00	dgx-spark-03	True	1	cmtpsaud71whj2auh0k27ynki
2026-09-09T12:26:27+00:00	dgx-spark-02	True	1	cmtsqj5lz5qd42auh8vvrfn03
2026-09-09T12:26:29+00:00	dgx-spark-04	True	1	cmtpeql4y1etk2auhbk9668ry
2026-09-09T12:26:29+00:00	dgx-spark-03	True	1	cmtpsaud71whj2auh0k27ynki
2026-09-09T12:26:29+00:00	dgx-spark-02	True	1	cmtsqj5lz5qd42auh8vvrfn03
2026-09-09T12:26:31+00:00	dgx-spark-04	True	1	cmtpeql4y1etk2auhbk9668ry
2026-09-09T12:26:31+00:00	dgx-spark-03	True	1	cmtpsaud71whj2auh0k27ynki
2026-09-09T12:26:31+00:00	dgx-spark-02	True	1	cmtsqj5lz5qd42auh8vvrfn03
2026-09-09T12:26:33+00:00	dgx-spark-04	True	1	cmtpeql4y1etk2auhbk9668ry
2026-09-09T12:26:33+00:00	dgx-spark-03	True	1	cmtpsaud71whj2auh0k27ynki
2026-09-09T12:26:33+00:00	dgx-spark-02	True	1	cmtsqj5lz5qd42auh8vvrfn03
2026-09-09T12:26:35+00:00	dgx-spark-04	True	1	cmtpeql4y1etk2auhbk9668ry
2026-09-09T12:26:35+00:00	dgx-spark-03	True	1	cmtpsaud71whj2auh0k27ynki
2026-09-09T12:26:35+00:00	dgx-spark-02	True	1	cmtsqj5lz5qd42auh8vvrfn03
2026-09-09T12:26:37+00:00	dgx-spark-04	True	1	cmtpeql4y1etk2auhbk9668ry
2026-09-09T12:26:37+00:00	dgx-spark-03	True	1	cmtpsaud71whj2auh0k27ynki
2026-09-09T12:26:37+00:00	dgx-spark-02	True	1	cmtsqj5lz5qd42auh8vvrfn03
2026-09-09T12:26:39+00:00	dgx-spark-04	True	1	cmtpeql4y1etk2auhbk9668ry
2026-09-09T12:26:39+00:00	dgx-spark-03	True	1	cmtpsaud71whj2auh0k27ynki
2026-09-09T12:26:39+00:00	dgx-spark-02	True	1	cmtsqj5lz5qd42auh8vvrfn03
2026-09-09T12:26:41+00:00	dgx-spark-04	True	1	cmtpeql4y1etk2auhbk9668ry
2026-09-09T12:26:41+00:00	dgx-spark-03	True	1	cmtpsaud71whj2auh0k27ynki
2026-09-09T12:26:41+00:00	dgx-spark-02	True	1	cmtsqj5lz5qd42auh8vvrfn03
2026-09-09T12:26:43+00:00	dgx-spark-04	True	1	cmtpeql4y1etk2auhbk9668ry
2026-09-09T12:26:43+00:00	dgx-spark-03	True	1	cmtpsaud71whj2auh0k27ynki
2026-09-09T12:26:43+00:00	dgx-spark-02	True	1	cmtsqj5lz5qd42auh8vvrfn03
2026-09-09T12:26:45+00:00	dgx-spark-04	True	1	cmtpeql4y1etk2auhbk9668ry
2026-09-09T12:26:45+00:00	dgx-spark-03	True	1	cmtpsaud71whj2auh0k27ynki
2026-09-09T12:26:45+00:00	dgx-spark-02	True	1	cmtsqj5lz5qd42auh8vvrfn03
2026-09-09T12:26:47+00:00	dgx-spark-04	True	1	cmtpeql4y1etk2auhbk9668ry
2026-09-09T12:26:47+00:00	dgx-spark-03	True	1	cmtpsaud71whj2auh0k27ynki
2026-09-09T12:26:47+00:00	dgx-spark-02	True	1	cmtsqj5lz5qd42auh8vvrfn03
2026-09-09T12:26:49+00:00	dgx-spark-04	True	1	cmtpeql4y1etk2auhbk9668ry
2026-09-09T12:26:49+00:00	dgx-spark-03	True	1	cmtpsaud71whj2auh0k27ynki
2026-09-09T12:26:49+00:00	dgx-spark-02	True	1	cmtsqj5lz5qd42auh8vvrfn03
2026-09-09T12:26:51+00:00	dgx-spark-04	True	1	cmtpeql4y1etk2auhbk9668ry
2026-09-09T12:26:51+00:00	dgx-spark-03	True	1	cmtpsaud71whj2auh0k27ynki
2026-09-09T12:26:51+00:00	dgx-spark-02	True	1	cmtsqj5lz5qd42auh8vvrfn03
2026-09-09T12:26:53+00:00	dgx-spark-04	True	1	cmtpeql4y1etk2auhbk9668ry
2026-09-09T12:26:53+00:00	dgx-spark-03	True	1	cmtpsaud71whj2auh0k27ynki
2026-09-09T12:26:53+00:00	dgx-spark-02	True	1	cmtsqj5lz5qd42auh8vvrfn03
2026-09-09T12:26:55+00:00	dgx-spark-04	True	1	cmtpeql4y1etk2auhbk9668ry
2026-09-09T12:26:55+00:00	dgx-spark-03	True	1	cmtpsaud71whj2auh0k27ynki
2026-09-09T12:26:55+00:00	dgx-spark-02	True	1	cmtsqj5lz5qd42auh8vvrfn03
2026-09-09T12:26:57+00:00	dgx-spark-04	True	1	cmtpeql4y1etk2auhbk9668ry
2026-09-09T12:26:57+00:00	dgx-spark-03	True	1	cmtpsaud71whj2auh0k27ynki
2026-09-09T12:26:57+00:00	dgx-spark-02	True	1	cmtsqj5lz5qd42auh8vvrfn03
2026-09-09T12:26:59+00:00	dgx-spark-04	True	1	cmtpeql4y1etk2auhbk9668ry
2026-09-09T12:26:59+00:00	dgx-spark-03	True	1	cmtpsaud71whj2auh0k27ynki
2026-09-09T12:26:59+00:00	dgx-spark-02	True	1	cmtsqj5lz5qd42auh8vvrfn03
2026-09-09T12:27:01+00:00	dgx-spark-04	True	1	cmtpeql4y1etk2auhbk9668ry
2026-09-09T12:27:01+00:00	dgx-spark-03	True	1	cmtpsaud71whj2auh0k27ynki
2026-09-09T12:27:01+00:00	dgx-spark-02	True	1	cmtsqj5lz5qd42auh8vvrfn03
2026-09-09T12:27:03+00:00	dgx-spark-04	True	1	cmtpeql4y1etk2auhbk9668ry
2026-09-09T12:27:03+00:00	dgx-spark-03	True	1	cmtpsaud71whj2auh0k27ynki
2026-09-09T12:27:03+00:00	dgx-spark-02	True	1	cmtsqj5lz5qd42auh8vvrfn03
2026-09-09T12:27:05+00:00	dgx-spark-04	True	1	cmtpeql4y1etk2auhbk9668ry
2026-09-09T12:27:05+00:00	dgx-spark-03	True	1	cmtpsaud71whj2auh0k27ynki
2026-09-09T12:27:05+00:00	dgx-spark-02	True	1	cmtsqj5lz5qd42auh8vvrfn03
2026-09-09T12:27:07+00:00	dgx-spark-04	True	0	cmtpeql4y1etk2auhbk9668ry
2026-09-09T12:27:07+00:00	dgx-spark-03	True	1	cmtpsaud71whj2auh0k27ynki
2026-09-09T12:27:07+00:00	dgx-spark-02	True	1	cmtsqj5lz5qd42auh8vvrfn03
2026-09-09T12:27:09+00:00	dgx-spark-04	True	1	cmtpeql4y1etk2auhbk9668ry
2026-09-09T12:27:09+00:00	dgx-spark-03	True	1	cmtpsaud71whj2auh0k27ynki
2026-09-09T12:27:09+00:00	dgx-spark-02	True	1	cmtsqj5lz5qd42auh8vvrfn03
2026-09-09T12:27:11+00:00	dgx-spark-04	True	1	cmtpeql4y1etk2auhbk9668ry
2026-09-09T12:27:11+00:00	dgx-spark-03	True	1	cmtpsaud71whj2auh0k27ynki
2026-09-09T12:27:11+00:00	dgx-spark-02	True	1	cmtsqj5lz5qd42auh8vvrfn03
2026-09-09T12:27:13+00:00	dgx-spark-04	True	1	cmtpeql4y1etk2auhbk9668ry
2026-09-09T12:27:13+00:00	dgx-spark-03	True	1	cmtpsaud71whj2auh0k27ynki
2026-09-09T12:27:13+00:00	dgx-spark-02	True	1	cmtsqj5lz5qd42auh8vvrfn03
2026-09-09T12:27:15+00:00	dgx-spark-04	True	1	cmtpeql4y1etk2auhbk9668ry
2026-09-09T12:27:15+00:00	dgx-spark-03	True	1	cmtpsaud71whj2auh0k27ynki
2026-09-09T12:27:15+00:00	dgx-spark-02	True	1	cmtsqj5lz5qd42auh8vvrfn03
2026-09-09T12:27:17+00:00	dgx-spark-04	True	1	cmtpeql4y1etk2auhbk9668ry
2026-09-09T12:27:17+00:00	dgx-spark-03	True	1	cmtpsaud71whj2auh0k27ynki
2026-09-09T12:27:17+00:00	dgx-spark-02	True	1	cmtsqj5lz5qd42auh8vvrfn03
2026-09-09T12:27:19+00:00	dgx-spark-04	True	1	cmtpeql4y1etk2auhbk9668ry
2026-09-09T12:27:19+00:00	dgx-spark-03	True	1	cmtpsaud71whj2auh0k27ynki
2026-09-09T12:27:19+00:00	dgx-spark-02	True	1	cmtsqj5lz5qd42auh8vvrfn03
2026-09-09T12:27:21+00:00	dgx-spark-04	True	1	cmtpeql4y1etk2auhbk9668ry
2026-09-09T12:27:21+00:00	dgx-spark-03	True	1	cmtpsaud71whj2auh0k27ynki
2026-09-09T12:27:21+00:00	dgx-spark-02	True	1	cmtsqj5lz5qd42auh8vvrfn03
2026-09-09T12:27:23+00:00	dgx-spark-04	True	1	cmtpeql4y1etk2auhbk9668ry
2026-09-09T12:27:23+00:00	dgx-spark-03	True	1	cmtpsaud71whj2auh0k27ynki
2026-09-09T12:27:23+00:00	dgx-spark-02	True	1	cmtsqj5lz5qd42auh8vvrfn03
2026-09-09T12:27:25+00:00	dgx-spark-04	True	1	cmtpeql4y1etk2auhbk9668ry
2026-09-09T12:27:25+00:00	dgx-spark-03	True	1	cmtpsaud71whj2auh0k27ynki
2026-09-09T12:27:25+00:00	dgx-spark-02	True	1	cmtsqj5lz5qd42auh8vvrfn03
2026-09-09T12:27:27+00:00	dgx-spark-04	True	1	cmtpeql4y1etk2auhbk9668ry
2026-09-09T12:27:27+00:00	dgx-spark-03	True	1	cmtpsaud71whj2auh0k27ynki
2026-09-09T12:27:27+00:00	dgx-spark-02	True	1	cmtsqj5lz5qd42auh8vvrfn03
2026-09-09T12:27:29+00:00	dgx-spark-04	True	1	cmtpeql4y1etk2auhbk9668ry
2026-09-09T12:27:29+00:00	dgx-spark-03	True	1	cmtpsaud71whj2auh0k27ynki
2026-09-09T12:27:29+00:00	dgx-spark-02	True	1	cmtsqj5lz5qd42auh8vvrfn03
2026-09-09T12:27:31+00:00	dgx-spark-04	True	1	cmtpeql4y1etk2auhbk9668ry
2026-09-09T12:27:31+00:00	dgx-spark-03	True	1	cmtpsaud71whj2auh0k27ynki
2026-09-09T12:27:31+00:00	dgx-spark-02	True	1	cmtsqj5lz5qd42auh8vvrfn03
2026-09-09T12:27:34+00:00	dgx-spark-04	True	1	cmtpeql4y1etk2auhbk9668ry
2026-09-09T12:27:34+00:00	dgx-spark-03	True	1	cmtpsaud71whj2auh0k27ynki
2026-09-09T12:27:34+00:00	dgx-spark-02	True	1	cmtsqj5lz5qd42auh8vvrfn03
2026-09-09T12:27:36+00:00	dgx-spark-04	True	1	cmtpeql4y1etk2auhbk9668ry
2026-09-09T12:27:36+00:00	dgx-spark-03	True	1	cmtpsaud71whj2auh0k27ynki
2026-09-09T12:27:36+00:00	dgx-spark-02	True	1	cmtsqj5lz5qd42auh8vvrfn03
2026-09-09T12:27:38+00:00	dgx-spark-04	True	1	cmtpeql4y1etk2auhbk9668ry
2026-09-09T12:27:38+00:00	dgx-spark-03	True	1	cmtpsaud71whj2auh0k27ynki
2026-09-09T12:27:38+00:00	dgx-spark-02	True	1	cmtsqj5lz5qd42auh8vvrfn03
2026-09-09T12:27:40+00:00	dgx-spark-04	True	1	cmtpeql4y1etk2auhbk9668ry
2026-09-09T12:27:40+00:00	dgx-spark-03	True	1	cmtpsaud71whj2auh0k27ynki
2026-09-09T12:27:40+00:00	dgx-spark-02	True	1	cmtsqj5lz5qd42auh8vvrfn03
2026-09-09T12:27:42+00:00	dgx-spark-04	True	1	cmtpeql4y1etk2auhbk9668ry
2026-09-09T12:27:42+00:00	dgx-spark-03	True	1	cmtpsaud71whj2auh0k27ynki
2026-09-09T12:27:42+00:00	dgx-spark-02	True	1	cmtsqj5lz5qd42auh8vvrfn03
2026-09-09T12:27:44+00:00	dgx-spark-04	True	1	cmtpeql4y1etk2auhbk9668ry
2026-09-09T12:27:44+00:00	dgx-spark-03	True	1	cmtpsaud71whj2auh0k27ynki
2026-09-09T12:27:44+00:00	dgx-spark-02	True	1	cmtsqj5lz5qd42auh8vvrfn03
2026-09-09T12:27:46+00:00	dgx-spark-04	True	1	cmtpeql4y1etk2auhbk9668ry
2026-09-09T12:27:46+00:00	dgx-spark-03	True	1	cmtpsaud71whj2auh0k27ynki
2026-09-09T12:27:46+00:00	dgx-spark-02	True	1	cmtsqj5lz5qd42auh8vvrfn03
2026-09-09T12:27:48+00:00	dgx-spark-04	True	1	cmtpeql4y1etk2auhbk9668ry
2026-09-09T12:27:48+00:00	dgx-spark-03	True	1	cmtpsaud71whj2auh0k27ynki
2026-09-09T12:27:48+00:00	dgx-spark-02	True	1	cmtsqj5lz5qd42auh8vvrfn03
2026-09-09T12:27:50+00:00	dgx-spark-04	True	1	cmtpeql4y1etk2auhbk9668ry
2026-09-09T12:27:50+00:00	dgx-spark-03	True	1	cmtpsaud71whj2auh0k27ynki
2026-09-09T12:27:50+00:00	dgx-spark-02	True	1	cmtsqj5lz5qd42auh8vvrfn03
2026-09-09T12:27:52+00:00	dgx-spark-04	True	1	cmtpeql4y1etk2auhbk9668ry
2026-09-09T12:27:52+00:00	dgx-spark-03	True	1	cmtpsaud71whj2auh0k27ynki
2026-09-09T12:27:52+00:00	dgx-spark-02	True	1	cmtsqj5lz5qd42auh8vvrfn03
2026-09-09T12:27:54+00:00	dgx-spark-04	True	1	cmtpeql4y1etk2auhbk9668ry
2026-09-09T12:27:54+00:00	dgx-spark-03	True	1	cmtpsaud71whj2auh0k27ynki
2026-09-09T12:27:54+00:00	dgx-spark-02	True	1	cmtsqj5lz5qd42auh8vvrfn03
2026-09-09T12:27:56+00:00	dgx-spark-04	True	1	cmtpeql4y1etk2auhbk9668ry
2026-09-09T12:27:56+00:00	dgx-spark-03	True	1	cmtpsaud71whj2auh0k27ynki
2026-09-09T12:27:56+00:00	dgx-spark-02	True	1	cmtsqj5lz5qd42auh8vvrfn03
2026-09-09T12:27:58+00:00	dgx-spark-04	True	1	cmtpeql4y1etk2auhbk9668ry
2026-09-09T12:27:58+00:00	dgx-spark-03	True	1	cmtpsaud71whj2auh0k27ynki
2026-09-09T12:27:58+00:00	dgx-spark-02	True	1	cmtsqj5lz5qd42auh8vvrfn03
2026-09-09T12:28:00+00:00	dgx-spark-04	True	1	cmtpeql4y1etk2auhbk9668ry
2026-09-09T12:28:00+00:00	dgx-spark-03	True	1	cmtpsaud71whj2auh0k27ynki
2026-09-09T12:28:00+00:00	dgx-spark-02	True	1	cmtsqj5lz5qd42auh8vvrfn03
2026-09-09T12:28:02+00:00	dgx-spark-04	True	1	cmtpeql4y1etk2auhbk9668ry
2026-09-09T12:28:02+00:00	dgx-spark-03	True	1	cmtpsaud71whj2auh0k27ynki
2026-09-09T12:28:02+00:00	dgx-spark-02	True	1	cmtsqj5lz5qd42auh8vvrfn03
2026-09-09T12:28:04+00:00	dgx-spark-04	True	1	cmtpeql4y1etk2auhbk9668ry
2026-09-09T12:28:04+00:00	dgx-spark-03	True	1	cmtpsaud71whj2auh0k27ynki
2026-09-09T12:28:04+00:00	dgx-spark-02	True	1	cmtsqj5lz5qd42auh8vvrfn03
2026-09-09T12:28:06+00:00	dgx-spark-04	True	1	cmtpeql4y1etk2auhbk9668ry
2026-09-09T12:28:06+00:00	dgx-spark-03	True	1	cmtpsaud71whj2auh0k27ynki
2026-09-09T12:28:06+00:00	dgx-spark-02	True	1	cmtsqj5lz5qd42auh8vvrfn03
2026-09-09T12:28:08+00:00	dgx-spark-04	True	1	cmtpeql4y1etk2auhbk9668ry
2026-09-09T12:28:08+00:00	dgx-spark-03	True	1	cmtpsaud71whj2auh0k27ynki
2026-09-09T12:28:08+00:00	dgx-spark-02	True	1	cmtsqj5lz5qd42auh8vvrfn03
2026-09-09T12:28:10+00:00	dgx-spark-04	True	1	cmtpeql4y1etk2auhbk9668ry
2026-09-09T12:28:10+00:00	dgx-spark-03	True	1	cmtpsaud71whj2auh0k27ynki
2026-09-09T12:28:10+00:00	dgx-spark-02	True	1	cmtsqj5lz5qd42auh8vvrfn03
2026-09-09T12:28:12+00:00	dgx-spark-04	True	1	cmtpeql4y1etk2auhbk9668ry
2026-09-09T12:28:12+00:00	dgx-spark-03	True	1	cmtpsaud71whj2auh0k27ynki
2026-09-09T12:28:12+00:00	dgx-spark-02	True	1	cmtsqj5lz5qd42auh8vvrfn03
2026-09-09T12:28:14+00:00	dgx-spark-04	True	1	cmtpeql4y1etk2auhbk9668ry
2026-09-09T12:28:14+00:00	dgx-spark-03	True	1	cmtpsaud71whj2auh0k27ynki
2026-09-09T12:28:14+00:00	dgx-spark-02	True	1	cmtsqj5lz5qd42auh8vvrfn03
2026-09-09T12:28:16+00:00	dgx-spark-04	True	1	cmtpeql4y1etk2auhbk9668ry
2026-09-09T12:28:16+00:00	dgx-spark-03	True	1	cmtpsaud71whj2auh0k27ynki
2026-09-09T12:28:16+00:00	dgx-spark-02	True	1	cmtsqj5lz5qd42auh8vvrfn03
2026-09-09T12:28:18+00:00	dgx-spark-04	True	1	cmtpeql4y1etk2auhbk9668ry
2026-09-09T12:28:18+00:00	dgx-spark-03	True	1	cmtpsaud71whj2auh0k27ynki
2026-09-09T12:28:18+00:00	dgx-spark-02	True	1	cmtsqj5lz5qd42auh8vvrfn03
2026-09-09T12:28:20+00:00	dgx-spark-04	True	1	cmtpeql4y1etk2auhbk9668ry
2026-09-09T12:28:20+00:00	dgx-spark-03	True	1	cmtpsaud71whj2auh0k27ynki
2026-09-09T12:28:20+00:00	dgx-spark-02	True	0	cmtsqj5lz5qd42auh8vvrfn03
2026-09-09T12:28:22+00:00	dgx-spark-04	True	1	cmtpeql4y1etk2auhbk9668ry
2026-09-09T12:28:22+00:00	dgx-spark-03	True	1	cmtpsaud71whj2auh0k27ynki
2026-09-09T12:28:22+00:00	dgx-spark-02	True	1	cmtsqj5lz5qd42auh8vvrfn03
2026-09-09T12:28:24+00:00	dgx-spark-04	True	1	cmtpeql4y1etk2auhbk9668ry
2026-09-09T12:28:24+00:00	dgx-spark-03	True	1	cmtpsaud71whj2auh0k27ynki
2026-09-09T12:28:24+00:00	dgx-spark-02	True	1	cmtsqj5lz5qd42auh8vvrfn03
2026-09-09T12:28:26+00:00	dgx-spark-04	True	1	cmtpeql4y1etk2auhbk9668ry
2026-09-09T12:28:26+00:00	dgx-spark-03	True	1	cmtpsaud71whj2auh0k27ynki
2026-09-09T12:28:26+00:00	dgx-spark-02	True	1	cmtsqj5lz5qd42auh8vvrfn03
2026-09-09T12:28:28+00:00	dgx-spark-04	True	1	cmtpeql4y1etk2auhbk9668ry
2026-09-09T12:28:28+00:00	dgx-spark-03	True	1	cmtpsaud71whj2auh0k27ynki
2026-09-09T12:28:28+00:00	dgx-spark-02	True	1	cmtsqj5lz5qd42auh8vvrfn03
2026-09-09T12:28:30+00:00	dgx-spark-04	True	1	cmtpeql4y1etk2auhbk9668ry
2026-09-09T12:28:30+00:00	dgx-spark-03	True	1	cmtpsaud71whj2auh0k27ynki
2026-09-09T12:28:30+00:00	dgx-spark-02	True	1	cmtsqj5lz5qd42auh8vvrfn03
2026-09-09T12:28:32+00:00	dgx-spark-04	True	1	cmtpeql4y1etk2auhbk9668ry
2026-09-09T12:28:32+00:00	dgx-spark-03	True	1	cmtpsaud71whj2auh0k27ynki
2026-09-09T12:28:32+00:00	dgx-spark-02	True	1	cmtsqj5lz5qd42auh8vvrfn03
2026-09-09T12:28:34+00:00	dgx-spark-04	True	1	cmtpeql4y1etk2auhbk9668ry
2026-09-09T12:28:34+00:00	dgx-spark-03	True	1	cmtpsaud71whj2auh0k27ynki
2026-09-09T12:28:34+00:00	dgx-spark-02	True	1	cmtsqj5lz5qd42auh8vvrfn03
2026-09-09T12:28:36+00:00	dgx-spark-04	True	1	cmtpeql4y1etk2auhbk9668ry
2026-09-09T12:28:36+00:00	dgx-spark-03	True	1	cmtpsaud71whj2auh0k27ynki
2026-09-09T12:28:36+00:00	dgx-spark-02	True	1	cmtsqj5lz5qd42auh8vvrfn03
2026-09-09T12:28:38+00:00	dgx-spark-04	True	1	cmtpeql4y1etk2auhbk9668ry
2026-09-09T12:28:38+00:00	dgx-spark-03	True	1	cmtpsaud71whj2auh0k27ynki
2026-09-09T12:28:38+00:00	dgx-spark-02	True	1	cmtsqj5lz5qd42auh8vvrfn03
2026-09-09T12:28:40+00:00	dgx-spark-04	True	1	cmtpeql4y1etk2auhbk9668ry
2026-09-09T12:28:40+00:00	dgx-spark-03	True	1	cmtpsaud71whj2auh0k27ynki
2026-09-09T12:28:40+00:00	dgx-spark-02	True	1	cmtsqj5lz5qd42auh8vvrfn03
2026-09-09T12:28:42+00:00	dgx-spark-04	True	1	cmtpeql4y1etk2auhbk9668ry
2026-09-09T12:28:42+00:00	dgx-spark-03	True	1	cmtpsaud71whj2auh0k27ynki
2026-09-09T12:28:42+00:00	dgx-spark-02	True	1	cmtsqj5lz5qd42auh8vvrfn03
2026-09-09T12:28:44+00:00	dgx-spark-04	True	1	cmtpeql4y1etk2auhbk9668ry
2026-09-09T12:28:44+00:00	dgx-spark-03	True	1	cmtpsaud71whj2auh0k27ynki
2026-09-09T12:28:44+00:00	dgx-spark-02	True	1	cmtsqj5lz5qd42auh8vvrfn03
2026-09-09T12:28:46+00:00	dgx-spark-04	True	1	cmtpeql4y1etk2auhbk9668ry
2026-09-09T12:28:46+00:00	dgx-spark-03	True	1	cmtpsaud71whj2auh0k27ynki
2026-09-09T12:28:46+00:00	dgx-spark-02	True	1	cmtsqj5lz5qd42auh8vvrfn03
2026-09-09T12:28:48+00:00	dgx-spark-04	True	1	cmtpeql4y1etk2auhbk9668ry
2026-09-09T12:28:48+00:00	dgx-spark-03	True	1	cmtpsaud71whj2auh0k27ynki
2026-09-09T12:28:48+00:00	dgx-spark-02	True	1	cmtsqj5lz5qd42auh8vvrfn03
2026-09-09T12:28:50+00:00	dgx-spark-04	True	1	cmtpeql4y1etk2auhbk9668ry
2026-09-09T12:28:50+00:00	dgx-spark-03	True	1	cmtpsaud71whj2auh0k27ynki
2026-09-09T12:28:50+00:00	dgx-spark-02	True	1	cmtsqj5lz5qd42auh8vvrfn03
2026-09-09T12:28:52+00:00	dgx-spark-04	True	1	cmtpeql4y1etk2auhbk9668ry
2026-09-09T12:28:52+00:00	dgx-spark-03	True	1	cmtpsaud71whj2auh0k27ynki
2026-09-09T12:28:52+00:00	dgx-spark-02	True	1	cmtsqj5lz5qd42auh8vvrfn03
2026-09-09T12:28:54+00:00	dgx-spark-04	True	1	cmtpeql4y1etk2auhbk9668ry
2026-09-09T12:28:54+00:00	dgx-spark-03	True	1	cmtpsaud71whj2auh0k27ynki
2026-09-09T12:28:54+00:00	dgx-spark-02	True	1	cmtsqj5lz5qd42auh8vvrfn03
2026-09-09T12:28:56+00:00	dgx-spark-04	True	1	cmtpeql4y1etk2auhbk9668ry
2026-09-09T12:28:56+00:00	dgx-spark-03	True	1	cmtpsaud71whj2auh0k27ynki
2026-09-09T12:28:56+00:00	dgx-spark-02	True	1	cmtsqj5lz5qd42auh8vvrfn03
2026-09-09T12:28:58+00:00	dgx-spark-04	True	1	cmtpeql4y1etk2auhbk9668ry
2026-09-09T12:28:58+00:00	dgx-spark-03	True	1	cmtpsaud71whj2auh0k27ynki
2026-09-09T12:28:58+00:00	dgx-spark-02	True	1	cmtsqj5lz5qd42auh8vvrfn03
2026-09-09T12:29:00+00:00	dgx-spark-04	True	1	cmtpeql4y1etk2auhbk9668ry
2026-09-09T12:29:00+00:00	dgx-spark-03	True	1	cmtpsaud71whj2auh0k27ynki
2026-09-09T12:29:00+00:00	dgx-spark-02	True	1	cmtsqj5lz5qd42auh8vvrfn03
2026-09-09T12:29:02+00:00	dgx-spark-04	True	1	cmtpeql4y1etk2auhbk9668ry
2026-09-09T12:29:02+00:00	dgx-spark-03	True	1	cmtpsaud71whj2auh0k27ynki
2026-09-09T12:29:02+00:00	dgx-spark-02	True	1	cmtsqj5lz5qd42auh8vvrfn03
2026-09-09T12:29:04+00:00	dgx-spark-04	True	1	cmtpeql4y1etk2auhbk9668ry
2026-09-09T12:29:04+00:00	dgx-spark-03	True	1	cmtpsaud71whj2auh0k27ynki
2026-09-09T12:29:04+00:00	dgx-spark-02	True	1	cmtsqj5lz5qd42auh8vvrfn03
2026-09-09T12:29:06+00:00	dgx-spark-04	True	1	cmtpeql4y1etk2auhbk9668ry
2026-09-09T12:29:06+00:00	dgx-spark-03	True	1	cmtpsaud71whj2auh0k27ynki
2026-09-09T12:29:06+00:00	dgx-spark-02	True	1	cmtsqj5lz5qd42auh8vvrfn03
2026-09-09T12:29:08+00:00	dgx-spark-04	True	1	cmtpeql4y1etk2auhbk9668ry
2026-09-09T12:29:08+00:00	dgx-spark-03	True	1	cmtpsaud71whj2auh0k27ynki
2026-09-09T12:29:08+00:00	dgx-spark-02	True	1	cmtsqj5lz5qd42auh8vvrfn03
2026-09-09T12:29:10+00:00	dgx-spark-04	True	1	cmtpeql4y1etk2auhbk9668ry
2026-09-09T12:29:10+00:00	dgx-spark-03	True	1	cmtpsaud71whj2auh0k27ynki
2026-09-09T12:29:10+00:00	dgx-spark-02	True	1	cmtsqj5lz5qd42auh8vvrfn03
2026-09-09T12:29:12+00:00	dgx-spark-04	True	1	cmtpeql4y1etk2auhbk9668ry
2026-09-09T12:29:12+00:00	dgx-spark-03	True	1	cmtpsaud71whj2auh0k27ynki
2026-09-09T12:29:12+00:00	dgx-spark-02	True	1	cmtsqj5lz5qd42auh8vvrfn03
2026-09-09T12:29:14+00:00	dgx-spark-04	True	1	cmtpeql4y1etk2auhbk9668ry
2026-09-09T12:29:14+00:00	dgx-spark-03	True	1	cmtpsaud71whj2auh0k27ynki
2026-09-09T12:29:14+00:00	dgx-spark-02	True	1	cmtsqj5lz5qd42auh8vvrfn03
2026-09-09T12:29:17+00:00	dgx-spark-04	True	1	cmtpeql4y1etk2auhbk9668ry
2026-09-09T12:29:17+00:00	dgx-spark-03	True	1	cmtpsaud71whj2auh0k27ynki
2026-09-09T12:29:17+00:00	dgx-spark-02	True	1	cmtsqj5lz5qd42auh8vvrfn03
2026-09-09T12:29:19+00:00	dgx-spark-04	True	1	cmtpeql4y1etk2auhbk9668ry
2026-09-09T12:29:19+00:00	dgx-spark-03	True	1	cmtpsaud71whj2auh0k27ynki
2026-09-09T12:29:19+00:00	dgx-spark-02	True	1	cmtsqj5lz5qd42auh8vvrfn03
2026-09-09T12:29:21+00:00	dgx-spark-04	True	1	cmtpeql4y1etk2auhbk9668ry
2026-09-09T12:29:21+00:00	dgx-spark-03	True	1	cmtpsaud71whj2auh0k27ynki
2026-09-09T12:29:21+00:00	dgx-spark-02	True	1	cmtsqj5lz5qd42auh8vvrfn03
2026-09-09T12:29:23+00:00	dgx-spark-04	True	1	cmtpeql4y1etk2auhbk9668ry
2026-09-09T12:29:23+00:00	dgx-spark-03	True	1	cmtpsaud71whj2auh0k27ynki
2026-09-09T12:29:23+00:00	dgx-spark-02	True	1	cmtsqj5lz5qd42auh8vvrfn03
2026-09-09T12:29:25+00:00	dgx-spark-04	True	1	cmtpeql4y1etk2auhbk9668ry
2026-09-09T12:29:25+00:00	dgx-spark-03	True	1	cmtpsaud71whj2auh0k27ynki
2026-09-09T12:29:25+00:00	dgx-spark-02	True	1	cmtsqj5lz5qd42auh8vvrfn03
2026-09-09T12:29:27+00:00	dgx-spark-04	True	1	cmtpeql4y1etk2auhbk9668ry
2026-09-09T12:29:27+00:00	dgx-spark-03	True	1	cmtpsaud71whj2auh0k27ynki
2026-09-09T12:29:27+00:00	dgx-spark-02	True	1	cmtsqj5lz5qd42auh8vvrfn03
2026-09-09T12:29:29+00:00	dgx-spark-04	True	1	cmtpeql4y1etk2auhbk9668ry
2026-09-09T12:29:29+00:00	dgx-spark-03	True	1	cmtpsaud71whj2auh0k27ynki
2026-09-09T12:29:29+00:00	dgx-spark-02	True	1	cmtsqj5lz5qd42auh8vvrfn03
2026-09-09T12:29:31+00:00	dgx-spark-04	True	1	cmtpeql4y1etk2auhbk9668ry
2026-09-09T12:29:31+00:00	dgx-spark-03	True	1	cmtpsaud71whj2auh0k27ynki
2026-09-09T12:29:31+00:00	dgx-spark-02	True	1	cmtsqj5lz5qd42auh8vvrfn03
2026-09-09T12:29:33+00:00	dgx-spark-04	True	1	cmtpeql4y1etk2auhbk9668ry
2026-09-09T12:29:33+00:00	dgx-spark-03	True	1	cmtpsaud71whj2auh0k27ynki
2026-09-09T12:29:33+00:00	dgx-spark-02	True	1	cmtsqj5lz5qd42auh8vvrfn03
2026-09-09T12:29:35+00:00	dgx-spark-04	True	1	cmtpeql4y1etk2auhbk9668ry
2026-09-09T12:29:35+00:00	dgx-spark-03	True	1	cmtpsaud71whj2auh0k27ynki
2026-09-09T12:29:35+00:00	dgx-spark-02	True	1	cmtsqj5lz5qd42auh8vvrfn03
2026-09-09T12:29:37+00:00	dgx-spark-04	True	1	cmtpeql4y1etk2auhbk9668ry
2026-09-09T12:29:37+00:00	dgx-spark-03	True	1	cmtpsaud71whj2auh0k27ynki
2026-09-09T12:29:37+00:00	dgx-spark-02	True	1	cmtsqj5lz5qd42auh8vvrfn03
2026-09-09T12:29:39+00:00	dgx-spark-04	True	1	cmtpeql4y1etk2auhbk9668ry
2026-09-09T12:29:39+00:00	dgx-spark-03	True	1	cmtpsaud71whj2auh0k27ynki
2026-09-09T12:29:39+00:00	dgx-spark-02	True	1	cmtsqj5lz5qd42auh8vvrfn03
2026-09-09T12:29:41+00:00	dgx-spark-04	True	1	cmtpeql4y1etk2auhbk9668ry
2026-09-09T12:29:41+00:00	dgx-spark-03	True	1	cmtpsaud71whj2auh0k27ynki
2026-09-09T12:29:41+00:00	dgx-spark-02	True	1	cmtsqj5lz5qd42auh8vvrfn03
2026-09-09T12:29:43+00:00	dgx-spark-04	True	1	cmtpeql4y1etk2auhbk9668ry
2026-09-09T12:29:43+00:00	dgx-spark-03	True	1	cmtpsaud71whj2auh0k27ynki
2026-09-09T12:29:43+00:00	dgx-spark-02	True	1	cmtsqj5lz5qd42auh8vvrfn03
2026-09-09T12:29:45+00:00	dgx-spark-04	True	1	cmtpeql4y1etk2auhbk9668ry
2026-09-09T12:29:45+00:00	dgx-spark-03	True	1	cmtpsaud71whj2auh0k27ynki
2026-09-09T12:29:45+00:00	dgx-spark-02	True	1	cmtsqj5lz5qd42auh8vvrfn03
2026-09-09T12:29:47+00:00	dgx-spark-04	True	1	cmtpeql4y1etk2auhbk9668ry
2026-09-09T12:29:47+00:00	dgx-spark-03	True	1	cmtpsaud71whj2auh0k27ynki
2026-09-09T12:29:47+00:00	dgx-spark-02	True	1	cmtsqj5lz5qd42auh8vvrfn03
2026-09-09T12:29:49+00:00	dgx-spark-04	True	1	cmtpeql4y1etk2auhbk9668ry
2026-09-09T12:29:49+00:00	dgx-spark-03	True	1	cmtpsaud71whj2auh0k27ynki
2026-09-09T12:29:49+00:00	dgx-spark-02	True	1	cmtsqj5lz5qd42auh8vvrfn03
2026-09-09T12:29:51+00:00	dgx-spark-04	True	1	cmtpeql4y1etk2auhbk9668ry
2026-09-09T12:29:51+00:00	dgx-spark-03	True	1	cmtpsaud71whj2auh0k27ynki
2026-09-09T12:29:51+00:00	dgx-spark-02	True	1	cmtsqj5lz5qd42auh8vvrfn03
2026-09-09T12:29:53+00:00	dgx-spark-04	True	1	cmtpeql4y1etk2auhbk9668ry
2026-09-09T12:29:53+00:00	dgx-spark-03	True	1	cmtpsaud71whj2auh0k27ynki
2026-09-09T12:29:53+00:00	dgx-spark-02	True	1	cmtsqj5lz5qd42auh8vvrfn03
2026-09-09T12:29:55+00:00	dgx-spark-04	True	1	cmtpeql4y1etk2auhbk9668ry
2026-09-09T12:29:55+00:00	dgx-spark-03	True	1	cmtpsaud71whj2auh0k27ynki
2026-09-09T12:29:55+00:00	dgx-spark-02	True	1	cmtsqj5lz5qd42auh8vvrfn03
2026-09-09T12:29:57+00:00	dgx-spark-04	True	1	cmtpeql4y1etk2auhbk9668ry
2026-09-09T12:29:57+00:00	dgx-spark-03	True	1	cmtpsaud71whj2auh0k27ynki
2026-09-09T12:29:57+00:00	dgx-spark-02	True	1	cmtsqj5lz5qd42auh8vvrfn03
2026-09-09T12:29:59+00:00	dgx-spark-04	True	1	cmtpeql4y1etk2auhbk9668ry
2026-09-09T12:29:59+00:00	dgx-spark-03	True	1	cmtpsaud71whj2auh0k27ynki
2026-09-09T12:29:59+00:00	dgx-spark-02	True	1	cmtsqj5lz5qd42auh8vvrfn03
2026-09-09T12:30:01+00:00	dgx-spark-04	True	1	cmtpeql4y1etk2auhbk9668ry
2026-09-09T12:30:01+00:00	dgx-spark-03	True	1	cmtpsaud71whj2auh0k27ynki
2026-09-09T12:30:01+00:00	dgx-spark-02	True	1	cmtsqj5lz5qd42auh8vvrfn03
2026-09-09T12:30:03+00:00	dgx-spark-04	True	1	cmtpeql4y1etk2auhbk9668ry
2026-09-09T12:30:03+00:00	dgx-spark-03	True	1	cmtpsaud71whj2auh0k27ynki
2026-09-09T12:30:03+00:00	dgx-spark-02	True	1	cmtsqj5lz5qd42auh8vvrfn03
2026-09-09T12:30:05+00:00	dgx-spark-04	True	1	cmtpeql4y1etk2auhbk9668ry
2026-09-09T12:30:05+00:00	dgx-spark-03	True	1	cmtpsaud71whj2auh0k27ynki
2026-09-09T12:30:05+00:00	dgx-spark-02	True	1	cmtsqj5lz5qd42auh8vvrfn03
2026-09-09T12:30:07+00:00	dgx-spark-04	True	1	cmtpeql4y1etk2auhbk9668ry
2026-09-09T12:30:07+00:00	dgx-spark-03	True	1	cmtpsaud71whj2auh0k27ynki
2026-09-09T12:30:07+00:00	dgx-spark-02	True	1	cmtsqj5lz5qd42auh8vvrfn03
2026-09-09T12:30:09+00:00	dgx-spark-04	True	1	cmtpeql4y1etk2auhbk9668ry
2026-09-09T12:30:09+00:00	dgx-spark-03	True	1	cmtpsaud71whj2auh0k27ynki
2026-09-09T12:30:09+00:00	dgx-spark-02	True	1	cmtsqj5lz5qd42auh8vvrfn03
2026-09-09T12:30:11+00:00	dgx-spark-04	True	1	cmtpeql4y1etk2auhbk9668ry
2026-09-09T12:30:11+00:00	dgx-spark-03	True	1	cmtpsaud71whj2auh0k27ynki
2026-09-09T12:30:11+00:00	dgx-spark-02	True	1	cmtsqj5lz5qd42auh8vvrfn03
2026-09-09T12:30:13+00:00	dgx-spark-04	True	1	cmtpeql4y1etk2auhbk9668ry
2026-09-09T12:30:13+00:00	dgx-spark-03	True	1	cmtpsaud71whj2auh0k27ynki
2026-09-09T12:30:13+00:00	dgx-spark-02	True	1	cmtsqj5lz5qd42auh8vvrfn03
2026-09-09T12:30:15+00:00	dgx-spark-04	True	1	cmtpeql4y1etk2auhbk9668ry
2026-09-09T12:30:15+00:00	dgx-spark-03	True	1	cmtpsaud71whj2auh0k27ynki
2026-09-09T12:30:15+00:00	dgx-spark-02	True	1	cmtsqj5lz5qd42auh8vvrfn03
2026-09-09T12:30:17+00:00	dgx-spark-04	True	1	cmtpeql4y1etk2auhbk9668ry
2026-09-09T12:30:17+00:00	dgx-spark-03	True	1	cmtpsaud71whj2auh0k27ynki
2026-09-09T12:30:17+00:00	dgx-spark-02	True	1	cmtsqj5lz5qd42auh8vvrfn03
2026-09-09T12:30:19+00:00	dgx-spark-04	True	1	cmtpeql4y1etk2auhbk9668ry
2026-09-09T12:30:19+00:00	dgx-spark-03	True	1	cmtpsaud71whj2auh0k27ynki
2026-09-09T12:30:19+00:00	dgx-spark-02	True	1	cmtsqj5lz5qd42auh8vvrfn03
2026-09-09T12:30:21+00:00	dgx-spark-04	True	0	cmtpeql4y1etk2auhbk9668ry
2026-09-09T12:30:21+00:00	dgx-spark-03	True	1	cmtpsaud71whj2auh0k27ynki
2026-09-09T12:30:21+00:00	dgx-spark-02	True	1	cmtsqj5lz5qd42auh8vvrfn03
2026-09-09T12:30:23+00:00	dgx-spark-04	True	1	cmtpeql4y1etk2auhbk9668ry
2026-09-09T12:30:23+00:00	dgx-spark-03	True	1	cmtpsaud71whj2auh0k27ynki
2026-09-09T12:30:23+00:00	dgx-spark-02	True	1	cmtsqj5lz5qd42auh8vvrfn03
2026-09-09T12:30:25+00:00	dgx-spark-04	True	1	cmtpeql4y1etk2auhbk9668ry
2026-09-09T12:30:25+00:00	dgx-spark-03	True	1	cmtpsaud71whj2auh0k27ynki
2026-09-09T12:30:25+00:00	dgx-spark-02	True	1	cmtsqj5lz5qd42auh8vvrfn03
2026-09-09T12:30:27+00:00	dgx-spark-04	True	1	cmtpeql4y1etk2auhbk9668ry
2026-09-09T12:30:27+00:00	dgx-spark-03	True	1	cmtpsaud71whj2auh0k27ynki
2026-09-09T12:30:27+00:00	dgx-spark-02	True	1	cmtsqj5lz5qd42auh8vvrfn03
2026-09-09T12:30:29+00:00	dgx-spark-04	True	1	cmtpeql4y1etk2auhbk9668ry
2026-09-09T12:30:29+00:00	dgx-spark-03	True	1	cmtpsaud71whj2auh0k27ynki
2026-09-09T12:30:29+00:00	dgx-spark-02	True	1	cmtsqj5lz5qd42auh8vvrfn03
2026-09-09T12:30:31+00:00	dgx-spark-04	True	1	cmtpeql4y1etk2auhbk9668ry
2026-09-09T12:30:31+00:00	dgx-spark-03	True	1	cmtpsaud71whj2auh0k27ynki
2026-09-09T12:30:31+00:00	dgx-spark-02	True	1	cmtsqj5lz5qd42auh8vvrfn03
2026-09-09T12:30:33+00:00	dgx-spark-04	True	1	cmtpeql4y1etk2auhbk9668ry
2026-09-09T12:30:33+00:00	dgx-spark-03	True	1	cmtpsaud71whj2auh0k27ynki
2026-09-09T12:30:33+00:00	dgx-spark-02	True	1	cmtsqj5lz5qd42auh8vvrfn03
2026-09-09T12:30:35+00:00	dgx-spark-04	True	1	cmtpeql4y1etk2auhbk9668ry
2026-09-09T12:30:35+00:00	dgx-spark-03	True	1	cmtpsaud71whj2auh0k27ynki
2026-09-09T12:30:35+00:00	dgx-spark-02	True	1	cmtsqj5lz5qd42auh8vvrfn03
2026-09-09T12:30:37+00:00	dgx-spark-04	True	1	cmtpeql4y1etk2auhbk9668ry
2026-09-09T12:30:37+00:00	dgx-spark-03	True	1	cmtpsaud71whj2auh0k27ynki
2026-09-09T12:30:37+00:00	dgx-spark-02	True	1	cmtsqj5lz5qd42auh8vvrfn03
2026-09-09T12:30:39+00:00	dgx-spark-04	True	1	cmtpeql4y1etk2auhbk9668ry
2026-09-09T12:30:39+00:00	dgx-spark-03	True	1	cmtpsaud71whj2auh0k27ynki
2026-09-09T12:30:39+00:00	dgx-spark-02	True	1	cmtsqj5lz5qd42auh8vvrfn03
2026-09-09T12:30:41+00:00	dgx-spark-04	True	1	cmtpeql4y1etk2auhbk9668ry
2026-09-09T12:30:41+00:00	dgx-spark-03	True	1	cmtpsaud71whj2auh0k27ynki
2026-09-09T12:30:41+00:00	dgx-spark-02	True	1	cmtsqj5lz5qd42auh8vvrfn03
2026-09-09T12:30:43+00:00	dgx-spark-04	True	1	cmtpeql4y1etk2auhbk9668ry
2026-09-09T12:30:43+00:00	dgx-spark-03	True	1	cmtpsaud71whj2auh0k27ynki
2026-09-09T12:30:43+00:00	dgx-spark-02	True	1	cmtsqj5lz5qd42auh8vvrfn03
2026-09-09T12:30:45+00:00	dgx-spark-04	True	1	cmtpeql4y1etk2auhbk9668ry
2026-09-09T12:30:45+00:00	dgx-spark-03	True	1	cmtpsaud71whj2auh0k27ynki
2026-09-09T12:30:45+00:00	dgx-spark-02	True	1	cmtsqj5lz5qd42auh8vvrfn03
2026-09-09T12:30:47+00:00	dgx-spark-04	True	1	cmtpeql4y1etk2auhbk9668ry
2026-09-09T12:30:47+00:00	dgx-spark-03	True	1	cmtpsaud71whj2auh0k27ynki
2026-09-09T12:30:47+00:00	dgx-spark-02	True	1	cmtsqj5lz5qd42auh8vvrfn03
2026-09-09T12:30:49+00:00	dgx-spark-04	True	1	cmtpeql4y1etk2auhbk9668ry
2026-09-09T12:30:49+00:00	dgx-spark-03	True	1	cmtpsaud71whj2auh0k27ynki
2026-09-09T12:30:49+00:00	dgx-spark-02	True	1	cmtsqj5lz5qd42auh8vvrfn03
2026-09-09T12:30:52+00:00	dgx-spark-04	True	0	cmtpeql4y1etk2auhbk9668ry
2026-09-09T12:30:52+00:00	dgx-spark-03	True	1	cmtpsaud71whj2auh0k27ynki
2026-09-09T12:30:52+00:00	dgx-spark-02	True	1	cmtsqj5lz5qd42auh8vvrfn03
2026-09-09T12:30:54+00:00	dgx-spark-04	True	1	cmtpeql4y1etk2auhbk9668ry
2026-09-09T12:30:54+00:00	dgx-spark-03	True	1	cmtpsaud71whj2auh0k27ynki
2026-09-09T12:30:54+00:00	dgx-spark-02	True	1	cmtsqj5lz5qd42auh8vvrfn03
2026-09-09T12:30:56+00:00	dgx-spark-04	True	1	cmtpeql4y1etk2auhbk9668ry
2026-09-09T12:30:56+00:00	dgx-spark-03	True	1	cmtpsaud71whj2auh0k27ynki
2026-09-09T12:30:56+00:00	dgx-spark-02	True	1	cmtsqj5lz5qd42auh8vvrfn03
2026-09-09T12:30:58+00:00	dgx-spark-04	True	1	cmtpeql4y1etk2auhbk9668ry
2026-09-09T12:30:58+00:00	dgx-spark-03	True	1	cmtpsaud71whj2auh0k27ynki
2026-09-09T12:30:58+00:00	dgx-spark-02	True	1	cmtsqj5lz5qd42auh8vvrfn03
2026-09-09T12:31:00+00:00	dgx-spark-04	True	1	cmtpeql4y1etk2auhbk9668ry
2026-09-09T12:31:00+00:00	dgx-spark-03	True	1	cmtpsaud71whj2auh0k27ynki
2026-09-09T12:31:00+00:00	dgx-spark-02	True	1	cmtsqj5lz5qd42auh8vvrfn03
2026-09-09T12:31:02+00:00	dgx-spark-04	True	1	cmtpeql4y1etk2auhbk9668ry
2026-09-09T12:31:02+00:00	dgx-spark-03	True	1	cmtpsaud71whj2auh0k27ynki
2026-09-09T12:31:02+00:00	dgx-spark-02	True	1	cmtsqj5lz5qd42auh8vvrfn03
2026-09-09T12:31:04+00:00	dgx-spark-04	True	1	cmtpeql4y1etk2auhbk9668ry
2026-09-09T12:31:04+00:00	dgx-spark-03	True	1	cmtpsaud71whj2auh0k27ynki
2026-09-09T12:31:04+00:00	dgx-spark-02	True	1	cmtsqj5lz5qd42auh8vvrfn03
2026-09-09T12:31:06+00:00	dgx-spark-04	True	1	cmtpeql4y1etk2auhbk9668ry
2026-09-09T12:31:06+00:00	dgx-spark-03	True	1	cmtpsaud71whj2auh0k27ynki
2026-09-09T12:31:06+00:00	dgx-spark-02	True	1	cmtsqj5lz5qd42auh8vvrfn03
2026-09-09T12:31:08+00:00	dgx-spark-04	True	1	cmtpeql4y1etk2auhbk9668ry
2026-09-09T12:31:08+00:00	dgx-spark-03	True	1	cmtpsaud71whj2auh0k27ynki
2026-09-09T12:31:08+00:00	dgx-spark-02	True	1	cmtsqj5lz5qd42auh8vvrfn03
2026-09-09T12:31:10+00:00	dgx-spark-04	True	1	cmtpeql4y1etk2auhbk9668ry
2026-09-09T12:31:10+00:00	dgx-spark-03	True	1	cmtpsaud71whj2auh0k27ynki
2026-09-09T12:31:10+00:00	dgx-spark-02	True	1	cmtsqj5lz5qd42auh8vvrfn03
2026-09-09T12:31:12+00:00	dgx-spark-04	True	1	cmtpeql4y1etk2auhbk9668ry
2026-09-09T12:31:12+00:00	dgx-spark-03	True	1	cmtpsaud71whj2auh0k27ynki
2026-09-09T12:31:12+00:00	dgx-spark-02	True	1	cmtsqj5lz5qd42auh8vvrfn03
2026-09-09T12:31:14+00:00	dgx-spark-04	True	1	cmtpeql4y1etk2auhbk9668ry
2026-09-09T12:31:14+00:00	dgx-spark-03	True	1	cmtpsaud71whj2auh0k27ynki
2026-09-09T12:31:14+00:00	dgx-spark-02	True	1	cmtsqj5lz5qd42auh8vvrfn03
2026-09-09T12:31:16+00:00	dgx-spark-04	True	1	cmtpeql4y1etk2auhbk9668ry
2026-09-09T12:31:16+00:00	dgx-spark-03	True	1	cmtpsaud71whj2auh0k27ynki
2026-09-09T12:31:16+00:00	dgx-spark-02	True	1	cmtsqj5lz5qd42auh8vvrfn03
2026-09-09T12:31:18+00:00	dgx-spark-04	True	1	cmtpeql4y1etk2auhbk9668ry
2026-09-09T12:31:18+00:00	dgx-spark-03	True	1	cmtpsaud71whj2auh0k27ynki
2026-09-09T12:31:18+00:00	dgx-spark-02	True	1	cmtsqj5lz5qd42auh8vvrfn03
2026-09-09T12:31:20+00:00	dgx-spark-04	True	1	cmtpeql4y1etk2auhbk9668ry
2026-09-09T12:31:20+00:00	dgx-spark-03	True	1	cmtpsaud71whj2auh0k27ynki
2026-09-09T12:31:20+00:00	dgx-spark-02	True	1	cmtsqj5lz5qd42auh8vvrfn03
2026-09-09T12:31:22+00:00	dgx-spark-04	True	1	cmtpeql4y1etk2auhbk9668ry
2026-09-09T12:31:22+00:00	dgx-spark-03	True	1	cmtpsaud71whj2auh0k27ynki
2026-09-09T12:31:22+00:00	dgx-spark-02	True	1	cmtsqj5lz5qd42auh8vvrfn03
2026-09-09T12:31:24+00:00	dgx-spark-04	True	1	cmtpeql4y1etk2auhbk9668ry
2026-09-09T12:31:24+00:00	dgx-spark-03	True	1	cmtpsaud71whj2auh0k27ynki
2026-09-09T12:31:24+00:00	dgx-spark-02	True	1	cmtsqj5lz5qd42auh8vvrfn03
2026-09-09T12:31:26+00:00	dgx-spark-04	True	1	cmtpeql4y1etk2auhbk9668ry
2026-09-09T12:31:26+00:00	dgx-spark-03	True	1	cmtpsaud71whj2auh0k27ynki
2026-09-09T12:31:26+00:00	dgx-spark-02	True	1	cmtsqj5lz5qd42auh8vvrfn03
2026-09-09T12:31:28+00:00	dgx-spark-04	True	1	cmtpeql4y1etk2auhbk9668ry
2026-09-09T12:31:28+00:00	dgx-spark-03	True	1	cmtpsaud71whj2auh0k27ynki
2026-09-09T12:31:28+00:00	dgx-spark-02	True	1	cmtsqj5lz5qd42auh8vvrfn03
2026-09-09T12:31:30+00:00	dgx-spark-04	True	1	cmtpeql4y1etk2auhbk9668ry
2026-09-09T12:31:30+00:00	dgx-spark-03	True	1	cmtpsaud71whj2auh0k27ynki
2026-09-09T12:31:30+00:00	dgx-spark-02	True	1	cmtsqj5lz5qd42auh8vvrfn03
2026-09-09T12:31:32+00:00	dgx-spark-04	True	1	cmtpeql4y1etk2auhbk9668ry
2026-09-09T12:31:32+00:00	dgx-spark-03	True	1	cmtpsaud71whj2auh0k27ynki
2026-09-09T12:31:32+00:00	dgx-spark-02	True	1	cmtsqj5lz5qd42auh8vvrfn03
2026-09-09T12:31:34+00:00	dgx-spark-04	True	1	cmtpeql4y1etk2auhbk9668ry
2026-09-09T12:31:34+00:00	dgx-spark-03	True	1	cmtpsaud71whj2auh0k27ynki
2026-09-09T12:31:34+00:00	dgx-spark-02	True	1	cmtsqj5lz5qd42auh8vvrfn03
2026-09-09T12:31:36+00:00	dgx-spark-04	True	1	cmtpeql4y1etk2auhbk9668ry
2026-09-09T12:31:36+00:00	dgx-spark-03	True	1	cmtpsaud71whj2auh0k27ynki
2026-09-09T12:31:36+00:00	dgx-spark-02	True	1	cmtsqj5lz5qd42auh8vvrfn03
2026-09-09T12:31:38+00:00	dgx-spark-04	True	1	cmtpeql4y1etk2auhbk9668ry
2026-09-09T12:31:38+00:00	dgx-spark-03	True	1	cmtpsaud71whj2auh0k27ynki
2026-09-09T12:31:38+00:00	dgx-spark-02	True	1	cmtsqj5lz5qd42auh8vvrfn03
2026-09-09T12:31:40+00:00	dgx-spark-04	True	1	cmtpeql4y1etk2auhbk9668ry
2026-09-09T12:31:40+00:00	dgx-spark-03	True	1	cmtpsaud71whj2auh0k27ynki
2026-09-09T12:31:40+00:00	dgx-spark-02	True	1	cmtsqj5lz5qd42auh8vvrfn03
2026-09-09T12:31:42+00:00	dgx-spark-04	True	1	cmtpeql4y1etk2auhbk9668ry
2026-09-09T12:31:42+00:00	dgx-spark-03	True	1	cmtpsaud71whj2auh0k27ynki
2026-09-09T12:31:42+00:00	dgx-spark-02	True	1	cmtsqj5lz5qd42auh8vvrfn03
2026-09-09T12:31:44+00:00	dgx-spark-04	True	1	cmtpeql4y1etk2auhbk9668ry
2026-09-09T12:31:44+00:00	dgx-spark-03	True	1	cmtpsaud71whj2auh0k27ynki
2026-09-09T12:31:44+00:00	dgx-spark-02	True	1	cmtsqj5lz5qd42auh8vvrfn03
2026-09-09T12:31:46+00:00	dgx-spark-04	True	1	cmtpeql4y1etk2auhbk9668ry
2026-09-09T12:31:46+00:00	dgx-spark-03	True	1	cmtpsaud71whj2auh0k27ynki
2026-09-09T12:31:46+00:00	dgx-spark-02	True	1	cmtsqj5lz5qd42auh8vvrfn03
2026-09-09T12:31:48+00:00	dgx-spark-04	True	1	cmtpeql4y1etk2auhbk9668ry
2026-09-09T12:31:48+00:00	dgx-spark-03	True	1	cmtpsaud71whj2auh0k27ynki
2026-09-09T12:31:48+00:00	dgx-spark-02	True	1	cmtsqj5lz5qd42auh8vvrfn03
2026-09-09T12:31:50+00:00	dgx-spark-04	True	1	cmtpeql4y1etk2auhbk9668ry
2026-09-09T12:31:50+00:00	dgx-spark-03	True	1	cmtpsaud71whj2auh0k27ynki
2026-09-09T12:31:50+00:00	dgx-spark-02	True	1	cmtsqj5lz5qd42auh8vvrfn03
2026-09-09T12:31:52+00:00	dgx-spark-04	True	1	cmtpeql4y1etk2auhbk9668ry
2026-09-09T12:31:52+00:00	dgx-spark-03	True	1	cmtpsaud71whj2auh0k27ynki
2026-09-09T12:31:52+00:00	dgx-spark-02	True	1	cmtsqj5lz5qd42auh8vvrfn03
2026-09-09T12:31:54+00:00	dgx-spark-04	True	1	cmtpeql4y1etk2auhbk9668ry
2026-09-09T12:31:54+00:00	dgx-spark-03	True	1	cmtpsaud71whj2auh0k27ynki
2026-09-09T12:31:54+00:00	dgx-spark-02	True	1	cmtsqj5lz5qd42auh8vvrfn03
2026-09-09T12:31:56+00:00	dgx-spark-04	True	1	cmtpeql4y1etk2auhbk9668ry
2026-09-09T12:31:56+00:00	dgx-spark-03	True	1	cmtpsaud71whj2auh0k27ynki
2026-09-09T12:31:56+00:00	dgx-spark-02	True	1	cmtsqj5lz5qd42auh8vvrfn03
2026-09-09T12:31:58+00:00	dgx-spark-04	True	1	cmtpeql4y1etk2auhbk9668ry
2026-09-09T12:31:58+00:00	dgx-spark-03	True	1	cmtpsaud71whj2auh0k27ynki
2026-09-09T12:31:58+00:00	dgx-spark-02	True	1	cmtsqj5lz5qd42auh8vvrfn03
2026-09-09T12:32:00+00:00	dgx-spark-04	True	1	cmtpeql4y1etk2auhbk9668ry
2026-09-09T12:32:00+00:00	dgx-spark-03	True	1	cmtpsaud71whj2auh0k27ynki
2026-09-09T12:32:00+00:00	dgx-spark-02	True	1	cmtsqj5lz5qd42auh8vvrfn03
2026-09-09T12:32:02+00:00	dgx-spark-04	True	1	cmtpeql4y1etk2auhbk9668ry
2026-09-09T12:32:02+00:00	dgx-spark-03	True	1	cmtpsaud71whj2auh0k27ynki
2026-09-09T12:32:02+00:00	dgx-spark-02	True	1	cmtsqj5lz5qd42auh8vvrfn03
2026-09-09T12:32:04+00:00	dgx-spark-04	True	1	cmtpeql4y1etk2auhbk9668ry
2026-09-09T12:32:04+00:00	dgx-spark-03	True	1	cmtpsaud71whj2auh0k27ynki
2026-09-09T12:32:04+00:00	dgx-spark-02	True	1	cmtsqj5lz5qd42auh8vvrfn03
2026-09-09T12:32:06+00:00	dgx-spark-04	True	1	cmtpeql4y1etk2auhbk9668ry
2026-09-09T12:32:06+00:00	dgx-spark-03	True	1	cmtpsaud71whj2auh0k27ynki
2026-09-09T12:32:06+00:00	dgx-spark-02	True	1	cmtsqj5lz5qd42auh8vvrfn03
2026-09-09T12:32:08+00:00	dgx-spark-04	True	1	cmtpeql4y1etk2auhbk9668ry
2026-09-09T12:32:08+00:00	dgx-spark-03	True	1	cmtpsaud71whj2auh0k27ynki
2026-09-09T12:32:08+00:00	dgx-spark-02	True	1	cmtsqj5lz5qd42auh8vvrfn03
2026-09-09T12:32:10+00:00	dgx-spark-04	True	1	cmtpeql4y1etk2auhbk9668ry
2026-09-09T12:32:10+00:00	dgx-spark-03	True	1	cmtpsaud71whj2auh0k27ynki
2026-09-09T12:32:10+00:00	dgx-spark-02	True	1	cmtsqj5lz5qd42auh8vvrfn03
2026-09-09T12:32:12+00:00	dgx-spark-04	True	1	cmtpeql4y1etk2auhbk9668ry
2026-09-09T12:32:12+00:00	dgx-spark-03	True	1	cmtpsaud71whj2auh0k27ynki
2026-09-09T12:32:12+00:00	dgx-spark-02	True	1	cmtsqj5lz5qd42auh8vvrfn03
2026-09-09T12:32:14+00:00	dgx-spark-04	True	1	cmtpeql4y1etk2auhbk9668ry
2026-09-09T12:32:14+00:00	dgx-spark-03	True	1	cmtpsaud71whj2auh0k27ynki
2026-09-09T12:32:14+00:00	dgx-spark-02	True	1	cmtsqj5lz5qd42auh8vvrfn03
2026-09-09T12:32:16+00:00	dgx-spark-04	True	1	cmtpeql4y1etk2auhbk9668ry
2026-09-09T12:32:16+00:00	dgx-spark-03	True	1	cmtpsaud71whj2auh0k27ynki
2026-09-09T12:32:16+00:00	dgx-spark-02	True	1	cmtsqj5lz5qd42auh8vvrfn03
2026-09-09T12:32:18+00:00	dgx-spark-04	True	1	cmtpeql4y1etk2auhbk9668ry
2026-09-09T12:32:18+00:00	dgx-spark-03	True	1	cmtpsaud71whj2auh0k27ynki
2026-09-09T12:32:18+00:00	dgx-spark-02	True	1	cmtsqj5lz5qd42auh8vvrfn03
2026-09-09T12:32:20+00:00	dgx-spark-04	True	1	cmtpeql4y1etk2auhbk9668ry
2026-09-09T12:32:20+00:00	dgx-spark-03	True	1	cmtpsaud71whj2auh0k27ynki
2026-09-09T12:32:20+00:00	dgx-spark-02	True	1	cmtsqj5lz5qd42auh8vvrfn03
2026-09-09T12:32:22+00:00	dgx-spark-04	True	1	cmtpeql4y1etk2auhbk9668ry
2026-09-09T12:32:22+00:00	dgx-spark-03	True	1	cmtpsaud71whj2auh0k27ynki
2026-09-09T12:32:22+00:00	dgx-spark-02	True	1	cmtsqj5lz5qd42auh8vvrfn03
2026-09-09T12:32:24+00:00	dgx-spark-04	True	1	cmtpeql4y1etk2auhbk9668ry
2026-09-09T12:32:24+00:00	dgx-spark-03	True	1	cmtpsaud71whj2auh0k27ynki
2026-09-09T12:32:24+00:00	dgx-spark-02	True	1	cmtsqj5lz5qd42auh8vvrfn03
2026-09-09T12:32:26+00:00	dgx-spark-04	True	1	cmtpeql4y1etk2auhbk9668ry
2026-09-09T12:32:26+00:00	dgx-spark-03	True	1	cmtpsaud71whj2auh0k27ynki
2026-09-09T12:32:26+00:00	dgx-spark-02	True	1	cmtsqj5lz5qd42auh8vvrfn03
2026-09-09T12:32:28+00:00	dgx-spark-04	True	1	cmtpeql4y1etk2auhbk9668ry
2026-09-09T12:32:28+00:00	dgx-spark-03	True	1	cmtpsaud71whj2auh0k27ynki
2026-09-09T12:32:28+00:00	dgx-spark-02	True	1	cmtsqj5lz5qd42auh8vvrfn03
2026-09-09T12:32:31+00:00	dgx-spark-04	True	1	cmtpeql4y1etk2auhbk9668ry
2026-09-09T12:32:31+00:00	dgx-spark-03	True	1	cmtpsaud71whj2auh0k27ynki
2026-09-09T12:32:31+00:00	dgx-spark-02	True	1	cmtsqj5lz5qd42auh8vvrfn03
2026-09-09T12:32:33+00:00	dgx-spark-04	True	1	cmtpeql4y1etk2auhbk9668ry
2026-09-09T12:32:33+00:00	dgx-spark-03	True	1	cmtpsaud71whj2auh0k27ynki
2026-09-09T12:32:33+00:00	dgx-spark-02	True	1	cmtsqj5lz5qd42auh8vvrfn03
2026-09-09T12:32:35+00:00	dgx-spark-04	True	1	cmtpeql4y1etk2auhbk9668ry
2026-09-09T12:32:35+00:00	dgx-spark-03	True	1	cmtpsaud71whj2auh0k27ynki
2026-09-09T12:32:35+00:00	dgx-spark-02	True	1	cmtsqj5lz5qd42auh8vvrfn03
2026-09-09T12:32:37+00:00	dgx-spark-04	True	1	cmtpeql4y1etk2auhbk9668ry
2026-09-09T12:32:37+00:00	dgx-spark-03	True	1	cmtpsaud71whj2auh0k27ynki
2026-09-09T12:32:37+00:00	dgx-spark-02	True	1	cmtsqj5lz5qd42auh8vvrfn03
2026-09-09T12:32:39+00:00	dgx-spark-04	True	1	cmtpeql4y1etk2auhbk9668ry
2026-09-09T12:32:39+00:00	dgx-spark-03	True	1	cmtpsaud71whj2auh0k27ynki
2026-09-09T12:32:39+00:00	dgx-spark-02	True	1	cmtsqj5lz5qd42auh8vvrfn03
2026-09-09T12:32:41+00:00	dgx-spark-04	True	1	cmtpeql4y1etk2auhbk9668ry
2026-09-09T12:32:41+00:00	dgx-spark-03	True	1	cmtpsaud71whj2auh0k27ynki
2026-09-09T12:32:41+00:00	dgx-spark-02	True	1	cmtsqj5lz5qd42auh8vvrfn03
2026-09-09T12:32:43+00:00	dgx-spark-04	True	1	cmtpeql4y1etk2auhbk9668ry
2026-09-09T12:32:43+00:00	dgx-spark-03	True	1	cmtpsaud71whj2auh0k27ynki
2026-09-09T12:32:43+00:00	dgx-spark-02	True	1	cmtsqj5lz5qd42auh8vvrfn03
2026-09-09T12:32:45+00:00	dgx-spark-04	True	1	cmtpeql4y1etk2auhbk9668ry
2026-09-09T12:32:45+00:00	dgx-spark-03	True	1	cmtpsaud71whj2auh0k27ynki
2026-09-09T12:32:45+00:00	dgx-spark-02	True	1	cmtsqj5lz5qd42auh8vvrfn03
2026-09-09T12:32:47+00:00	dgx-spark-04	True	1	cmtpeql4y1etk2auhbk9668ry
2026-09-09T12:32:47+00:00	dgx-spark-03	True	1	cmtpsaud71whj2auh0k27ynki
2026-09-09T12:32:47+00:00	dgx-spark-02	True	1	cmtsqj5lz5qd42auh8vvrfn03
2026-09-09T12:32:49+00:00	dgx-spark-04	True	1	cmtpeql4y1etk2auhbk9668ry
2026-09-09T12:32:49+00:00	dgx-spark-03	True	1	cmtpsaud71whj2auh0k27ynki
2026-09-09T12:32:49+00:00	dgx-spark-02	True	1	cmtsqj5lz5qd42auh8vvrfn03
2026-09-09T12:32:51+00:00	dgx-spark-04	True	1	cmtpeql4y1etk2auhbk9668ry
2026-09-09T12:32:51+00:00	dgx-spark-03	True	1	cmtpsaud71whj2auh0k27ynki
2026-09-09T12:32:51+00:00	dgx-spark-02	True	1	cmtsqj5lz5qd42auh8vvrfn03
2026-09-09T12:32:53+00:00	dgx-spark-04	True	1	cmtpeql4y1etk2auhbk9668ry
2026-09-09T12:32:53+00:00	dgx-spark-03	True	1	cmtpsaud71whj2auh0k27ynki
2026-09-09T12:32:53+00:00	dgx-spark-02	True	1	cmtsqj5lz5qd42auh8vvrfn03
2026-09-09T12:32:55+00:00	dgx-spark-04	True	1	cmtpeql4y1etk2auhbk9668ry
2026-09-09T12:32:55+00:00	dgx-spark-03	True	1	cmtpsaud71whj2auh0k27ynki
2026-09-09T12:32:55+00:00	dgx-spark-02	True	1	cmtsqj5lz5qd42auh8vvrfn03
2026-09-09T12:32:57+00:00	dgx-spark-04	True	1	cmtpeql4y1etk2auhbk9668ry
2026-09-09T12:32:57+00:00	dgx-spark-03	True	1	cmtpsaud71whj2auh0k27ynki
2026-09-09T12:32:57+00:00	dgx-spark-02	True	1	cmtsqj5lz5qd42auh8vvrfn03
2026-09-09T12:32:59+00:00	dgx-spark-04	True	1	cmtpeql4y1etk2auhbk9668ry
2026-09-09T12:32:59+00:00	dgx-spark-03	True	1	cmtpsaud71whj2auh0k27ynki
2026-09-09T12:32:59+00:00	dgx-spark-02	True	1	cmtsqj5lz5qd42auh8vvrfn03
2026-09-09T12:33:01+00:00	dgx-spark-04	True	1	cmtpeql4y1etk2auhbk9668ry
2026-09-09T12:33:01+00:00	dgx-spark-03	True	1	cmtpsaud71whj2auh0k27ynki
2026-09-09T12:33:01+00:00	dgx-spark-02	True	1	cmtsqj5lz5qd42auh8vvrfn03
2026-09-09T12:33:03+00:00	dgx-spark-04	True	1	cmtpeql4y1etk2auhbk9668ry
2026-09-09T12:33:03+00:00	dgx-spark-03	True	1	cmtpsaud71whj2auh0k27ynki
2026-09-09T12:33:03+00:00	dgx-spark-02	True	1	cmtsqj5lz5qd42auh8vvrfn03
2026-09-09T12:33:05+00:00	dgx-spark-04	True	1	cmtpeql4y1etk2auhbk9668ry
2026-09-09T12:33:05+00:00	dgx-spark-03	True	1	cmtpsaud71whj2auh0k27ynki
2026-09-09T12:33:05+00:00	dgx-spark-02	True	1	cmtsqj5lz5qd42auh8vvrfn03
2026-09-09T12:33:07+00:00	dgx-spark-04	True	1	cmtpeql4y1etk2auhbk9668ry
2026-09-09T12:33:07+00:00	dgx-spark-03	True	1	cmtpsaud71whj2auh0k27ynki
2026-09-09T12:33:07+00:00	dgx-spark-02	True	1	cmtsqj5lz5qd42auh8vvrfn03
2026-09-09T12:33:09+00:00	dgx-spark-04	True	1	cmtpeql4y1etk2auhbk9668ry
2026-09-09T12:33:09+00:00	dgx-spark-03	True	1	cmtpsaud71whj2auh0k27ynki
2026-09-09T12:33:09+00:00	dgx-spark-02	True	1	cmtsqj5lz5qd42auh8vvrfn03
2026-09-09T12:33:11+00:00	dgx-spark-04	True	1	cmtpeql4y1etk2auhbk9668ry
2026-09-09T12:33:11+00:00	dgx-spark-03	True	1	cmtpsaud71whj2auh0k27ynki
2026-09-09T12:33:11+00:00	dgx-spark-02	True	1	cmtsqj5lz5qd42auh8vvrfn03
2026-09-09T12:33:13+00:00	dgx-spark-04	True	1	cmtpeql4y1etk2auhbk9668ry
2026-09-09T12:33:13+00:00	dgx-spark-03	True	1	cmtpsaud71whj2auh0k27ynki
2026-09-09T12:33:13+00:00	dgx-spark-02	True	1	cmtsqj5lz5qd42auh8vvrfn03
2026-09-09T12:33:15+00:00	dgx-spark-04	True	1	cmtpeql4y1etk2auhbk9668ry
2026-09-09T12:33:15+00:00	dgx-spark-03	True	1	cmtpsaud71whj2auh0k27ynki
2026-09-09T12:33:15+00:00	dgx-spark-02	True	1	cmtsqj5lz5qd42auh8vvrfn03
2026-09-09T12:33:17+00:00	dgx-spark-04	True	1	cmtpeql4y1etk2auhbk9668ry
2026-09-09T12:33:17+00:00	dgx-spark-03	True	1	cmtpsaud71whj2auh0k27ynki
2026-09-09T12:33:17+00:00	dgx-spark-02	True	1	cmtsqj5lz5qd42auh8vvrfn03
2026-09-09T12:33:19+00:00	dgx-spark-04	True	1	cmtpeql4y1etk2auhbk9668ry
2026-09-09T12:33:19+00:00	dgx-spark-03	True	1	cmtpsaud71whj2auh0k27ynki
2026-09-09T12:33:19+00:00	dgx-spark-02	True	1	cmtsqj5lz5qd42auh8vvrfn03
2026-09-09T12:33:21+00:00	dgx-spark-04	True	1	cmtpeql4y1etk2auhbk9668ry
2026-09-09T12:33:21+00:00	dgx-spark-03	True	1	cmtpsaud71whj2auh0k27ynki
2026-09-09T12:33:21+00:00	dgx-spark-02	True	1	cmtsqj5lz5qd42auh8vvrfn03
2026-09-09T12:33:23+00:00	dgx-spark-04	True	1	cmtpeql4y1etk2auhbk9668ry
2026-09-09T12:33:23+00:00	dgx-spark-03	True	1	cmtpsaud71whj2auh0k27ynki
2026-09-09T12:33:23+00:00	dgx-spark-02	True	1	cmtsqj5lz5qd42auh8vvrfn03
2026-09-09T12:33:25+00:00	dgx-spark-04	True	1	cmtpeql4y1etk2auhbk9668ry
2026-09-09T12:33:25+00:00	dgx-spark-03	True	1	cmtpsaud71whj2auh0k27ynki
2026-09-09T12:33:25+00:00	dgx-spark-02	True	1	cmtsqj5lz5qd42auh8vvrfn03
2026-09-09T12:33:27+00:00	dgx-spark-04	True	1	cmtpeql4y1etk2auhbk9668ry
2026-09-09T12:33:27+00:00	dgx-spark-03	True	1	cmtpsaud71whj2auh0k27ynki
2026-09-09T12:33:27+00:00	dgx-spark-02	True	1	cmtsqj5lz5qd42auh8vvrfn03
2026-09-09T12:33:29+00:00	dgx-spark-04	True	1	cmtpeql4y1etk2auhbk9668ry
2026-09-09T12:33:29+00:00	dgx-spark-03	True	1	cmtpsaud71whj2auh0k27ynki
2026-09-09T12:33:29+00:00	dgx-spark-02	True	1	cmtsqj5lz5qd42auh8vvrfn03
2026-09-09T12:33:31+00:00	dgx-spark-04	True	1	cmtpeql4y1etk2auhbk9668ry
2026-09-09T12:33:31+00:00	dgx-spark-03	True	1	cmtpsaud71whj2auh0k27ynki
2026-09-09T12:33:31+00:00	dgx-spark-02	True	1	cmtsqj5lz5qd42auh8vvrfn03
2026-09-09T12:33:33+00:00	dgx-spark-04	True	1	cmtpeql4y1etk2auhbk9668ry
2026-09-09T12:33:33+00:00	dgx-spark-03	True	1	cmtpsaud71whj2auh0k27ynki
2026-09-09T12:33:33+00:00	dgx-spark-02	True	1	cmtsqj5lz5qd42auh8vvrfn03
2026-09-09T12:33:35+00:00	dgx-spark-04	True	1	cmtpeql4y1etk2auhbk9668ry
2026-09-09T12:33:35+00:00	dgx-spark-03	True	1	cmtpsaud71whj2auh0k27ynki
2026-09-09T12:33:35+00:00	dgx-spark-02	True	1	cmtsqj5lz5qd42auh8vvrfn03
2026-09-09T12:33:37+00:00	dgx-spark-04	True	1	cmtpeql4y1etk2auhbk9668ry
2026-09-09T12:33:37+00:00	dgx-spark-03	True	1	cmtpsaud71whj2auh0k27ynki
2026-09-09T12:33:37+00:00	dgx-spark-02	True	1	cmtsqj5lz5qd42auh8vvrfn03
2026-09-09T12:33:39+00:00	dgx-spark-04	True	1	cmtpeql4y1etk2auhbk9668ry
2026-09-09T12:33:39+00:00	dgx-spark-03	True	1	cmtpsaud71whj2auh0k27ynki
2026-09-09T12:33:39+00:00	dgx-spark-02	True	1	cmtsqj5lz5qd42auh8vvrfn03
2026-09-09T12:33:41+00:00	dgx-spark-04	True	1	cmtpeql4y1etk2auhbk9668ry
2026-09-09T12:33:41+00:00	dgx-spark-03	True	1	cmtpsaud71whj2auh0k27ynki
2026-09-09T12:33:41+00:00	dgx-spark-02	True	1	cmtsqj5lz5qd42auh8vvrfn03
2026-09-09T12:33:43+00:00	dgx-spark-04	True	1	cmtpeql4y1etk2auhbk9668ry
2026-09-09T12:33:43+00:00	dgx-spark-03	True	1	cmtpsaud71whj2auh0k27ynki
2026-09-09T12:33:43+00:00	dgx-spark-02	True	1	cmtsqj5lz5qd42auh8vvrfn03
2026-09-09T12:33:45+00:00	dgx-spark-04	True	1	cmtpeql4y1etk2auhbk9668ry
2026-09-09T12:33:45+00:00	dgx-spark-03	True	1	cmtpsaud71whj2auh0k27ynki
2026-09-09T12:33:45+00:00	dgx-spark-02	True	1	cmtsqj5lz5qd42auh8vvrfn03
2026-09-09T12:33:47+00:00	dgx-spark-04	True	1	cmtpeql4y1etk2auhbk9668ry
2026-09-09T12:33:47+00:00	dgx-spark-03	True	1	cmtpsaud71whj2auh0k27ynki
2026-09-09T12:33:47+00:00	dgx-spark-02	True	1	cmtsqj5lz5qd42auh8vvrfn03
2026-09-09T12:33:49+00:00	dgx-spark-04	True	1	cmtpeql4y1etk2auhbk9668ry
2026-09-09T12:33:49+00:00	dgx-spark-03	True	1	cmtpsaud71whj2auh0k27ynki
2026-09-09T12:33:49+00:00	dgx-spark-02	True	1	cmtsqj5lz5qd42auh8vvrfn03
2026-09-09T12:33:51+00:00	dgx-spark-04	True	1	cmtpeql4y1etk2auhbk9668ry
2026-09-09T12:33:51+00:00	dgx-spark-03	True	1	cmtpsaud71whj2auh0k27ynki
2026-09-09T12:33:51+00:00	dgx-spark-02	True	1	cmtsqj5lz5qd42auh8vvrfn03
2026-09-09T12:33:53+00:00	dgx-spark-04	True	1	cmtpeql4y1etk2auhbk9668ry
2026-09-09T12:33:53+00:00	dgx-spark-03	True	1	cmtpsaud71whj2auh0k27ynki
2026-09-09T12:33:53+00:00	dgx-spark-02	True	1	cmtsqj5lz5qd42auh8vvrfn03
2026-09-09T12:33:55+00:00	dgx-spark-04	True	1	cmtpeql4y1etk2auhbk9668ry
2026-09-09T12:33:55+00:00	dgx-spark-03	True	1	cmtpsaud71whj2auh0k27ynki
2026-09-09T12:33:55+00:00	dgx-spark-02	True	1	cmtsqj5lz5qd42auh8vvrfn03
2026-09-09T12:33:57+00:00	dgx-spark-04	True	1	cmtpeql4y1etk2auhbk9668ry
2026-09-09T12:33:57+00:00	dgx-spark-03	True	1	cmtpsaud71whj2auh0k27ynki
2026-09-09T12:33:57+00:00	dgx-spark-02	True	1	cmtsqj5lz5qd42auh8vvrfn03
2026-09-09T12:33:59+00:00	dgx-spark-04	True	1	cmtpeql4y1etk2auhbk9668ry
2026-09-09T12:33:59+00:00	dgx-spark-03	True	1	cmtpsaud71whj2auh0k27ynki
2026-09-09T12:33:59+00:00	dgx-spark-02	True	1	cmtsqj5lz5qd42auh8vvrfn03
2026-09-09T12:34:01+00:00	dgx-spark-04	True	1	cmtpeql4y1etk2auhbk9668ry
2026-09-09T12:34:01+00:00	dgx-spark-03	True	1	cmtpsaud71whj2auh0k27ynki
2026-09-09T12:34:01+00:00	dgx-spark-02	True	1	cmtsqj5lz5qd42auh8vvrfn03
2026-09-09T12:34:03+00:00	dgx-spark-04	True	1	cmtpeql4y1etk2auhbk9668ry
2026-09-09T12:34:03+00:00	dgx-spark-03	True	1	cmtpsaud71whj2auh0k27ynki
2026-09-09T12:34:03+00:00	dgx-spark-02	True	1	cmtsqj5lz5qd42auh8vvrfn03
2026-09-09T12:34:05+00:00	dgx-spark-04	True	1	cmtpeql4y1etk2auhbk9668ry
2026-09-09T12:34:05+00:00	dgx-spark-03	True	1	cmtpsaud71whj2auh0k27ynki
2026-09-09T12:34:05+00:00	dgx-spark-02	True	1	cmtsqj5lz5qd42auh8vvrfn03
2026-09-09T12:34:07+00:00	dgx-spark-04	True	1	cmtpeql4y1etk2auhbk9668ry
2026-09-09T12:34:07+00:00	dgx-spark-03	True	1	cmtpsaud71whj2auh0k27ynki
2026-09-09T12:34:07+00:00	dgx-spark-02	True	1	cmtsqj5lz5qd42auh8vvrfn03
2026-09-09T12:34:09+00:00	dgx-spark-04	True	1	cmtpeql4y1etk2auhbk9668ry
2026-09-09T12:34:09+00:00	dgx-spark-03	True	1	cmtpsaud71whj2auh0k27ynki
2026-09-09T12:34:09+00:00	dgx-spark-02	True	1	cmtsqj5lz5qd42auh8vvrfn03
2026-09-09T12:34:12+00:00	dgx-spark-04	True	1	cmtpeql4y1etk2auhbk9668ry
2026-09-09T12:34:12+00:00	dgx-spark-03	True	1	cmtpsaud71whj2auh0k27ynki
2026-09-09T12:34:12+00:00	dgx-spark-02	True	1	cmtsqj5lz5qd42auh8vvrfn03
2026-09-09T12:34:14+00:00	dgx-spark-04	True	1	cmtpeql4y1etk2auhbk9668ry
2026-09-09T12:34:14+00:00	dgx-spark-03	True	1	cmtpsaud71whj2auh0k27ynki
2026-09-09T12:34:14+00:00	dgx-spark-02	True	1	cmtsqj5lz5qd42auh8vvrfn03
2026-09-09T12:34:16+00:00	dgx-spark-04	True	1	cmtpeql4y1etk2auhbk9668ry
2026-09-09T12:34:16+00:00	dgx-spark-03	True	1	cmtpsaud71whj2auh0k27ynki
2026-09-09T12:34:16+00:00	dgx-spark-02	True	1	cmtsqj5lz5qd42auh8vvrfn03
2026-09-09T12:34:18+00:00	dgx-spark-04	True	1	cmtpeql4y1etk2auhbk9668ry
2026-09-09T12:34:18+00:00	dgx-spark-03	True	1	cmtpsaud71whj2auh0k27ynki
2026-09-09T12:34:18+00:00	dgx-spark-02	True	1	cmtsqj5lz5qd42auh8vvrfn03
2026-09-09T12:34:20+00:00	dgx-spark-04	True	1	cmtpeql4y1etk2auhbk9668ry
2026-09-09T12:34:20+00:00	dgx-spark-03	True	1	cmtpsaud71whj2auh0k27ynki
2026-09-09T12:34:20+00:00	dgx-spark-02	True	1	cmtsqj5lz5qd42auh8vvrfn03
2026-09-09T12:34:22+00:00	dgx-spark-04	True	1	cmtpeql4y1etk2auhbk9668ry
2026-09-09T12:34:22+00:00	dgx-spark-03	True	1	cmtpsaud71whj2auh0k27ynki
2026-09-09T12:34:22+00:00	dgx-spark-02	True	1	cmtsqj5lz5qd42auh8vvrfn03
2026-09-09T12:34:24+00:00	dgx-spark-04	True	1	cmtpeql4y1etk2auhbk9668ry
2026-09-09T12:34:24+00:00	dgx-spark-03	True	1	cmtpsaud71whj2auh0k27ynki
2026-09-09T12:34:24+00:00	dgx-spark-02	True	1	cmtsqj5lz5qd42auh8vvrfn03
2026-09-09T12:34:26+00:00	dgx-spark-04	True	1	cmtpeql4y1etk2auhbk9668ry
2026-09-09T12:34:26+00:00	dgx-spark-03	True	1	cmtpsaud71whj2auh0k27ynki
2026-09-09T12:34:26+00:00	dgx-spark-02	True	1	cmtsqj5lz5qd42auh8vvrfn03
2026-09-09T12:34:28+00:00	dgx-spark-04	True	1	cmtpeql4y1etk2auhbk9668ry
2026-09-09T12:34:28+00:00	dgx-spark-03	True	1	cmtpsaud71whj2auh0k27ynki
2026-09-09T12:34:28+00:00	dgx-spark-02	True	1	cmtsqj5lz5qd42auh8vvrfn03
2026-09-09T12:34:30+00:00	dgx-spark-04	True	1	cmtpeql4y1etk2auhbk9668ry
2026-09-09T12:34:30+00:00	dgx-spark-03	True	1	cmtpsaud71whj2auh0k27ynki
2026-09-09T12:34:30+00:00	dgx-spark-02	True	1	cmtsqj5lz5qd42auh8vvrfn03
2026-09-09T12:34:32+00:00	dgx-spark-04	True	1	cmtpeql4y1etk2auhbk9668ry
2026-09-09T12:34:32+00:00	dgx-spark-03	True	1	cmtpsaud71whj2auh0k27ynki
2026-09-09T12:34:32+00:00	dgx-spark-02	True	1	cmtsqj5lz5qd42auh8vvrfn03
2026-09-09T12:34:34+00:00	dgx-spark-04	True	1	cmtpeql4y1etk2auhbk9668ry
2026-09-09T12:34:34+00:00	dgx-spark-03	True	1	cmtpsaud71whj2auh0k27ynki
2026-09-09T12:34:34+00:00	dgx-spark-02	True	1	cmtsqj5lz5qd42auh8vvrfn03
2026-09-09T12:34:36+00:00	dgx-spark-04	True	1	cmtpeql4y1etk2auhbk9668ry
2026-09-09T12:34:36+00:00	dgx-spark-03	True	1	cmtpsaud71whj2auh0k27ynki
2026-09-09T12:34:36+00:00	dgx-spark-02	True	1	cmtsqj5lz5qd42auh8vvrfn03
2026-09-09T12:34:38+00:00	dgx-spark-04	True	1	cmtpeql4y1etk2auhbk9668ry
2026-09-09T12:34:38+00:00	dgx-spark-03	True	1	cmtpsaud71whj2auh0k27ynki
2026-09-09T12:34:38+00:00	dgx-spark-02	True	1	cmtsqj5lz5qd42auh8vvrfn03
2026-09-09T12:34:40+00:00	dgx-spark-04	True	1	cmtpeql4y1etk2auhbk9668ry
2026-09-09T12:34:40+00:00	dgx-spark-03	True	1	cmtpsaud71whj2auh0k27ynki
2026-09-09T12:34:40+00:00	dgx-spark-02	True	1	cmtsqj5lz5qd42auh8vvrfn03
2026-09-09T12:34:42+00:00	dgx-spark-04	True	1	cmtpeql4y1etk2auhbk9668ry
2026-09-09T12:34:42+00:00	dgx-spark-03	True	1	cmtpsaud71whj2auh0k27ynki
2026-09-09T12:34:42+00:00	dgx-spark-02	True	1	cmtsqj5lz5qd42auh8vvrfn03
2026-09-09T12:34:44+00:00	dgx-spark-04	True	1	cmtpeql4y1etk2auhbk9668ry
2026-09-09T12:34:44+00:00	dgx-spark-03	True	1	cmtpsaud71whj2auh0k27ynki
2026-09-09T12:34:44+00:00	dgx-spark-02	True	1	cmtsqj5lz5qd42auh8vvrfn03
2026-09-09T12:34:46+00:00	dgx-spark-04	True	1	cmtpeql4y1etk2auhbk9668ry
2026-09-09T12:34:46+00:00	dgx-spark-03	True	1	cmtpsaud71whj2auh0k27ynki
2026-09-09T12:34:46+00:00	dgx-spark-02	True	1	cmtsqj5lz5qd42auh8vvrfn03
2026-09-09T12:34:48+00:00	dgx-spark-04	True	1	cmtpeql4y1etk2auhbk9668ry
2026-09-09T12:34:48+00:00	dgx-spark-03	True	1	cmtpsaud71whj2auh0k27ynki
2026-09-09T12:34:48+00:00	dgx-spark-02	True	1	cmtsqj5lz5qd42auh8vvrfn03
2026-09-09T12:34:50+00:00	dgx-spark-04	True	1	cmtpeql4y1etk2auhbk9668ry
2026-09-09T12:34:50+00:00	dgx-spark-03	True	1	cmtpsaud71whj2auh0k27ynki
2026-09-09T12:34:50+00:00	dgx-spark-02	True	1	cmtsqj5lz5qd42auh8vvrfn03
2026-09-09T12:34:52+00:00	dgx-spark-04	True	1	cmtpeql4y1etk2auhbk9668ry
2026-09-09T12:34:52+00:00	dgx-spark-03	True	1	cmtpsaud71whj2auh0k27ynki
2026-09-09T12:34:52+00:00	dgx-spark-02	True	1	cmtsqj5lz5qd42auh8vvrfn03
2026-09-09T12:34:54+00:00	dgx-spark-04	True	1	cmtpeql4y1etk2auhbk9668ry
2026-09-09T12:34:54+00:00	dgx-spark-03	True	1	cmtpsaud71whj2auh0k27ynki
2026-09-09T12:34:54+00:00	dgx-spark-02	True	1	cmtsqj5lz5qd42auh8vvrfn03
2026-09-09T12:34:56+00:00	dgx-spark-04	True	1	cmtpeql4y1etk2auhbk9668ry
2026-09-09T12:34:56+00:00	dgx-spark-03	True	1	cmtpsaud71whj2auh0k27ynki
2026-09-09T12:34:56+00:00	dgx-spark-02	True	1	cmtsqj5lz5qd42auh8vvrfn03
2026-09-09T12:34:58+00:00	dgx-spark-04	True	1	cmtpeql4y1etk2auhbk9668ry
2026-09-09T12:34:58+00:00	dgx-spark-03	True	1	cmtpsaud71whj2auh0k27ynki
2026-09-09T12:34:58+00:00	dgx-spark-02	True	1	cmtsqj5lz5qd42auh8vvrfn03
2026-09-09T12:35:00+00:00	dgx-spark-04	True	1	cmtpeql4y1etk2auhbk9668ry
2026-09-09T12:35:00+00:00	dgx-spark-03	True	1	cmtpsaud71whj2auh0k27ynki
2026-09-09T12:35:00+00:00	dgx-spark-02	True	1	cmtsqj5lz5qd42auh8vvrfn03
2026-09-09T12:35:02+00:00	dgx-spark-04	True	1	cmtpeql4y1etk2auhbk9668ry
2026-09-09T12:35:02+00:00	dgx-spark-03	True	1	cmtpsaud71whj2auh0k27ynki
2026-09-09T12:35:02+00:00	dgx-spark-02	True	1	cmtsqj5lz5qd42auh8vvrfn03
2026-09-09T12:35:04+00:00	dgx-spark-04	True	1	cmtpeql4y1etk2auhbk9668ry
2026-09-09T12:35:04+00:00	dgx-spark-03	True	1	cmtpsaud71whj2auh0k27ynki
2026-09-09T12:35:04+00:00	dgx-spark-02	True	1	cmtsqj5lz5qd42auh8vvrfn03
2026-09-09T12:35:06+00:00	dgx-spark-04	True	1	cmtpeql4y1etk2auhbk9668ry
2026-09-09T12:35:06+00:00	dgx-spark-03	True	1	cmtpsaud71whj2auh0k27ynki
2026-09-09T12:35:06+00:00	dgx-spark-02	True	1	cmtsqj5lz5qd42auh8vvrfn03
2026-09-09T12:35:08+00:00	dgx-spark-04	True	1	cmtpeql4y1etk2auhbk9668ry
2026-09-09T12:35:08+00:00	dgx-spark-03	True	1	cmtpsaud71whj2auh0k27ynki
2026-09-09T12:35:08+00:00	dgx-spark-02	True	1	cmtsqj5lz5qd42auh8vvrfn03
2026-09-09T12:35:10+00:00	dgx-spark-04	True	1	cmtpeql4y1etk2auhbk9668ry
2026-09-09T12:35:10+00:00	dgx-spark-03	True	1	cmtpsaud71whj2auh0k27ynki
2026-09-09T12:35:10+00:00	dgx-spark-02	True	1	cmtsqj5lz5qd42auh8vvrfn03
2026-09-09T12:35:12+00:00	dgx-spark-04	True	1	cmtpeql4y1etk2auhbk9668ry
2026-09-09T12:35:12+00:00	dgx-spark-03	True	1	cmtpsaud71whj2auh0k27ynki
2026-09-09T12:35:12+00:00	dgx-spark-02	True	1	cmtsqj5lz5qd42auh8vvrfn03
2026-09-09T12:35:14+00:00	dgx-spark-04	True	1	cmtpeql4y1etk2auhbk9668ry
2026-09-09T12:35:14+00:00	dgx-spark-03	True	1	cmtpsaud71whj2auh0k27ynki
2026-09-09T12:35:14+00:00	dgx-spark-02	True	1	cmtsqj5lz5qd42auh8vvrfn03
2026-09-09T12:35:16+00:00	dgx-spark-04	True	1	cmtpeql4y1etk2auhbk9668ry
2026-09-09T12:35:16+00:00	dgx-spark-03	True	1	cmtpsaud71whj2auh0k27ynki
2026-09-09T12:35:16+00:00	dgx-spark-02	True	1	cmtsqj5lz5qd42auh8vvrfn03
2026-09-09T12:35:18+00:00	dgx-spark-04	True	1	cmtpeql4y1etk2auhbk9668ry
2026-09-09T12:35:18+00:00	dgx-spark-03	True	1	cmtpsaud71whj2auh0k27ynki
2026-09-09T12:35:18+00:00	dgx-spark-02	True	1	cmtsqj5lz5qd42auh8vvrfn03
2026-09-09T12:35:20+00:00	dgx-spark-04	True	1	cmtpeql4y1etk2auhbk9668ry
2026-09-09T12:35:20+00:00	dgx-spark-03	True	1	cmtpsaud71whj2auh0k27ynki
2026-09-09T12:35:20+00:00	dgx-spark-02	True	1	cmtsqj5lz5qd42auh8vvrfn03
2026-09-09T12:35:22+00:00	dgx-spark-04	True	1	cmtpeql4y1etk2auhbk9668ry
2026-09-09T12:35:22+00:00	dgx-spark-03	True	1	cmtpsaud71whj2auh0k27ynki
2026-09-09T12:35:22+00:00	dgx-spark-02	True	1	cmtsqj5lz5qd42auh8vvrfn03
2026-09-09T12:35:24+00:00	dgx-spark-04	True	1	cmtpeql4y1etk2auhbk9668ry
2026-09-09T12:35:24+00:00	dgx-spark-03	True	1	cmtpsaud71whj2auh0k27ynki
2026-09-09T12:35:24+00:00	dgx-spark-02	True	1	cmtsqj5lz5qd42auh8vvrfn03
2026-09-09T12:35:26+00:00	dgx-spark-04	True	1	cmtpeql4y1etk2auhbk9668ry
2026-09-09T12:35:26+00:00	dgx-spark-03	True	1	cmtpsaud71whj2auh0k27ynki
2026-09-09T12:35:26+00:00	dgx-spark-02	True	1	cmtsqj5lz5qd42auh8vvrfn03
2026-09-09T12:35:28+00:00	dgx-spark-04	True	1	cmtpeql4y1etk2auhbk9668ry
2026-09-09T12:35:28+00:00	dgx-spark-03	True	1	cmtpsaud71whj2auh0k27ynki
2026-09-09T12:35:28+00:00	dgx-spark-02	True	1	cmtsqj5lz5qd42auh8vvrfn03
2026-09-09T12:35:30+00:00	dgx-spark-04	True	1	cmtpeql4y1etk2auhbk9668ry
2026-09-09T12:35:30+00:00	dgx-spark-03	True	1	cmtpsaud71whj2auh0k27ynki
2026-09-09T12:35:30+00:00	dgx-spark-02	True	1	cmtsqj5lz5qd42auh8vvrfn03
2026-09-09T12:35:32+00:00	dgx-spark-04	True	1	cmtpeql4y1etk2auhbk9668ry
2026-09-09T12:35:32+00:00	dgx-spark-03	True	1	cmtpsaud71whj2auh0k27ynki
2026-09-09T12:35:32+00:00	dgx-spark-02	True	1	cmtsqj5lz5qd42auh8vvrfn03
2026-09-09T12:35:34+00:00	dgx-spark-04	True	1	cmtpeql4y1etk2auhbk9668ry
2026-09-09T12:35:34+00:00	dgx-spark-03	True	1	cmtpsaud71whj2auh0k27ynki
2026-09-09T12:35:34+00:00	dgx-spark-02	True	1	cmtsqj5lz5qd42auh8vvrfn03
2026-09-09T12:35:36+00:00	dgx-spark-04	True	1	cmtpeql4y1etk2auhbk9668ry
2026-09-09T12:35:36+00:00	dgx-spark-03	True	1	cmtpsaud71whj2auh0k27ynki
2026-09-09T12:35:36+00:00	dgx-spark-02	True	0	cmtsqj5lz5qd42auh8vvrfn03
2026-09-09T12:35:38+00:00	dgx-spark-04	True	1	cmtpeql4y1etk2auhbk9668ry
2026-09-09T12:35:38+00:00	dgx-spark-03	True	1	cmtpsaud71whj2auh0k27ynki
2026-09-09T12:35:38+00:00	dgx-spark-02	True	1	cmtsqj5lz5qd42auh8vvrfn03
2026-09-09T12:35:40+00:00	dgx-spark-04	True	1	cmtpeql4y1etk2auhbk9668ry
2026-09-09T12:35:40+00:00	dgx-spark-03	True	1	cmtpsaud71whj2auh0k27ynki
2026-09-09T12:35:40+00:00	dgx-spark-02	True	1	cmtsqj5lz5qd42auh8vvrfn03
2026-09-09T12:35:42+00:00	dgx-spark-04	True	1	cmtpeql4y1etk2auhbk9668ry
2026-09-09T12:35:42+00:00	dgx-spark-03	True	1	cmtpsaud71whj2auh0k27ynki
2026-09-09T12:35:42+00:00	dgx-spark-02	True	1	cmtsqj5lz5qd42auh8vvrfn03
2026-09-09T12:35:45+00:00	dgx-spark-04	True	1	cmtpeql4y1etk2auhbk9668ry
2026-09-09T12:35:45+00:00	dgx-spark-03	True	1	cmtpsaud71whj2auh0k27ynki
2026-09-09T12:35:45+00:00	dgx-spark-02	True	1	cmtsqj5lz5qd42auh8vvrfn03
2026-09-09T12:35:47+00:00	dgx-spark-04	True	1	cmtpeql4y1etk2auhbk9668ry
2026-09-09T12:35:47+00:00	dgx-spark-03	True	1	cmtpsaud71whj2auh0k27ynki
2026-09-09T12:35:47+00:00	dgx-spark-02	True	1	cmtsqj5lz5qd42auh8vvrfn03
2026-09-09T12:35:49+00:00	dgx-spark-04	True	0	cmtpeql4y1etk2auhbk9668ry
2026-09-09T12:35:49+00:00	dgx-spark-03	True	1	cmtpsaud71whj2auh0k27ynki
2026-09-09T12:35:49+00:00	dgx-spark-02	True	1	cmtsqj5lz5qd42auh8vvrfn03
2026-09-09T12:35:51+00:00	dgx-spark-04	True	1	cmtpeql4y1etk2auhbk9668ry
2026-09-09T12:35:51+00:00	dgx-spark-03	True	1	cmtpsaud71whj2auh0k27ynki
2026-09-09T12:35:51+00:00	dgx-spark-02	True	1	cmtsqj5lz5qd42auh8vvrfn03
2026-09-09T12:35:53+00:00	dgx-spark-04	True	1	cmtpeql4y1etk2auhbk9668ry
2026-09-09T12:35:53+00:00	dgx-spark-03	True	1	cmtpsaud71whj2auh0k27ynki
2026-09-09T12:35:53+00:00	dgx-spark-02	True	1	cmtsqj5lz5qd42auh8vvrfn03
2026-09-09T12:35:55+00:00	dgx-spark-04	True	1	cmtpeql4y1etk2auhbk9668ry
2026-09-09T12:35:55+00:00	dgx-spark-03	True	1	cmtpsaud71whj2auh0k27ynki
2026-09-09T12:35:55+00:00	dgx-spark-02	True	1	cmtsqj5lz5qd42auh8vvrfn03
2026-09-09T12:35:57+00:00	dgx-spark-04	True	1	cmtpeql4y1etk2auhbk9668ry
2026-09-09T12:35:57+00:00	dgx-spark-03	True	1	cmtpsaud71whj2auh0k27ynki
2026-09-09T12:35:57+00:00	dgx-spark-02	True	1	cmtsqj5lz5qd42auh8vvrfn03
2026-09-09T12:35:59+00:00	dgx-spark-04	True	1	cmtpeql4y1etk2auhbk9668ry
2026-09-09T12:35:59+00:00	dgx-spark-03	True	1	cmtpsaud71whj2auh0k27ynki
2026-09-09T12:35:59+00:00	dgx-spark-02	True	1	cmtsqj5lz5qd42auh8vvrfn03
2026-09-09T12:36:01+00:00	dgx-spark-04	True	1	cmtpeql4y1etk2auhbk9668ry
2026-09-09T12:36:01+00:00	dgx-spark-03	True	1	cmtpsaud71whj2auh0k27ynki
2026-09-09T12:36:01+00:00	dgx-spark-02	True	1	cmtsqj5lz5qd42auh8vvrfn03
2026-09-09T12:36:03+00:00	dgx-spark-04	True	1	cmtpeql4y1etk2auhbk9668ry
2026-09-09T12:36:03+00:00	dgx-spark-03	True	1	cmtpsaud71whj2auh0k27ynki
2026-09-09T12:36:03+00:00	dgx-spark-02	True	1	cmtsqj5lz5qd42auh8vvrfn03
2026-09-09T12:36:05+00:00	dgx-spark-04	True	1	cmtpeql4y1etk2auhbk9668ry
2026-09-09T12:36:05+00:00	dgx-spark-03	True	1	cmtpsaud71whj2auh0k27ynki
2026-09-09T12:36:05+00:00	dgx-spark-02	True	1	cmtsqj5lz5qd42auh8vvrfn03
2026-09-09T12:36:07+00:00	dgx-spark-04	True	1	cmtpeql4y1etk2auhbk9668ry
2026-09-09T12:36:07+00:00	dgx-spark-03	True	1	cmtpsaud71whj2auh0k27ynki
2026-09-09T12:36:07+00:00	dgx-spark-02	True	1	cmtsqj5lz5qd42auh8vvrfn03
2026-09-09T12:36:09+00:00	dgx-spark-04	True	1	cmtpeql4y1etk2auhbk9668ry
2026-09-09T12:36:09+00:00	dgx-spark-03	True	1	cmtpsaud71whj2auh0k27ynki
2026-09-09T12:36:09+00:00	dgx-spark-02	True	1	cmtsqj5lz5qd42auh8vvrfn03
2026-09-09T12:36:11+00:00	dgx-spark-04	True	1	cmtpeql4y1etk2auhbk9668ry
2026-09-09T12:36:11+00:00	dgx-spark-03	True	1	cmtpsaud71whj2auh0k27ynki
2026-09-09T12:36:11+00:00	dgx-spark-02	True	1	cmtsqj5lz5qd42auh8vvrfn03
2026-09-09T12:36:13+00:00	dgx-spark-04	True	1	cmtpeql4y1etk2auhbk9668ry
2026-09-09T12:36:13+00:00	dgx-spark-03	True	1	cmtpsaud71whj2auh0k27ynki
2026-09-09T12:36:13+00:00	dgx-spark-02	True	1	cmtsqj5lz5qd42auh8vvrfn03
2026-09-09T12:36:15+00:00	dgx-spark-04	True	1	cmtpeql4y1etk2auhbk9668ry
2026-09-09T12:36:15+00:00	dgx-spark-03	True	1	cmtpsaud71whj2auh0k27ynki
2026-09-09T12:36:15+00:00	dgx-spark-02	True	1	cmtsqj5lz5qd42auh8vvrfn03
2026-09-09T12:36:17+00:00	dgx-spark-04	True	1	cmtpeql4y1etk2auhbk9668ry
2026-09-09T12:36:17+00:00	dgx-spark-03	True	1	cmtpsaud71whj2auh0k27ynki
2026-09-09T12:36:17+00:00	dgx-spark-02	True	1	cmtsqj5lz5qd42auh8vvrfn03
2026-09-09T12:36:19+00:00	dgx-spark-04	True	1	cmtpeql4y1etk2auhbk9668ry
2026-09-09T12:36:19+00:00	dgx-spark-03	True	1	cmtpsaud71whj2auh0k27ynki
2026-09-09T12:36:19+00:00	dgx-spark-02	True	1	cmtsqj5lz5qd42auh8vvrfn03
2026-09-09T12:36:21+00:00	dgx-spark-04	True	1	cmtpeql4y1etk2auhbk9668ry
2026-09-09T12:36:21+00:00	dgx-spark-03	True	1	cmtpsaud71whj2auh0k27ynki
2026-09-09T12:36:21+00:00	dgx-spark-02	True	1	cmtsqj5lz5qd42auh8vvrfn03
2026-09-09T12:36:23+00:00	dgx-spark-04	True	1	cmtpeql4y1etk2auhbk9668ry
2026-09-09T12:36:23+00:00	dgx-spark-03	True	1	cmtpsaud71whj2auh0k27ynki
2026-09-09T12:36:23+00:00	dgx-spark-02	True	1	cmtsqj5lz5qd42auh8vvrfn03
2026-09-09T12:36:25+00:00	dgx-spark-04	True	1	cmtpeql4y1etk2auhbk9668ry
2026-09-09T12:36:25+00:00	dgx-spark-03	True	1	cmtpsaud71whj2auh0k27ynki
2026-09-09T12:36:25+00:00	dgx-spark-02	True	1	cmtsqj5lz5qd42auh8vvrfn03
2026-09-09T12:36:27+00:00	dgx-spark-04	True	1	cmtpeql4y1etk2auhbk9668ry
2026-09-09T12:36:27+00:00	dgx-spark-03	True	1	cmtpsaud71whj2auh0k27ynki
2026-09-09T12:36:27+00:00	dgx-spark-02	True	1	cmtsqj5lz5qd42auh8vvrfn03
2026-09-09T12:36:29+00:00	dgx-spark-04	True	1	cmtpeql4y1etk2auhbk9668ry
2026-09-09T12:36:29+00:00	dgx-spark-03	True	1	cmtpsaud71whj2auh0k27ynki
2026-09-09T12:36:29+00:00	dgx-spark-02	True	1	cmtsqj5lz5qd42auh8vvrfn03
2026-09-09T12:36:31+00:00	dgx-spark-04	True	1	cmtpeql4y1etk2auhbk9668ry
2026-09-09T12:36:31+00:00	dgx-spark-03	True	1	cmtpsaud71whj2auh0k27ynki
2026-09-09T12:36:31+00:00	dgx-spark-02	True	1	cmtsqj5lz5qd42auh8vvrfn03
2026-09-09T12:36:33+00:00	dgx-spark-04	True	1	cmtpeql4y1etk2auhbk9668ry
2026-09-09T12:36:33+00:00	dgx-spark-03	True	1	cmtpsaud71whj2auh0k27ynki
2026-09-09T12:36:33+00:00	dgx-spark-02	True	1	cmtsqj5lz5qd42auh8vvrfn03
2026-09-09T12:36:35+00:00	dgx-spark-04	True	1	cmtpeql4y1etk2auhbk9668ry
2026-09-09T12:36:35+00:00	dgx-spark-03	True	1	cmtpsaud71whj2auh0k27ynki
2026-09-09T12:36:35+00:00	dgx-spark-02	True	1	cmtsqj5lz5qd42auh8vvrfn03
2026-09-09T12:36:37+00:00	dgx-spark-04	True	1	cmtpeql4y1etk2auhbk9668ry
2026-09-09T12:36:37+00:00	dgx-spark-03	True	1	cmtpsaud71whj2auh0k27ynki
2026-09-09T12:36:37+00:00	dgx-spark-02	True	1	cmtsqj5lz5qd42auh8vvrfn03
2026-09-09T12:36:39+00:00	dgx-spark-04	True	1	cmtpeql4y1etk2auhbk9668ry
2026-09-09T12:36:39+00:00	dgx-spark-03	True	1	cmtpsaud71whj2auh0k27ynki
2026-09-09T12:36:39+00:00	dgx-spark-02	True	1	cmtsqj5lz5qd42auh8vvrfn03
2026-09-09T12:36:41+00:00	dgx-spark-04	True	1	cmtpeql4y1etk2auhbk9668ry
2026-09-09T12:36:41+00:00	dgx-spark-03	True	1	cmtpsaud71whj2auh0k27ynki
2026-09-09T12:36:41+00:00	dgx-spark-02	True	1	cmtsqj5lz5qd42auh8vvrfn03
2026-09-09T12:36:43+00:00	dgx-spark-04	True	1	cmtpeql4y1etk2auhbk9668ry
2026-09-09T12:36:43+00:00	dgx-spark-03	True	1	cmtpsaud71whj2auh0k27ynki
2026-09-09T12:36:43+00:00	dgx-spark-02	True	1	cmtsqj5lz5qd42auh8vvrfn03
2026-09-09T12:36:45+00:00	dgx-spark-04	True	1	cmtpeql4y1etk2auhbk9668ry
2026-09-09T12:36:45+00:00	dgx-spark-03	True	1	cmtpsaud71whj2auh0k27ynki
2026-09-09T12:36:45+00:00	dgx-spark-02	True	1	cmtsqj5lz5qd42auh8vvrfn03
2026-09-09T12:36:47+00:00	dgx-spark-04	True	1	cmtpeql4y1etk2auhbk9668ry
2026-09-09T12:36:47+00:00	dgx-spark-03	True	1	cmtpsaud71whj2auh0k27ynki
2026-09-09T12:36:47+00:00	dgx-spark-02	True	1	cmtsqj5lz5qd42auh8vvrfn03
2026-09-09T12:36:49+00:00	dgx-spark-04	True	1	cmtpeql4y1etk2auhbk9668ry
2026-09-09T12:36:49+00:00	dgx-spark-03	True	1	cmtpsaud71whj2auh0k27ynki
2026-09-09T12:36:49+00:00	dgx-spark-02	True	1	cmtsqj5lz5qd42auh8vvrfn03
2026-09-09T12:36:51+00:00	dgx-spark-04	True	1	cmtpeql4y1etk2auhbk9668ry
2026-09-09T12:36:51+00:00	dgx-spark-03	True	1	cmtpsaud71whj2auh0k27ynki
2026-09-09T12:36:51+00:00	dgx-spark-02	True	1	cmtsqj5lz5qd42auh8vvrfn03
2026-09-09T12:36:53+00:00	dgx-spark-04	True	1	cmtpeql4y1etk2auhbk9668ry
2026-09-09T12:36:53+00:00	dgx-spark-03	True	1	cmtpsaud71whj2auh0k27ynki
2026-09-09T12:36:53+00:00	dgx-spark-02	True	1	cmtsqj5lz5qd42auh8vvrfn03
2026-09-09T12:36:55+00:00	dgx-spark-04	True	1	cmtpeql4y1etk2auhbk9668ry
2026-09-09T12:36:55+00:00	dgx-spark-03	True	1	cmtpsaud71whj2auh0k27ynki
2026-09-09T12:36:55+00:00	dgx-spark-02	True	1	cmtsqj5lz5qd42auh8vvrfn03
2026-09-09T12:36:57+00:00	dgx-spark-04	True	1	cmtpeql4y1etk2auhbk9668ry
2026-09-09T12:36:57+00:00	dgx-spark-03	True	1	cmtpsaud71whj2auh0k27ynki
2026-09-09T12:36:57+00:00	dgx-spark-02	True	1	cmtsqj5lz5qd42auh8vvrfn03
2026-09-09T12:36:59+00:00	dgx-spark-04	True	1	cmtpeql4y1etk2auhbk9668ry
2026-09-09T12:36:59+00:00	dgx-spark-03	True	1	cmtpsaud71whj2auh0k27ynki
2026-09-09T12:36:59+00:00	dgx-spark-02	True	1	cmtsqj5lz5qd42auh8vvrfn03
2026-09-09T12:37:01+00:00	dgx-spark-04	True	1	cmtpeql4y1etk2auhbk9668ry
2026-09-09T12:37:01+00:00	dgx-spark-03	True	1	cmtpsaud71whj2auh0k27ynki
2026-09-09T12:37:01+00:00	dgx-spark-02	True	1	cmtsqj5lz5qd42auh8vvrfn03
2026-09-09T12:37:03+00:00	dgx-spark-04	True	1	cmtpeql4y1etk2auhbk9668ry
2026-09-09T12:37:03+00:00	dgx-spark-03	True	1	cmtpsaud71whj2auh0k27ynki
2026-09-09T12:37:03+00:00	dgx-spark-02	True	1	cmtsqj5lz5qd42auh8vvrfn03
2026-09-09T12:37:05+00:00	dgx-spark-04	True	1	cmtpeql4y1etk2auhbk9668ry
2026-09-09T12:37:05+00:00	dgx-spark-03	True	1	cmtpsaud71whj2auh0k27ynki
2026-09-09T12:37:05+00:00	dgx-spark-02	True	1	cmtsqj5lz5qd42auh8vvrfn03
2026-09-09T12:37:07+00:00	dgx-spark-04	True	1	cmtpeql4y1etk2auhbk9668ry
2026-09-09T12:37:07+00:00	dgx-spark-03	True	1	cmtpsaud71whj2auh0k27ynki
2026-09-09T12:37:07+00:00	dgx-spark-02	True	1	cmtsqj5lz5qd42auh8vvrfn03
2026-09-09T12:37:09+00:00	dgx-spark-04	True	1	cmtpeql4y1etk2auhbk9668ry
2026-09-09T12:37:09+00:00	dgx-spark-03	True	1	cmtpsaud71whj2auh0k27ynki
2026-09-09T12:37:09+00:00	dgx-spark-02	True	1	cmtsqj5lz5qd42auh8vvrfn03
2026-09-09T12:37:11+00:00	dgx-spark-04	True	1	cmtpeql4y1etk2auhbk9668ry
2026-09-09T12:37:11+00:00	dgx-spark-03	True	1	cmtpsaud71whj2auh0k27ynki
2026-09-09T12:37:11+00:00	dgx-spark-02	True	1	cmtsqj5lz5qd42auh8vvrfn03
2026-09-09T12:37:13+00:00	dgx-spark-04	True	1	cmtpeql4y1etk2auhbk9668ry
2026-09-09T12:37:13+00:00	dgx-spark-03	True	1	cmtpsaud71whj2auh0k27ynki
2026-09-09T12:37:13+00:00	dgx-spark-02	True	1	cmtsqj5lz5qd42auh8vvrfn03
2026-09-09T12:37:15+00:00	dgx-spark-04	True	1	cmtpeql4y1etk2auhbk9668ry
2026-09-09T12:37:15+00:00	dgx-spark-03	True	1	cmtpsaud71whj2auh0k27ynki
2026-09-09T12:37:15+00:00	dgx-spark-02	True	1	cmtsqj5lz5qd42auh8vvrfn03
2026-09-09T12:37:17+00:00	dgx-spark-04	True	1	cmtpeql4y1etk2auhbk9668ry
2026-09-09T12:37:17+00:00	dgx-spark-03	True	1	cmtpsaud71whj2auh0k27ynki
2026-09-09T12:37:17+00:00	dgx-spark-02	True	1	cmtsqj5lz5qd42auh8vvrfn03
2026-09-09T12:37:19+00:00	dgx-spark-04	True	1	cmtpeql4y1etk2auhbk9668ry
2026-09-09T12:37:19+00:00	dgx-spark-03	True	1	cmtpsaud71whj2auh0k27ynki
2026-09-09T12:37:19+00:00	dgx-spark-02	True	1	cmtsqj5lz5qd42auh8vvrfn03
2026-09-09T12:37:22+00:00	dgx-spark-04	True	1	cmtpeql4y1etk2auhbk9668ry
2026-09-09T12:37:22+00:00	dgx-spark-03	True	1	cmtpsaud71whj2auh0k27ynki
2026-09-09T12:37:22+00:00	dgx-spark-02	True	1	cmtsqj5lz5qd42auh8vvrfn03
2026-09-09T12:37:24+00:00	dgx-spark-04	True	1	cmtpeql4y1etk2auhbk9668ry
2026-09-09T12:37:24+00:00	dgx-spark-03	True	1	cmtpsaud71whj2auh0k27ynki
2026-09-09T12:37:24+00:00	dgx-spark-02	True	1	cmtsqj5lz5qd42auh8vvrfn03
2026-09-09T12:37:26+00:00	dgx-spark-04	True	1	cmtpeql4y1etk2auhbk9668ry
2026-09-09T12:37:26+00:00	dgx-spark-03	True	1	cmtpsaud71whj2auh0k27ynki
2026-09-09T12:37:26+00:00	dgx-spark-02	True	1	cmtsqj5lz5qd42auh8vvrfn03
2026-09-09T12:37:28+00:00	dgx-spark-04	True	1	cmtpeql4y1etk2auhbk9668ry
2026-09-09T12:37:28+00:00	dgx-spark-03	True	1	cmtpsaud71whj2auh0k27ynki
2026-09-09T12:37:28+00:00	dgx-spark-02	True	1	cmtsqj5lz5qd42auh8vvrfn03
2026-09-09T12:37:30+00:00	dgx-spark-04	True	1	cmtpeql4y1etk2auhbk9668ry
2026-09-09T12:37:30+00:00	dgx-spark-03	True	1	cmtpsaud71whj2auh0k27ynki
2026-09-09T12:37:30+00:00	dgx-spark-02	True	1	cmtsqj5lz5qd42auh8vvrfn03
2026-09-09T12:37:32+00:00	dgx-spark-04	True	1	cmtpeql4y1etk2auhbk9668ry
2026-09-09T12:37:32+00:00	dgx-spark-03	True	1	cmtpsaud71whj2auh0k27ynki
2026-09-09T12:37:32+00:00	dgx-spark-02	True	1	cmtsqj5lz5qd42auh8vvrfn03
2026-09-09T12:37:34+00:00	dgx-spark-04	True	1	cmtpeql4y1etk2auhbk9668ry
2026-09-09T12:37:34+00:00	dgx-spark-03	True	1	cmtpsaud71whj2auh0k27ynki
2026-09-09T12:37:34+00:00	dgx-spark-02	True	1	cmtsqj5lz5qd42auh8vvrfn03
2026-09-09T12:37:36+00:00	dgx-spark-04	True	1	cmtpeql4y1etk2auhbk9668ry
2026-09-09T12:37:36+00:00	dgx-spark-03	True	1	cmtpsaud71whj2auh0k27ynki
2026-09-09T12:37:36+00:00	dgx-spark-02	True	1	cmtsqj5lz5qd42auh8vvrfn03
2026-09-09T12:37:38+00:00	dgx-spark-04	True	1	cmtpeql4y1etk2auhbk9668ry
2026-09-09T12:37:38+00:00	dgx-spark-03	True	1	cmtpsaud71whj2auh0k27ynki
2026-09-09T12:37:38+00:00	dgx-spark-02	True	1	cmtsqj5lz5qd42auh8vvrfn03
2026-09-09T12:37:40+00:00	dgx-spark-04	True	1	cmtpeql4y1etk2auhbk9668ry
2026-09-09T12:37:40+00:00	dgx-spark-03	True	1	cmtpsaud71whj2auh0k27ynki
2026-09-09T12:37:40+00:00	dgx-spark-02	True	1	cmtsqj5lz5qd42auh8vvrfn03
2026-09-09T12:37:42+00:00	dgx-spark-04	True	1	cmtpeql4y1etk2auhbk9668ry
2026-09-09T12:37:42+00:00	dgx-spark-03	True	1	cmtpsaud71whj2auh0k27ynki
2026-09-09T12:37:42+00:00	dgx-spark-02	True	1	cmtsqj5lz5qd42auh8vvrfn03
2026-09-09T12:37:44+00:00	dgx-spark-04	True	1	cmtpeql4y1etk2auhbk9668ry
2026-09-09T12:37:44+00:00	dgx-spark-03	True	1	cmtpsaud71whj2auh0k27ynki
2026-09-09T12:37:44+00:00	dgx-spark-02	True	1	cmtsqj5lz5qd42auh8vvrfn03
2026-09-09T12:37:46+00:00	dgx-spark-04	True	1	cmtpeql4y1etk2auhbk9668ry
2026-09-09T12:37:46+00:00	dgx-spark-03	True	1	cmtpsaud71whj2auh0k27ynki
2026-09-09T12:37:46+00:00	dgx-spark-02	True	1	cmtsqj5lz5qd42auh8vvrfn03
2026-09-09T12:37:48+00:00	dgx-spark-04	True	1	cmtpeql4y1etk2auhbk9668ry
2026-09-09T12:37:48+00:00	dgx-spark-03	True	1	cmtpsaud71whj2auh0k27ynki
2026-09-09T12:37:48+00:00	dgx-spark-02	True	1	cmtsqj5lz5qd42auh8vvrfn03
2026-09-09T12:37:50+00:00	dgx-spark-04	True	1	cmtpeql4y1etk2auhbk9668ry
2026-09-09T12:37:50+00:00	dgx-spark-03	True	1	cmtpsaud71whj2auh0k27ynki
2026-09-09T12:37:50+00:00	dgx-spark-02	True	1	cmtsqj5lz5qd42auh8vvrfn03
2026-09-09T12:37:52+00:00	dgx-spark-04	True	1	cmtpeql4y1etk2auhbk9668ry
2026-09-09T12:37:52+00:00	dgx-spark-03	True	1	cmtpsaud71whj2auh0k27ynki
2026-09-09T12:37:52+00:00	dgx-spark-02	True	1	cmtsqj5lz5qd42auh8vvrfn03
2026-09-09T12:37:54+00:00	dgx-spark-04	True	1	cmtpeql4y1etk2auhbk9668ry
2026-09-09T12:37:54+00:00	dgx-spark-03	True	1	cmtpsaud71whj2auh0k27ynki
2026-09-09T12:37:54+00:00	dgx-spark-02	True	1	cmtsqj5lz5qd42auh8vvrfn03
2026-09-09T12:37:56+00:00	dgx-spark-04	True	1	cmtpeql4y1etk2auhbk9668ry
2026-09-09T12:37:56+00:00	dgx-spark-03	True	1	cmtpsaud71whj2auh0k27ynki
2026-09-09T12:37:56+00:00	dgx-spark-02	True	1	cmtsqj5lz5qd42auh8vvrfn03
2026-09-09T12:37:58+00:00	dgx-spark-04	True	1	cmtpeql4y1etk2auhbk9668ry
2026-09-09T12:37:58+00:00	dgx-spark-03	True	1	cmtpsaud71whj2auh0k27ynki
2026-09-09T12:37:58+00:00	dgx-spark-02	True	1	cmtsqj5lz5qd42auh8vvrfn03
2026-09-09T12:38:00+00:00	dgx-spark-04	True	1	cmtpeql4y1etk2auhbk9668ry
2026-09-09T12:38:00+00:00	dgx-spark-03	True	1	cmtpsaud71whj2auh0k27ynki
2026-09-09T12:38:00+00:00	dgx-spark-02	True	1	cmtsqj5lz5qd42auh8vvrfn03
2026-09-09T12:38:02+00:00	dgx-spark-04	True	1	cmtpeql4y1etk2auhbk9668ry
2026-09-09T12:38:02+00:00	dgx-spark-03	True	1	cmtpsaud71whj2auh0k27ynki
2026-09-09T12:38:02+00:00	dgx-spark-02	True	1	cmtsqj5lz5qd42auh8vvrfn03
2026-09-09T12:38:04+00:00	dgx-spark-04	True	1	cmtpeql4y1etk2auhbk9668ry
2026-09-09T12:38:04+00:00	dgx-spark-03	True	1	cmtpsaud71whj2auh0k27ynki
2026-09-09T12:38:04+00:00	dgx-spark-02	True	1	cmtsqj5lz5qd42auh8vvrfn03
2026-09-09T12:38:06+00:00	dgx-spark-04	True	1	cmtpeql4y1etk2auhbk9668ry
2026-09-09T12:38:06+00:00	dgx-spark-03	True	1	cmtpsaud71whj2auh0k27ynki
2026-09-09T12:38:06+00:00	dgx-spark-02	True	1	cmtsqj5lz5qd42auh8vvrfn03
2026-09-09T12:38:08+00:00	dgx-spark-04	True	1	cmtpeql4y1etk2auhbk9668ry
2026-09-09T12:38:08+00:00	dgx-spark-03	True	1	cmtpsaud71whj2auh0k27ynki
2026-09-09T12:38:08+00:00	dgx-spark-02	True	1	cmtsqj5lz5qd42auh8vvrfn03
2026-09-09T12:38:10+00:00	dgx-spark-04	True	1	cmtpeql4y1etk2auhbk9668ry
2026-09-09T12:38:10+00:00	dgx-spark-03	True	1	cmtpsaud71whj2auh0k27ynki
2026-09-09T12:38:10+00:00	dgx-spark-02	True	1	cmtsqj5lz5qd42auh8vvrfn03
2026-09-09T12:38:12+00:00	dgx-spark-04	True	1	cmtpeql4y1etk2auhbk9668ry
2026-09-09T12:38:12+00:00	dgx-spark-03	True	1	cmtpsaud71whj2auh0k27ynki
2026-09-09T12:38:12+00:00	dgx-spark-02	True	1	cmtsqj5lz5qd42auh8vvrfn03
2026-09-09T12:38:14+00:00	dgx-spark-04	True	1	cmtpeql4y1etk2auhbk9668ry
2026-09-09T12:38:14+00:00	dgx-spark-03	True	1	cmtpsaud71whj2auh0k27ynki
2026-09-09T12:38:14+00:00	dgx-spark-02	True	1	cmtsqj5lz5qd42auh8vvrfn03
2026-09-09T12:38:16+00:00	dgx-spark-04	True	1	cmtpeql4y1etk2auhbk9668ry
2026-09-09T12:38:16+00:00	dgx-spark-03	True	1	cmtpsaud71whj2auh0k27ynki
2026-09-09T12:38:16+00:00	dgx-spark-02	True	1	cmtsqj5lz5qd42auh8vvrfn03
2026-09-09T12:38:18+00:00	dgx-spark-04	True	1	cmtpeql4y1etk2auhbk9668ry
2026-09-09T12:38:18+00:00	dgx-spark-03	True	1	cmtpsaud71whj2auh0k27ynki
2026-09-09T12:38:18+00:00	dgx-spark-02	True	1	cmtsqj5lz5qd42auh8vvrfn03
2026-09-09T12:38:20+00:00	dgx-spark-04	True	1	cmtpeql4y1etk2auhbk9668ry
2026-09-09T12:38:20+00:00	dgx-spark-03	True	1	cmtpsaud71whj2auh0k27ynki
2026-09-09T12:38:20+00:00	dgx-spark-02	True	1	cmtsqj5lz5qd42auh8vvrfn03
2026-09-09T12:38:22+00:00	dgx-spark-04	True	1	cmtpeql4y1etk2auhbk9668ry
2026-09-09T12:38:22+00:00	dgx-spark-03	True	1	cmtpsaud71whj2auh0k27ynki
2026-09-09T12:38:22+00:00	dgx-spark-02	True	1	cmtsqj5lz5qd42auh8vvrfn03
2026-09-09T12:38:24+00:00	dgx-spark-04	True	1	cmtpeql4y1etk2auhbk9668ry
2026-09-09T12:38:24+00:00	dgx-spark-03	True	1	cmtpsaud71whj2auh0k27ynki
2026-09-09T12:38:24+00:00	dgx-spark-02	True	1	cmtsqj5lz5qd42auh8vvrfn03
2026-09-09T12:38:26+00:00	dgx-spark-04	True	1	cmtpeql4y1etk2auhbk9668ry
2026-09-09T12:38:26+00:00	dgx-spark-03	True	1	cmtpsaud71whj2auh0k27ynki
2026-09-09T12:38:26+00:00	dgx-spark-02	True	1	cmtsqj5lz5qd42auh8vvrfn03
2026-09-09T12:38:28+00:00	dgx-spark-04	True	1	cmtpeql4y1etk2auhbk9668ry
2026-09-09T12:38:28+00:00	dgx-spark-03	True	1	cmtpsaud71whj2auh0k27ynki
2026-09-09T12:38:28+00:00	dgx-spark-02	True	1	cmtsqj5lz5qd42auh8vvrfn03
2026-09-09T12:38:30+00:00	dgx-spark-04	True	1	cmtpeql4y1etk2auhbk9668ry
2026-09-09T12:38:30+00:00	dgx-spark-03	True	1	cmtpsaud71whj2auh0k27ynki
2026-09-09T12:38:30+00:00	dgx-spark-02	True	1	cmtsqj5lz5qd42auh8vvrfn03
2026-09-09T12:38:32+00:00	dgx-spark-04	True	1	cmtpeql4y1etk2auhbk9668ry
2026-09-09T12:38:32+00:00	dgx-spark-03	True	1	cmtpsaud71whj2auh0k27ynki
2026-09-09T12:38:32+00:00	dgx-spark-02	True	1	cmtsqj5lz5qd42auh8vvrfn03
2026-09-09T12:38:34+00:00	dgx-spark-04	True	1	cmtpeql4y1etk2auhbk9668ry
2026-09-09T12:38:34+00:00	dgx-spark-03	True	1	cmtpsaud71whj2auh0k27ynki
2026-09-09T12:38:34+00:00	dgx-spark-02	True	1	cmtsqj5lz5qd42auh8vvrfn03
2026-09-09T12:38:36+00:00	dgx-spark-04	True	1	cmtpeql4y1etk2auhbk9668ry
2026-09-09T12:38:36+00:00	dgx-spark-03	True	1	cmtpsaud71whj2auh0k27ynki
2026-09-09T12:38:36+00:00	dgx-spark-02	True	1	cmtsqj5lz5qd42auh8vvrfn03
2026-09-09T12:38:38+00:00	dgx-spark-04	True	1	cmtpeql4y1etk2auhbk9668ry
2026-09-09T12:38:38+00:00	dgx-spark-03	True	1	cmtpsaud71whj2auh0k27ynki
2026-09-09T12:38:38+00:00	dgx-spark-02	True	1	cmtsqj5lz5qd42auh8vvrfn03
2026-09-09T12:38:40+00:00	dgx-spark-04	True	1	cmtpeql4y1etk2auhbk9668ry
2026-09-09T12:38:40+00:00	dgx-spark-03	True	1	cmtpsaud71whj2auh0k27ynki
2026-09-09T12:38:40+00:00	dgx-spark-02	True	1	cmtsqj5lz5qd42auh8vvrfn03
2026-09-09T12:38:42+00:00	dgx-spark-04	True	1	cmtpeql4y1etk2auhbk9668ry
2026-09-09T12:38:42+00:00	dgx-spark-03	True	1	cmtpsaud71whj2auh0k27ynki
2026-09-09T12:38:42+00:00	dgx-spark-02	True	1	cmtsqj5lz5qd42auh8vvrfn03
2026-09-09T12:38:44+00:00	dgx-spark-04	True	1	cmtpeql4y1etk2auhbk9668ry
2026-09-09T12:38:44+00:00	dgx-spark-03	True	1	cmtpsaud71whj2auh0k27ynki
2026-09-09T12:38:44+00:00	dgx-spark-02	True	1	cmtsqj5lz5qd42auh8vvrfn03
2026-09-09T12:38:46+00:00	dgx-spark-04	True	1	cmtpeql4y1etk2auhbk9668ry
2026-09-09T12:38:46+00:00	dgx-spark-03	True	1	cmtpsaud71whj2auh0k27ynki
2026-09-09T12:38:46+00:00	dgx-spark-02	True	1	cmtsqj5lz5qd42auh8vvrfn03
2026-09-09T12:38:48+00:00	dgx-spark-04	True	1	cmtpeql4y1etk2auhbk9668ry
2026-09-09T12:38:48+00:00	dgx-spark-03	True	1	cmtpsaud71whj2auh0k27ynki
2026-09-09T12:38:48+00:00	dgx-spark-02	True	1	cmtsqj5lz5qd42auh8vvrfn03
2026-09-09T12:38:50+00:00	dgx-spark-04	True	1	cmtpeql4y1etk2auhbk9668ry
2026-09-09T12:38:50+00:00	dgx-spark-03	True	1	cmtpsaud71whj2auh0k27ynki
2026-09-09T12:38:50+00:00	dgx-spark-02	True	1	cmtsqj5lz5qd42auh8vvrfn03
2026-09-09T12:38:52+00:00	dgx-spark-04	True	1	cmtpeql4y1etk2auhbk9668ry
2026-09-09T12:38:52+00:00	dgx-spark-03	True	1	cmtpsaud71whj2auh0k27ynki
2026-09-09T12:38:52+00:00	dgx-spark-02	True	1	cmtsqj5lz5qd42auh8vvrfn03
2026-09-09T12:38:54+00:00	dgx-spark-04	True	1	cmtpeql4y1etk2auhbk9668ry
2026-09-09T12:38:54+00:00	dgx-spark-03	True	1	cmtpsaud71whj2auh0k27ynki
2026-09-09T12:38:54+00:00	dgx-spark-02	True	1	cmtsqj5lz5qd42auh8vvrfn03
2026-09-09T12:38:57+00:00	dgx-spark-04	True	1	cmtpeql4y1etk2auhbk9668ry
2026-09-09T12:38:57+00:00	dgx-spark-03	True	1	cmtpsaud71whj2auh0k27ynki
2026-09-09T12:38:57+00:00	dgx-spark-02	True	1	cmtsqj5lz5qd42auh8vvrfn03
2026-09-09T12:38:59+00:00	dgx-spark-04	True	1	cmtpeql4y1etk2auhbk9668ry
2026-09-09T12:38:59+00:00	dgx-spark-03	True	1	cmtpsaud71whj2auh0k27ynki
2026-09-09T12:38:59+00:00	dgx-spark-02	True	1	cmtsqj5lz5qd42auh8vvrfn03
2026-09-09T12:39:01+00:00	dgx-spark-04	True	1	cmtpeql4y1etk2auhbk9668ry
2026-09-09T12:39:01+00:00	dgx-spark-03	True	1	cmtpsaud71whj2auh0k27ynki
2026-09-09T12:39:01+00:00	dgx-spark-02	True	1	cmtsqj5lz5qd42auh8vvrfn03
2026-09-09T12:39:03+00:00	dgx-spark-04	True	1	cmtpeql4y1etk2auhbk9668ry
2026-09-09T12:39:03+00:00	dgx-spark-03	True	1	cmtpsaud71whj2auh0k27ynki
2026-09-09T12:39:03+00:00	dgx-spark-02	True	1	cmtsqj5lz5qd42auh8vvrfn03
2026-09-09T12:39:05+00:00	dgx-spark-04	True	1	cmtpeql4y1etk2auhbk9668ry
2026-09-09T12:39:05+00:00	dgx-spark-03	True	1	cmtpsaud71whj2auh0k27ynki
2026-09-09T12:39:05+00:00	dgx-spark-02	True	1	cmtsqj5lz5qd42auh8vvrfn03
2026-09-09T12:39:07+00:00	dgx-spark-04	True	1	cmtpeql4y1etk2auhbk9668ry
2026-09-09T12:39:07+00:00	dgx-spark-03	True	1	cmtpsaud71whj2auh0k27ynki
2026-09-09T12:39:07+00:00	dgx-spark-02	True	1	cmtsqj5lz5qd42auh8vvrfn03
2026-09-09T12:39:09+00:00	dgx-spark-04	True	1	cmtpeql4y1etk2auhbk9668ry
2026-09-09T12:39:09+00:00	dgx-spark-03	True	0	cmtpsaud71whj2auh0k27ynki
2026-09-09T12:39:09+00:00	dgx-spark-02	True	1	cmtsqj5lz5qd42auh8vvrfn03
2026-09-09T12:39:11+00:00	dgx-spark-04	True	1	cmtpeql4y1etk2auhbk9668ry
2026-09-09T12:39:11+00:00	dgx-spark-03	True	1	cmtpsaud71whj2auh0k27ynki
2026-09-09T12:39:11+00:00	dgx-spark-02	True	1	cmtsqj5lz5qd42auh8vvrfn03
2026-09-09T12:39:13+00:00	dgx-spark-04	True	1	cmtpeql4y1etk2auhbk9668ry
2026-09-09T12:39:13+00:00	dgx-spark-03	True	1	cmtpsaud71whj2auh0k27ynki
2026-09-09T12:39:13+00:00	dgx-spark-02	True	1	cmtsqj5lz5qd42auh8vvrfn03
2026-09-09T12:39:15+00:00	dgx-spark-04	True	1	cmtpeql4y1etk2auhbk9668ry
2026-09-09T12:39:15+00:00	dgx-spark-03	True	1	cmtpsaud71whj2auh0k27ynki
2026-09-09T12:39:15+00:00	dgx-spark-02	True	1	cmtsqj5lz5qd42auh8vvrfn03
2026-09-09T12:39:17+00:00	dgx-spark-04	True	1	cmtpeql4y1etk2auhbk9668ry
2026-09-09T12:39:17+00:00	dgx-spark-03	True	1	cmtpsaud71whj2auh0k27ynki
2026-09-09T12:39:17+00:00	dgx-spark-02	True	1	cmtsqj5lz5qd42auh8vvrfn03
2026-09-09T12:39:19+00:00	dgx-spark-04	True	1	cmtpeql4y1etk2auhbk9668ry
2026-09-09T12:39:19+00:00	dgx-spark-03	True	1	cmtpsaud71whj2auh0k27ynki
2026-09-09T12:39:19+00:00	dgx-spark-02	True	1	cmtsqj5lz5qd42auh8vvrfn03
2026-09-09T12:39:21+00:00	dgx-spark-04	True	1	cmtpeql4y1etk2auhbk9668ry
2026-09-09T12:39:21+00:00	dgx-spark-03	True	1	cmtpsaud71whj2auh0k27ynki
2026-09-09T12:39:21+00:00	dgx-spark-02	True	1	cmtsqj5lz5qd42auh8vvrfn03
2026-09-09T12:39:23+00:00	dgx-spark-04	True	1	cmtpeql4y1etk2auhbk9668ry
2026-09-09T12:39:23+00:00	dgx-spark-03	True	1	cmtpsaud71whj2auh0k27ynki
2026-09-09T12:39:23+00:00	dgx-spark-02	True	1	cmtsqj5lz5qd42auh8vvrfn03
2026-09-09T12:39:25+00:00	dgx-spark-04	True	1	cmtpeql4y1etk2auhbk9668ry
2026-09-09T12:39:25+00:00	dgx-spark-03	True	1	cmtpsaud71whj2auh0k27ynki
2026-09-09T12:39:25+00:00	dgx-spark-02	True	1	cmtsqj5lz5qd42auh8vvrfn03
2026-09-09T12:39:27+00:00	dgx-spark-04	True	1	cmtpeql4y1etk2auhbk9668ry
2026-09-09T12:39:27+00:00	dgx-spark-03	True	1	cmtpsaud71whj2auh0k27ynki
2026-09-09T12:39:27+00:00	dgx-spark-02	True	1	cmtsqj5lz5qd42auh8vvrfn03
2026-09-09T12:39:29+00:00	dgx-spark-04	True	1	cmtpeql4y1etk2auhbk9668ry
2026-09-09T12:39:29+00:00	dgx-spark-03	True	1	cmtpsaud71whj2auh0k27ynki
2026-09-09T12:39:29+00:00	dgx-spark-02	True	1	cmtsqj5lz5qd42auh8vvrfn03
2026-09-09T12:39:31+00:00	dgx-spark-04	True	1	cmtpeql4y1etk2auhbk9668ry
2026-09-09T12:39:31+00:00	dgx-spark-03	True	1	cmtpsaud71whj2auh0k27ynki
2026-09-09T12:39:31+00:00	dgx-spark-02	True	1	cmtsqj5lz5qd42auh8vvrfn03
2026-09-09T12:39:33+00:00	dgx-spark-04	True	1	cmtpeql4y1etk2auhbk9668ry
2026-09-09T12:39:33+00:00	dgx-spark-03	True	1	cmtpsaud71whj2auh0k27ynki
2026-09-09T12:39:33+00:00	dgx-spark-02	True	1	cmtsqj5lz5qd42auh8vvrfn03
2026-09-09T12:39:35+00:00	dgx-spark-04	True	1	cmtpeql4y1etk2auhbk9668ry
2026-09-09T12:39:35+00:00	dgx-spark-03	True	1	cmtpsaud71whj2auh0k27ynki
2026-09-09T12:39:35+00:00	dgx-spark-02	True	1	cmtsqj5lz5qd42auh8vvrfn03
2026-09-09T12:39:37+00:00	dgx-spark-04	True	1	cmtpeql4y1etk2auhbk9668ry
2026-09-09T12:39:37+00:00	dgx-spark-03	True	1	cmtpsaud71whj2auh0k27ynki
2026-09-09T12:39:37+00:00	dgx-spark-02	True	1	cmtsqj5lz5qd42auh8vvrfn03
2026-09-09T12:39:39+00:00	dgx-spark-04	True	1	cmtpeql4y1etk2auhbk9668ry
2026-09-09T12:39:39+00:00	dgx-spark-03	True	1	cmtpsaud71whj2auh0k27ynki
2026-09-09T12:39:39+00:00	dgx-spark-02	True	1	cmtsqj5lz5qd42auh8vvrfn03
2026-09-09T12:39:41+00:00	dgx-spark-04	True	1	cmtpeql4y1etk2auhbk9668ry
2026-09-09T12:39:41+00:00	dgx-spark-03	True	1	cmtpsaud71whj2auh0k27ynki
2026-09-09T12:39:41+00:00	dgx-spark-02	True	1	cmtsqj5lz5qd42auh8vvrfn03
2026-09-09T12:39:43+00:00	dgx-spark-04	True	1	cmtpeql4y1etk2auhbk9668ry
2026-09-09T12:39:43+00:00	dgx-spark-03	True	1	cmtpsaud71whj2auh0k27ynki
2026-09-09T12:39:43+00:00	dgx-spark-02	True	1	cmtsqj5lz5qd42auh8vvrfn03
2026-09-09T12:39:45+00:00	dgx-spark-04	True	1	cmtpeql4y1etk2auhbk9668ry
2026-09-09T12:39:45+00:00	dgx-spark-03	True	1	cmtpsaud71whj2auh0k27ynki
2026-09-09T12:39:45+00:00	dgx-spark-02	True	1	cmtsqj5lz5qd42auh8vvrfn03
2026-09-09T12:39:47+00:00	dgx-spark-04	True	1	cmtpeql4y1etk2auhbk9668ry
2026-09-09T12:39:47+00:00	dgx-spark-03	True	1	cmtpsaud71whj2auh0k27ynki
2026-09-09T12:39:47+00:00	dgx-spark-02	True	1	cmtsqj5lz5qd42auh8vvrfn03
2026-09-09T12:39:49+00:00	dgx-spark-04	True	1	cmtpeql4y1etk2auhbk9668ry
2026-09-09T12:39:49+00:00	dgx-spark-03	True	1	cmtpsaud71whj2auh0k27ynki
2026-09-09T12:39:49+00:00	dgx-spark-02	True	1	cmtsqj5lz5qd42auh8vvrfn03
2026-09-09T12:39:51+00:00	dgx-spark-04	True	1	cmtpeql4y1etk2auhbk9668ry
2026-09-09T12:39:51+00:00	dgx-spark-03	True	1	cmtpsaud71whj2auh0k27ynki
2026-09-09T12:39:51+00:00	dgx-spark-02	True	1	cmtsqj5lz5qd42auh8vvrfn03
2026-09-09T12:39:53+00:00	dgx-spark-04	True	1	cmtpeql4y1etk2auhbk9668ry
2026-09-09T12:39:53+00:00	dgx-spark-03	True	1	cmtpsaud71whj2auh0k27ynki
2026-09-09T12:39:53+00:00	dgx-spark-02	True	1	cmtsqj5lz5qd42auh8vvrfn03
2026-09-09T12:39:55+00:00	dgx-spark-04	True	1	cmtpeql4y1etk2auhbk9668ry
2026-09-09T12:39:55+00:00	dgx-spark-03	True	1	cmtpsaud71whj2auh0k27ynki
2026-09-09T12:39:55+00:00	dgx-spark-02	True	1	cmtsqj5lz5qd42auh8vvrfn03
2026-09-09T12:39:57+00:00	dgx-spark-04	True	1	cmtpeql4y1etk2auhbk9668ry
2026-09-09T12:39:57+00:00	dgx-spark-03	True	1	cmtpsaud71whj2auh0k27ynki
2026-09-09T12:39:57+00:00	dgx-spark-02	True	1	cmtsqj5lz5qd42auh8vvrfn03
2026-09-09T12:39:59+00:00	dgx-spark-04	True	1	cmtpeql4y1etk2auhbk9668ry
2026-09-09T12:39:59+00:00	dgx-spark-03	True	1	cmtpsaud71whj2auh0k27ynki
2026-09-09T12:39:59+00:00	dgx-spark-02	True	1	cmtsqj5lz5qd42auh8vvrfn03
2026-09-09T12:40:01+00:00	dgx-spark-04	True	1	cmtpeql4y1etk2auhbk9668ry
2026-09-09T12:40:01+00:00	dgx-spark-03	True	1	cmtpsaud71whj2auh0k27ynki
2026-09-09T12:40:01+00:00	dgx-spark-02	True	1	cmtsqj5lz5qd42auh8vvrfn03
2026-09-09T12:40:03+00:00	dgx-spark-04	True	1	cmtpeql4y1etk2auhbk9668ry
2026-09-09T12:40:03+00:00	dgx-spark-03	True	1	cmtpsaud71whj2auh0k27ynki
2026-09-09T12:40:03+00:00	dgx-spark-02	True	1	cmtsqj5lz5qd42auh8vvrfn03
2026-09-09T12:40:05+00:00	dgx-spark-04	True	1	cmtpeql4y1etk2auhbk9668ry
2026-09-09T12:40:05+00:00	dgx-spark-03	True	1	cmtpsaud71whj2auh0k27ynki
2026-09-09T12:40:05+00:00	dgx-spark-02	True	1	cmtsqj5lz5qd42auh8vvrfn03
2026-09-09T12:40:07+00:00	dgx-spark-04	True	1	cmtpeql4y1etk2auhbk9668ry
2026-09-09T12:40:07+00:00	dgx-spark-03	True	1	cmtpsaud71whj2auh0k27ynki
2026-09-09T12:40:07+00:00	dgx-spark-02	True	1	cmtsqj5lz5qd42auh8vvrfn03
2026-09-09T12:40:09+00:00	dgx-spark-04	True	1	cmtpeql4y1etk2auhbk9668ry
2026-09-09T12:40:09+00:00	dgx-spark-03	True	1	cmtpsaud71whj2auh0k27ynki
2026-09-09T12:40:09+00:00	dgx-spark-02	True	1	cmtsqj5lz5qd42auh8vvrfn03
2026-09-09T12:40:11+00:00	dgx-spark-04	True	1	cmtpeql4y1etk2auhbk9668ry
2026-09-09T12:40:11+00:00	dgx-spark-03	True	1	cmtpsaud71whj2auh0k27ynki
2026-09-09T12:40:11+00:00	dgx-spark-02	True	1	cmtsqj5lz5qd42auh8vvrfn03
2026-09-09T12:40:13+00:00	dgx-spark-04	True	1	cmtpeql4y1etk2auhbk9668ry
2026-09-09T12:40:13+00:00	dgx-spark-03	True	1	cmtpsaud71whj2auh0k27ynki
2026-09-09T12:40:13+00:00	dgx-spark-02	True	1	cmtsqj5lz5qd42auh8vvrfn03
2026-09-09T12:40:15+00:00	dgx-spark-04	True	1	cmtpeql4y1etk2auhbk9668ry
2026-09-09T12:40:15+00:00	dgx-spark-03	True	1	cmtpsaud71whj2auh0k27ynki
2026-09-09T12:40:15+00:00	dgx-spark-02	True	1	cmtsqj5lz5qd42auh8vvrfn03
2026-09-09T12:40:17+00:00	dgx-spark-04	True	1	cmtpeql4y1etk2auhbk9668ry
2026-09-09T12:40:17+00:00	dgx-spark-03	True	1	cmtpsaud71whj2auh0k27ynki
2026-09-09T12:40:17+00:00	dgx-spark-02	True	1	cmtsqj5lz5qd42auh8vvrfn03
2026-09-09T12:40:19+00:00	dgx-spark-04	True	1	cmtpeql4y1etk2auhbk9668ry
2026-09-09T12:40:19+00:00	dgx-spark-03	True	1	cmtpsaud71whj2auh0k27ynki
2026-09-09T12:40:19+00:00	dgx-spark-02	True	1	cmtsqj5lz5qd42auh8vvrfn03
2026-09-09T12:40:21+00:00	dgx-spark-04	True	1	cmtpeql4y1etk2auhbk9668ry
2026-09-09T12:40:21+00:00	dgx-spark-03	True	1	cmtpsaud71whj2auh0k27ynki
2026-09-09T12:40:21+00:00	dgx-spark-02	True	1	cmtsqj5lz5qd42auh8vvrfn03
2026-09-09T12:40:23+00:00	dgx-spark-04	True	1	cmtpeql4y1etk2auhbk9668ry
2026-09-09T12:40:23+00:00	dgx-spark-03	True	1	cmtpsaud71whj2auh0k27ynki
2026-09-09T12:40:23+00:00	dgx-spark-02	True	1	cmtsqj5lz5qd42auh8vvrfn03
2026-09-09T12:40:25+00:00	dgx-spark-04	True	1	cmtpeql4y1etk2auhbk9668ry
2026-09-09T12:40:25+00:00	dgx-spark-03	True	1	cmtpsaud71whj2auh0k27ynki
2026-09-09T12:40:25+00:00	dgx-spark-02	True	1	cmtsqj5lz5qd42auh8vvrfn03
2026-09-09T12:40:28+00:00	dgx-spark-04	True	1	cmtpeql4y1etk2auhbk9668ry
2026-09-09T12:40:28+00:00	dgx-spark-03	True	1	cmtpsaud71whj2auh0k27ynki
2026-09-09T12:40:28+00:00	dgx-spark-02	True	1	cmtsqj5lz5qd42auh8vvrfn03
2026-09-09T12:40:30+00:00	dgx-spark-04	True	1	cmtpeql4y1etk2auhbk9668ry
2026-09-09T12:40:30+00:00	dgx-spark-03	True	1	cmtpsaud71whj2auh0k27ynki
2026-09-09T12:40:30+00:00	dgx-spark-02	True	1	cmtsqj5lz5qd42auh8vvrfn03
2026-09-09T12:40:32+00:00	dgx-spark-04	True	1	cmtpeql4y1etk2auhbk9668ry
2026-09-09T12:40:32+00:00	dgx-spark-03	True	1	cmtpsaud71whj2auh0k27ynki
2026-09-09T12:40:32+00:00	dgx-spark-02	True	1	cmtsqj5lz5qd42auh8vvrfn03
2026-09-09T12:40:34+00:00	dgx-spark-04	True	1	cmtpeql4y1etk2auhbk9668ry
2026-09-09T12:40:34+00:00	dgx-spark-03	True	1	cmtpsaud71whj2auh0k27ynki
2026-09-09T12:40:34+00:00	dgx-spark-02	True	1	cmtsqj5lz5qd42auh8vvrfn03
2026-09-09T12:40:36+00:00	dgx-spark-04	True	1	cmtpeql4y1etk2auhbk9668ry
2026-09-09T12:40:36+00:00	dgx-spark-03	True	1	cmtpsaud71whj2auh0k27ynki
2026-09-09T12:40:36+00:00	dgx-spark-02	True	1	cmtsqj5lz5qd42auh8vvrfn03
2026-09-09T12:40:38+00:00	dgx-spark-04	True	1	cmtpeql4y1etk2auhbk9668ry
2026-09-09T12:40:38+00:00	dgx-spark-03	True	1	cmtpsaud71whj2auh0k27ynki
2026-09-09T12:40:38+00:00	dgx-spark-02	True	1	cmtsqj5lz5qd42auh8vvrfn03
2026-09-09T12:40:40+00:00	dgx-spark-04	True	1	cmtpeql4y1etk2auhbk9668ry
2026-09-09T12:40:40+00:00	dgx-spark-03	True	1	cmtpsaud71whj2auh0k27ynki
2026-09-09T12:40:40+00:00	dgx-spark-02	True	1	cmtsqj5lz5qd42auh8vvrfn03
2026-09-09T12:40:42+00:00	dgx-spark-04	True	1	cmtpeql4y1etk2auhbk9668ry
2026-09-09T12:40:42+00:00	dgx-spark-03	True	1	cmtpsaud71whj2auh0k27ynki
2026-09-09T12:40:42+00:00	dgx-spark-02	True	1	cmtsqj5lz5qd42auh8vvrfn03
2026-09-09T12:40:44+00:00	dgx-spark-04	True	1	cmtpeql4y1etk2auhbk9668ry
2026-09-09T12:40:44+00:00	dgx-spark-03	True	1	cmtpsaud71whj2auh0k27ynki
2026-09-09T12:40:44+00:00	dgx-spark-02	True	1	cmtsqj5lz5qd42auh8vvrfn03
2026-09-09T12:40:46+00:00	dgx-spark-04	True	1	cmtpeql4y1etk2auhbk9668ry
2026-09-09T12:40:46+00:00	dgx-spark-03	True	1	cmtpsaud71whj2auh0k27ynki
2026-09-09T12:40:46+00:00	dgx-spark-02	True	1	cmtsqj5lz5qd42auh8vvrfn03
2026-09-09T12:40:48+00:00	dgx-spark-04	True	1	cmtpeql4y1etk2auhbk9668ry
2026-09-09T12:40:48+00:00	dgx-spark-03	True	1	cmtpsaud71whj2auh0k27ynki
2026-09-09T12:40:48+00:00	dgx-spark-02	True	1	cmtsqj5lz5qd42auh8vvrfn03
2026-09-09T12:40:50+00:00	dgx-spark-04	True	1	cmtpeql4y1etk2auhbk9668ry
2026-09-09T12:40:50+00:00	dgx-spark-03	True	1	cmtpsaud71whj2auh0k27ynki
2026-09-09T12:40:50+00:00	dgx-spark-02	True	1	cmtsqj5lz5qd42auh8vvrfn03
2026-09-09T12:40:52+00:00	dgx-spark-04	True	1	cmtpeql4y1etk2auhbk9668ry
2026-09-09T12:40:52+00:00	dgx-spark-03	True	1	cmtpsaud71whj2auh0k27ynki
2026-09-09T12:40:52+00:00	dgx-spark-02	True	1	cmtsqj5lz5qd42auh8vvrfn03
2026-09-09T12:40:54+00:00	dgx-spark-04	True	1	cmtpeql4y1etk2auhbk9668ry
2026-09-09T12:40:54+00:00	dgx-spark-03	True	1	cmtpsaud71whj2auh0k27ynki
2026-09-09T12:40:54+00:00	dgx-spark-02	True	1	cmtsqj5lz5qd42auh8vvrfn03
2026-09-09T12:40:56+00:00	dgx-spark-04	True	1	cmtpeql4y1etk2auhbk9668ry
2026-09-09T12:40:56+00:00	dgx-spark-03	True	1	cmtpsaud71whj2auh0k27ynki
2026-09-09T12:40:56+00:00	dgx-spark-02	True	1	cmtsqj5lz5qd42auh8vvrfn03
2026-09-09T12:40:58+00:00	dgx-spark-04	True	1	cmtpeql4y1etk2auhbk9668ry
2026-09-09T12:40:58+00:00	dgx-spark-03	True	1	cmtpsaud71whj2auh0k27ynki
2026-09-09T12:40:58+00:00	dgx-spark-02	True	1	cmtsqj5lz5qd42auh8vvrfn03
2026-09-09T12:41:00+00:00	dgx-spark-04	True	1	cmtpeql4y1etk2auhbk9668ry
2026-09-09T12:41:00+00:00	dgx-spark-03	True	1	cmtpsaud71whj2auh0k27ynki
2026-09-09T12:41:00+00:00	dgx-spark-02	True	1	cmtsqj5lz5qd42auh8vvrfn03
2026-09-09T12:41:02+00:00	dgx-spark-04	True	1	cmtpeql4y1etk2auhbk9668ry
2026-09-09T12:41:02+00:00	dgx-spark-03	True	1	cmtpsaud71whj2auh0k27ynki
2026-09-09T12:41:02+00:00	dgx-spark-02	True	1	cmtsqj5lz5qd42auh8vvrfn03
2026-09-09T12:41:04+00:00	dgx-spark-04	True	1	cmtpeql4y1etk2auhbk9668ry
2026-09-09T12:41:04+00:00	dgx-spark-03	True	1	cmtpsaud71whj2auh0k27ynki
2026-09-09T12:41:04+00:00	dgx-spark-02	True	1	cmtsqj5lz5qd42auh8vvrfn03
2026-09-09T12:41:06+00:00	dgx-spark-04	True	1	cmtpeql4y1etk2auhbk9668ry
2026-09-09T12:41:06+00:00	dgx-spark-03	True	1	cmtpsaud71whj2auh0k27ynki
2026-09-09T12:41:06+00:00	dgx-spark-02	True	1	cmtsqj5lz5qd42auh8vvrfn03
2026-09-09T12:41:08+00:00	dgx-spark-04	True	1	cmtpeql4y1etk2auhbk9668ry
2026-09-09T12:41:08+00:00	dgx-spark-03	True	1	cmtpsaud71whj2auh0k27ynki
2026-09-09T12:41:08+00:00	dgx-spark-02	True	1	cmtsqj5lz5qd42auh8vvrfn03
2026-09-09T12:41:10+00:00	dgx-spark-04	True	1	cmtpeql4y1etk2auhbk9668ry
2026-09-09T12:41:10+00:00	dgx-spark-03	True	1	cmtpsaud71whj2auh0k27ynki
2026-09-09T12:41:10+00:00	dgx-spark-02	True	1	cmtsqj5lz5qd42auh8vvrfn03
2026-09-09T12:41:12+00:00	dgx-spark-04	True	1	cmtpeql4y1etk2auhbk9668ry
2026-09-09T12:41:12+00:00	dgx-spark-03	True	1	cmtpsaud71whj2auh0k27ynki
2026-09-09T12:41:12+00:00	dgx-spark-02	True	1	cmtsqj5lz5qd42auh8vvrfn03
2026-09-09T12:41:14+00:00	dgx-spark-04	True	1	cmtpeql4y1etk2auhbk9668ry
2026-09-09T12:41:14+00:00	dgx-spark-03	True	1	cmtpsaud71whj2auh0k27ynki
2026-09-09T12:41:14+00:00	dgx-spark-02	True	1	cmtsqj5lz5qd42auh8vvrfn03
2026-09-09T12:41:16+00:00	dgx-spark-04	True	1	cmtpeql4y1etk2auhbk9668ry
2026-09-09T12:41:16+00:00	dgx-spark-03	True	1	cmtpsaud71whj2auh0k27ynki
2026-09-09T12:41:16+00:00	dgx-spark-02	True	1	cmtsqj5lz5qd42auh8vvrfn03
2026-09-09T12:41:18+00:00	dgx-spark-04	True	1	cmtpeql4y1etk2auhbk9668ry
2026-09-09T12:41:18+00:00	dgx-spark-03	True	1	cmtpsaud71whj2auh0k27ynki
2026-09-09T12:41:18+00:00	dgx-spark-02	True	1	cmtsqj5lz5qd42auh8vvrfn03
2026-09-09T12:41:20+00:00	dgx-spark-04	True	1	cmtpeql4y1etk2auhbk9668ry
2026-09-09T12:41:20+00:00	dgx-spark-03	True	1	cmtpsaud71whj2auh0k27ynki
2026-09-09T12:41:20+00:00	dgx-spark-02	True	1	cmtsqj5lz5qd42auh8vvrfn03
2026-09-09T12:41:22+00:00	dgx-spark-04	True	1	cmtpeql4y1etk2auhbk9668ry
2026-09-09T12:41:22+00:00	dgx-spark-03	True	1	cmtpsaud71whj2auh0k27ynki
2026-09-09T12:41:22+00:00	dgx-spark-02	True	1	cmtsqj5lz5qd42auh8vvrfn03
2026-09-09T12:41:24+00:00	dgx-spark-04	True	1	cmtpeql4y1etk2auhbk9668ry
2026-09-09T12:41:24+00:00	dgx-spark-03	True	1	cmtpsaud71whj2auh0k27ynki
2026-09-09T12:41:24+00:00	dgx-spark-02	True	1	cmtsqj5lz5qd42auh8vvrfn03
2026-09-09T12:41:26+00:00	dgx-spark-04	True	1	cmtpeql4y1etk2auhbk9668ry
2026-09-09T12:41:26+00:00	dgx-spark-03	True	1	cmtpsaud71whj2auh0k27ynki
2026-09-09T12:41:26+00:00	dgx-spark-02	True	1	cmtsqj5lz5qd42auh8vvrfn03
2026-09-09T12:41:28+00:00	dgx-spark-04	True	1	cmtpeql4y1etk2auhbk9668ry
2026-09-09T12:41:28+00:00	dgx-spark-03	True	1	cmtpsaud71whj2auh0k27ynki
2026-09-09T12:41:28+00:00	dgx-spark-02	True	1	cmtsqj5lz5qd42auh8vvrfn03
2026-09-09T12:41:30+00:00	dgx-spark-04	True	1	cmtpeql4y1etk2auhbk9668ry
2026-09-09T12:41:30+00:00	dgx-spark-03	True	1	cmtpsaud71whj2auh0k27ynki
2026-09-09T12:41:30+00:00	dgx-spark-02	True	1	cmtsqj5lz5qd42auh8vvrfn03
2026-09-09T12:41:32+00:00	dgx-spark-04	True	1	cmtpeql4y1etk2auhbk9668ry
2026-09-09T12:41:32+00:00	dgx-spark-03	True	1	cmtpsaud71whj2auh0k27ynki
2026-09-09T12:41:32+00:00	dgx-spark-02	True	1	cmtsqj5lz5qd42auh8vvrfn03
2026-09-09T12:41:34+00:00	dgx-spark-04	True	1	cmtpeql4y1etk2auhbk9668ry
2026-09-09T12:41:34+00:00	dgx-spark-03	True	1	cmtpsaud71whj2auh0k27ynki
2026-09-09T12:41:34+00:00	dgx-spark-02	True	1	cmtsqj5lz5qd42auh8vvrfn03
2026-09-09T12:41:36+00:00	dgx-spark-04	True	1	cmtpeql4y1etk2auhbk9668ry
2026-09-09T12:41:36+00:00	dgx-spark-03	True	1	cmtpsaud71whj2auh0k27ynki
2026-09-09T12:41:36+00:00	dgx-spark-02	True	1	cmtsqj5lz5qd42auh8vvrfn03
2026-09-09T12:41:38+00:00	dgx-spark-04	True	1	cmtpeql4y1etk2auhbk9668ry
2026-09-09T12:41:38+00:00	dgx-spark-03	True	1	cmtpsaud71whj2auh0k27ynki
2026-09-09T12:41:38+00:00	dgx-spark-02	True	1	cmtsqj5lz5qd42auh8vvrfn03
2026-09-09T12:41:40+00:00	dgx-spark-04	True	1	cmtpeql4y1etk2auhbk9668ry
2026-09-09T12:41:40+00:00	dgx-spark-03	True	1	cmtpsaud71whj2auh0k27ynki
2026-09-09T12:41:40+00:00	dgx-spark-02	True	1	cmtsqj5lz5qd42auh8vvrfn03
2026-09-09T12:41:42+00:00	dgx-spark-04	True	1	cmtpeql4y1etk2auhbk9668ry
2026-09-09T12:41:42+00:00	dgx-spark-03	True	1	cmtpsaud71whj2auh0k27ynki
2026-09-09T12:41:42+00:00	dgx-spark-02	True	1	cmtsqj5lz5qd42auh8vvrfn03
2026-09-09T12:41:44+00:00	dgx-spark-04	True	1	cmtpeql4y1etk2auhbk9668ry
2026-09-09T12:41:44+00:00	dgx-spark-03	True	1	cmtpsaud71whj2auh0k27ynki
2026-09-09T12:41:44+00:00	dgx-spark-02	True	1	cmtsqj5lz5qd42auh8vvrfn03
2026-09-09T12:41:46+00:00	dgx-spark-04	True	1	cmtpeql4y1etk2auhbk9668ry
2026-09-09T12:41:46+00:00	dgx-spark-03	True	1	cmtpsaud71whj2auh0k27ynki
2026-09-09T12:41:46+00:00	dgx-spark-02	True	1	cmtsqj5lz5qd42auh8vvrfn03
2026-09-09T12:41:48+00:00	dgx-spark-04	True	1	cmtpeql4y1etk2auhbk9668ry
2026-09-09T12:41:48+00:00	dgx-spark-03	True	1	cmtpsaud71whj2auh0k27ynki
2026-09-09T12:41:48+00:00	dgx-spark-02	True	1	cmtsqj5lz5qd42auh8vvrfn03
2026-09-09T12:41:50+00:00	dgx-spark-04	True	1	cmtpeql4y1etk2auhbk9668ry
2026-09-09T12:41:50+00:00	dgx-spark-03	True	1	cmtpsaud71whj2auh0k27ynki
2026-09-09T12:41:50+00:00	dgx-spark-02	True	1	cmtsqj5lz5qd42auh8vvrfn03
2026-09-09T12:41:52+00:00	dgx-spark-04	True	1	cmtpeql4y1etk2auhbk9668ry
2026-09-09T12:41:52+00:00	dgx-spark-03	True	1	cmtpsaud71whj2auh0k27ynki
2026-09-09T12:41:52+00:00	dgx-spark-02	True	1	cmtsqj5lz5qd42auh8vvrfn03
2026-09-09T12:41:54+00:00	dgx-spark-04	True	1	cmtpeql4y1etk2auhbk9668ry
2026-09-09T12:41:54+00:00	dgx-spark-03	True	1	cmtpsaud71whj2auh0k27ynki
2026-09-09T12:41:54+00:00	dgx-spark-02	True	1	cmtsqj5lz5qd42auh8vvrfn03
2026-09-09T12:41:56+00:00	dgx-spark-04	True	1	cmtpeql4y1etk2auhbk9668ry
2026-09-09T12:41:56+00:00	dgx-spark-03	True	1	cmtpsaud71whj2auh0k27ynki
2026-09-09T12:41:56+00:00	dgx-spark-02	True	1	cmtsqj5lz5qd42auh8vvrfn03
2026-09-09T12:41:58+00:00	dgx-spark-04	True	1	cmtpeql4y1etk2auhbk9668ry
2026-09-09T12:41:58+00:00	dgx-spark-03	True	1	cmtpsaud71whj2auh0k27ynki
2026-09-09T12:41:58+00:00	dgx-spark-02	True	1	cmtsqj5lz5qd42auh8vvrfn03
2026-09-09T12:42:00+00:00	dgx-spark-04	True	1	cmtpeql4y1etk2auhbk9668ry
2026-09-09T12:42:00+00:00	dgx-spark-03	True	1	cmtpsaud71whj2auh0k27ynki
2026-09-09T12:42:00+00:00	dgx-spark-02	True	1	cmtsqj5lz5qd42auh8vvrfn03
2026-09-09T12:42:03+00:00	dgx-spark-04	True	1	cmtpeql4y1etk2auhbk9668ry
2026-09-09T12:42:03+00:00	dgx-spark-03	True	1	cmtpsaud71whj2auh0k27ynki
2026-09-09T12:42:03+00:00	dgx-spark-02	True	1	cmtsqj5lz5qd42auh8vvrfn03
2026-09-09T12:42:05+00:00	dgx-spark-04	True	1	cmtpeql4y1etk2auhbk9668ry
2026-09-09T12:42:05+00:00	dgx-spark-03	True	1	cmtpsaud71whj2auh0k27ynki
2026-09-09T12:42:05+00:00	dgx-spark-02	True	1	cmtsqj5lz5qd42auh8vvrfn03
2026-09-09T12:42:07+00:00	dgx-spark-04	True	1	cmtpeql4y1etk2auhbk9668ry
2026-09-09T12:42:07+00:00	dgx-spark-03	True	1	cmtpsaud71whj2auh0k27ynki
2026-09-09T12:42:07+00:00	dgx-spark-02	True	1	cmtsqj5lz5qd42auh8vvrfn03
2026-09-09T12:42:09+00:00	dgx-spark-04	True	1	cmtpeql4y1etk2auhbk9668ry
2026-09-09T12:42:09+00:00	dgx-spark-03	True	1	cmtpsaud71whj2auh0k27ynki
2026-09-09T12:42:09+00:00	dgx-spark-02	True	1	cmtsqj5lz5qd42auh8vvrfn03
2026-09-09T12:42:11+00:00	dgx-spark-04	True	1	cmtpeql4y1etk2auhbk9668ry
2026-09-09T12:42:11+00:00	dgx-spark-03	True	1	cmtpsaud71whj2auh0k27ynki
2026-09-09T12:42:11+00:00	dgx-spark-02	True	1	cmtsqj5lz5qd42auh8vvrfn03
2026-09-09T12:42:13+00:00	dgx-spark-04	True	1	cmtpeql4y1etk2auhbk9668ry
2026-09-09T12:42:13+00:00	dgx-spark-03	True	1	cmtpsaud71whj2auh0k27ynki
2026-09-09T12:42:13+00:00	dgx-spark-02	True	1	cmtsqj5lz5qd42auh8vvrfn03
2026-09-09T12:42:15+00:00	dgx-spark-04	True	1	cmtpeql4y1etk2auhbk9668ry
2026-09-09T12:42:15+00:00	dgx-spark-03	True	1	cmtpsaud71whj2auh0k27ynki
2026-09-09T12:42:15+00:00	dgx-spark-02	True	1	cmtsqj5lz5qd42auh8vvrfn03
2026-09-09T12:42:17+00:00	dgx-spark-04	True	1	cmtpeql4y1etk2auhbk9668ry
2026-09-09T12:42:17+00:00	dgx-spark-03	True	1	cmtpsaud71whj2auh0k27ynki
2026-09-09T12:42:17+00:00	dgx-spark-02	True	1	cmtsqj5lz5qd42auh8vvrfn03
2026-09-09T12:42:19+00:00	dgx-spark-04	True	1	cmtpeql4y1etk2auhbk9668ry
2026-09-09T12:42:19+00:00	dgx-spark-03	True	1	cmtpsaud71whj2auh0k27ynki
2026-09-09T12:42:19+00:00	dgx-spark-02	True	1	cmtsqj5lz5qd42auh8vvrfn03
2026-09-09T12:42:21+00:00	dgx-spark-04	True	1	cmtpeql4y1etk2auhbk9668ry
2026-09-09T12:42:21+00:00	dgx-spark-03	True	1	cmtpsaud71whj2auh0k27ynki
2026-09-09T12:42:21+00:00	dgx-spark-02	True	1	cmtsqj5lz5qd42auh8vvrfn03
2026-09-09T12:42:23+00:00	dgx-spark-04	True	1	cmtpeql4y1etk2auhbk9668ry
2026-09-09T12:42:23+00:00	dgx-spark-03	True	1	cmtpsaud71whj2auh0k27ynki
2026-09-09T12:42:23+00:00	dgx-spark-02	True	1	cmtsqj5lz5qd42auh8vvrfn03
2026-09-09T12:42:25+00:00	dgx-spark-04	True	1	cmtpeql4y1etk2auhbk9668ry
2026-09-09T12:42:25+00:00	dgx-spark-03	True	1	cmtpsaud71whj2auh0k27ynki
2026-09-09T12:42:25+00:00	dgx-spark-02	True	1	cmtsqj5lz5qd42auh8vvrfn03
2026-09-09T12:42:27+00:00	dgx-spark-04	True	1	cmtpeql4y1etk2auhbk9668ry
2026-09-09T12:42:27+00:00	dgx-spark-03	True	1	cmtpsaud71whj2auh0k27ynki
2026-09-09T12:42:27+00:00	dgx-spark-02	True	1	cmtsqj5lz5qd42auh8vvrfn03
2026-09-09T12:42:29+00:00	dgx-spark-04	True	1	cmtpeql4y1etk2auhbk9668ry
2026-09-09T12:42:29+00:00	dgx-spark-03	True	1	cmtpsaud71whj2auh0k27ynki
2026-09-09T12:42:29+00:00	dgx-spark-02	True	1	cmtsqj5lz5qd42auh8vvrfn03
2026-09-09T12:42:31+00:00	dgx-spark-04	True	1	cmtpeql4y1etk2auhbk9668ry
2026-09-09T12:42:31+00:00	dgx-spark-03	True	1	cmtpsaud71whj2auh0k27ynki
2026-09-09T12:42:31+00:00	dgx-spark-02	True	1	cmtsqj5lz5qd42auh8vvrfn03
2026-09-09T12:42:33+00:00	dgx-spark-04	True	1	cmtpeql4y1etk2auhbk9668ry
2026-09-09T12:42:33+00:00	dgx-spark-03	True	1	cmtpsaud71whj2auh0k27ynki
2026-09-09T12:42:33+00:00	dgx-spark-02	True	1	cmtsqj5lz5qd42auh8vvrfn03
2026-09-09T12:42:35+00:00	dgx-spark-04	True	1	cmtpeql4y1etk2auhbk9668ry
2026-09-09T12:42:35+00:00	dgx-spark-03	True	1	cmtpsaud71whj2auh0k27ynki
2026-09-09T12:42:35+00:00	dgx-spark-02	True	1	cmtsqj5lz5qd42auh8vvrfn03
2026-09-09T12:42:37+00:00	dgx-spark-04	True	1	cmtpeql4y1etk2auhbk9668ry
2026-09-09T12:42:37+00:00	dgx-spark-03	True	1	cmtpsaud71whj2auh0k27ynki
2026-09-09T12:42:37+00:00	dgx-spark-02	True	1	cmtsqj5lz5qd42auh8vvrfn03
2026-09-09T12:42:39+00:00	dgx-spark-04	True	1	cmtpeql4y1etk2auhbk9668ry
2026-09-09T12:42:39+00:00	dgx-spark-03	True	1	cmtpsaud71whj2auh0k27ynki
2026-09-09T12:42:39+00:00	dgx-spark-02	True	1	cmtsqj5lz5qd42auh8vvrfn03
2026-09-09T12:42:41+00:00	dgx-spark-04	True	1	cmtpeql4y1etk2auhbk9668ry
2026-09-09T12:42:41+00:00	dgx-spark-03	True	1	cmtpsaud71whj2auh0k27ynki
2026-09-09T12:42:41+00:00	dgx-spark-02	True	1	cmtsqj5lz5qd42auh8vvrfn03
2026-09-09T12:42:43+00:00	dgx-spark-04	True	1	cmtpeql4y1etk2auhbk9668ry
2026-09-09T12:42:43+00:00	dgx-spark-03	True	1	cmtpsaud71whj2auh0k27ynki
2026-09-09T12:42:43+00:00	dgx-spark-02	True	1	cmtsqj5lz5qd42auh8vvrfn03
2026-09-09T12:42:45+00:00	dgx-spark-04	True	1	cmtpeql4y1etk2auhbk9668ry
2026-09-09T12:42:45+00:00	dgx-spark-03	True	1	cmtpsaud71whj2auh0k27ynki
2026-09-09T12:42:45+00:00	dgx-spark-02	True	1	cmtsqj5lz5qd42auh8vvrfn03
2026-09-09T12:42:47+00:00	dgx-spark-04	True	1	cmtpeql4y1etk2auhbk9668ry
2026-09-09T12:42:47+00:00	dgx-spark-03	True	1	cmtpsaud71whj2auh0k27ynki
2026-09-09T12:42:47+00:00	dgx-spark-02	True	1	cmtsqj5lz5qd42auh8vvrfn03
2026-09-09T12:42:49+00:00	dgx-spark-04	True	1	cmtpeql4y1etk2auhbk9668ry
2026-09-09T12:42:49+00:00	dgx-spark-03	True	1	cmtpsaud71whj2auh0k27ynki
2026-09-09T12:42:49+00:00	dgx-spark-02	True	1	cmtsqj5lz5qd42auh8vvrfn03
2026-09-09T12:42:51+00:00	dgx-spark-04	True	1	cmtpeql4y1etk2auhbk9668ry
2026-09-09T12:42:51+00:00	dgx-spark-03	True	1	cmtpsaud71whj2auh0k27ynki
2026-09-09T12:42:51+00:00	dgx-spark-02	True	1	cmtsqj5lz5qd42auh8vvrfn03
2026-09-09T12:42:53+00:00	dgx-spark-04	True	1	cmtpeql4y1etk2auhbk9668ry
2026-09-09T12:42:53+00:00	dgx-spark-03	True	1	cmtpsaud71whj2auh0k27ynki
2026-09-09T12:42:53+00:00	dgx-spark-02	True	1	cmtsqj5lz5qd42auh8vvrfn03
2026-09-09T12:42:55+00:00	dgx-spark-04	True	1	cmtpeql4y1etk2auhbk9668ry
2026-09-09T12:42:55+00:00	dgx-spark-03	True	1	cmtpsaud71whj2auh0k27ynki
2026-09-09T12:42:55+00:00	dgx-spark-02	True	1	cmtsqj5lz5qd42auh8vvrfn03
2026-09-09T12:42:57+00:00	dgx-spark-04	True	1	cmtpeql4y1etk2auhbk9668ry
2026-09-09T12:42:57+00:00	dgx-spark-03	True	1	cmtpsaud71whj2auh0k27ynki
2026-09-09T12:42:57+00:00	dgx-spark-02	True	1	cmtsqj5lz5qd42auh8vvrfn03
2026-09-09T12:42:59+00:00	dgx-spark-04	True	1	cmtpeql4y1etk2auhbk9668ry
2026-09-09T12:42:59+00:00	dgx-spark-03	True	1	cmtpsaud71whj2auh0k27ynki
2026-09-09T12:42:59+00:00	dgx-spark-02	True	1	cmtsqj5lz5qd42auh8vvrfn03
2026-09-09T12:43:01+00:00	dgx-spark-04	True	1	cmtpeql4y1etk2auhbk9668ry
2026-09-09T12:43:01+00:00	dgx-spark-03	True	1	cmtpsaud71whj2auh0k27ynki
2026-09-09T12:43:01+00:00	dgx-spark-02	True	1	cmtsqj5lz5qd42auh8vvrfn03
2026-09-09T12:43:03+00:00	dgx-spark-04	True	1	cmtpeql4y1etk2auhbk9668ry
2026-09-09T12:43:03+00:00	dgx-spark-03	True	1	cmtpsaud71whj2auh0k27ynki
2026-09-09T12:43:03+00:00	dgx-spark-02	True	1	cmtsqj5lz5qd42auh8vvrfn03
2026-09-09T12:43:05+00:00	dgx-spark-04	True	1	cmtpeql4y1etk2auhbk9668ry
2026-09-09T12:43:05+00:00	dgx-spark-03	True	1	cmtpsaud71whj2auh0k27ynki
2026-09-09T12:43:05+00:00	dgx-spark-02	True	1	cmtsqj5lz5qd42auh8vvrfn03
2026-09-09T12:43:07+00:00	dgx-spark-04	True	1	cmtpeql4y1etk2auhbk9668ry
2026-09-09T12:43:07+00:00	dgx-spark-03	True	1	cmtpsaud71whj2auh0k27ynki
2026-09-09T12:43:07+00:00	dgx-spark-02	True	1	cmtsqj5lz5qd42auh8vvrfn03
2026-09-09T12:43:09+00:00	dgx-spark-04	True	1	cmtpeql4y1etk2auhbk9668ry
2026-09-09T12:43:09+00:00	dgx-spark-03	True	1	cmtpsaud71whj2auh0k27ynki
2026-09-09T12:43:09+00:00	dgx-spark-02	True	1	cmtsqj5lz5qd42auh8vvrfn03
2026-09-09T12:43:11+00:00	dgx-spark-04	True	1	cmtpeql4y1etk2auhbk9668ry
2026-09-09T12:43:11+00:00	dgx-spark-03	True	1	cmtpsaud71whj2auh0k27ynki
2026-09-09T12:43:11+00:00	dgx-spark-02	True	1	cmtsqj5lz5qd42auh8vvrfn03
2026-09-09T12:43:13+00:00	dgx-spark-04	True	1	cmtpeql4y1etk2auhbk9668ry
2026-09-09T12:43:13+00:00	dgx-spark-03	True	1	cmtpsaud71whj2auh0k27ynki
2026-09-09T12:43:13+00:00	dgx-spark-02	True	1	cmtsqj5lz5qd42auh8vvrfn03
2026-09-09T12:43:15+00:00	dgx-spark-04	True	1	cmtpeql4y1etk2auhbk9668ry
2026-09-09T12:43:15+00:00	dgx-spark-03	True	1	cmtpsaud71whj2auh0k27ynki
2026-09-09T12:43:15+00:00	dgx-spark-02	True	1	cmtsqj5lz5qd42auh8vvrfn03
2026-09-09T12:43:17+00:00	dgx-spark-04	True	1	cmtpeql4y1etk2auhbk9668ry
2026-09-09T12:43:17+00:00	dgx-spark-03	True	1	cmtpsaud71whj2auh0k27ynki
2026-09-09T12:43:17+00:00	dgx-spark-02	True	1	cmtsqj5lz5qd42auh8vvrfn03
2026-09-09T12:43:19+00:00	dgx-spark-04	True	1	cmtpeql4y1etk2auhbk9668ry
2026-09-09T12:43:19+00:00	dgx-spark-03	True	1	cmtpsaud71whj2auh0k27ynki
2026-09-09T12:43:19+00:00	dgx-spark-02	True	1	cmtsqj5lz5qd42auh8vvrfn03
2026-09-09T12:43:21+00:00	dgx-spark-04	True	1	cmtpeql4y1etk2auhbk9668ry
2026-09-09T12:43:21+00:00	dgx-spark-03	True	1	cmtpsaud71whj2auh0k27ynki
2026-09-09T12:43:21+00:00	dgx-spark-02	True	1	cmtsqj5lz5qd42auh8vvrfn03
2026-09-09T12:43:23+00:00	dgx-spark-04	True	1	cmtpeql4y1etk2auhbk9668ry
2026-09-09T12:43:23+00:00	dgx-spark-03	True	1	cmtpsaud71whj2auh0k27ynki
2026-09-09T12:43:23+00:00	dgx-spark-02	True	0	cmtsqj5lz5qd42auh8vvrfn03
2026-09-09T12:43:25+00:00	dgx-spark-04	True	1	cmtpeql4y1etk2auhbk9668ry
2026-09-09T12:43:25+00:00	dgx-spark-03	True	1	cmtpsaud71whj2auh0k27ynki
2026-09-09T12:43:25+00:00	dgx-spark-02	True	1	cmtsqj5lz5qd42auh8vvrfn03
2026-09-09T12:43:27+00:00	dgx-spark-04	True	1	cmtpeql4y1etk2auhbk9668ry
2026-09-09T12:43:27+00:00	dgx-spark-03	True	1	cmtpsaud71whj2auh0k27ynki
2026-09-09T12:43:27+00:00	dgx-spark-02	True	1	cmtsqj5lz5qd42auh8vvrfn03
2026-09-09T12:43:29+00:00	dgx-spark-04	True	1	cmtpeql4y1etk2auhbk9668ry
2026-09-09T12:43:29+00:00	dgx-spark-03	True	1	cmtpsaud71whj2auh0k27ynki
2026-09-09T12:43:29+00:00	dgx-spark-02	True	1	cmtsqj5lz5qd42auh8vvrfn03
2026-09-09T12:43:31+00:00	dgx-spark-04	True	1	cmtpeql4y1etk2auhbk9668ry
2026-09-09T12:43:31+00:00	dgx-spark-03	True	1	cmtpsaud71whj2auh0k27ynki
2026-09-09T12:43:31+00:00	dgx-spark-02	True	1	cmtsqj5lz5qd42auh8vvrfn03
2026-09-09T12:43:33+00:00	dgx-spark-04	True	1	cmtpeql4y1etk2auhbk9668ry
2026-09-09T12:43:33+00:00	dgx-spark-03	True	1	cmtpsaud71whj2auh0k27ynki
2026-09-09T12:43:33+00:00	dgx-spark-02	True	1	cmtsqj5lz5qd42auh8vvrfn03
2026-09-09T12:43:35+00:00	dgx-spark-04	True	1	cmtpeql4y1etk2auhbk9668ry
2026-09-09T12:43:35+00:00	dgx-spark-03	True	1	cmtpsaud71whj2auh0k27ynki
2026-09-09T12:43:35+00:00	dgx-spark-02	True	1	cmtsqj5lz5qd42auh8vvrfn03
2026-09-09T12:43:37+00:00	dgx-spark-04	True	1	cmtpeql4y1etk2auhbk9668ry
2026-09-09T12:43:37+00:00	dgx-spark-03	True	1	cmtpsaud71whj2auh0k27ynki
2026-09-09T12:43:37+00:00	dgx-spark-02	True	1	cmtsqj5lz5qd42auh8vvrfn03
2026-09-09T12:43:39+00:00	dgx-spark-04	True	1	cmtpeql4y1etk2auhbk9668ry
2026-09-09T12:43:39+00:00	dgx-spark-03	True	1	cmtpsaud71whj2auh0k27ynki
2026-09-09T12:43:39+00:00	dgx-spark-02	True	1	cmtsqj5lz5qd42auh8vvrfn03
2026-09-09T12:43:41+00:00	dgx-spark-04	True	1	cmtpeql4y1etk2auhbk9668ry
2026-09-09T12:43:41+00:00	dgx-spark-03	True	1	cmtpsaud71whj2auh0k27ynki
2026-09-09T12:43:41+00:00	dgx-spark-02	True	1	cmtsqj5lz5qd42auh8vvrfn03
2026-09-09T12:43:43+00:00	dgx-spark-04	True	1	cmtpeql4y1etk2auhbk9668ry
2026-09-09T12:43:43+00:00	dgx-spark-03	True	1	cmtpsaud71whj2auh0k27ynki
2026-09-09T12:43:43+00:00	dgx-spark-02	True	1	cmtsqj5lz5qd42auh8vvrfn03
2026-09-09T12:43:45+00:00	dgx-spark-04	True	1	cmtpeql4y1etk2auhbk9668ry
2026-09-09T12:43:45+00:00	dgx-spark-03	True	1	cmtpsaud71whj2auh0k27ynki
2026-09-09T12:43:45+00:00	dgx-spark-02	True	1	cmtsqj5lz5qd42auh8vvrfn03
2026-09-09T12:43:48+00:00	dgx-spark-04	True	1	cmtpeql4y1etk2auhbk9668ry
2026-09-09T12:43:48+00:00	dgx-spark-03	True	1	cmtpsaud71whj2auh0k27ynki
2026-09-09T12:43:48+00:00	dgx-spark-02	True	1	cmtsqj5lz5qd42auh8vvrfn03
2026-09-09T12:43:50+00:00	dgx-spark-04	True	1	cmtpeql4y1etk2auhbk9668ry
2026-09-09T12:43:50+00:00	dgx-spark-03	True	1	cmtpsaud71whj2auh0k27ynki
2026-09-09T12:43:50+00:00	dgx-spark-02	True	1	cmtsqj5lz5qd42auh8vvrfn03
2026-09-09T12:43:52+00:00	dgx-spark-04	True	1	cmtpeql4y1etk2auhbk9668ry
2026-09-09T12:43:52+00:00	dgx-spark-03	True	1	cmtpsaud71whj2auh0k27ynki
2026-09-09T12:43:52+00:00	dgx-spark-02	True	1	cmtsqj5lz5qd42auh8vvrfn03
2026-09-09T12:43:54+00:00	dgx-spark-04	True	1	cmtpeql4y1etk2auhbk9668ry
2026-09-09T12:43:54+00:00	dgx-spark-03	True	1	cmtpsaud71whj2auh0k27ynki
2026-09-09T12:43:54+00:00	dgx-spark-02	True	1	cmtsqj5lz5qd42auh8vvrfn03
2026-09-09T12:43:56+00:00	dgx-spark-04	True	1	cmtpeql4y1etk2auhbk9668ry
2026-09-09T12:43:56+00:00	dgx-spark-03	True	1	cmtpsaud71whj2auh0k27ynki
2026-09-09T12:43:56+00:00	dgx-spark-02	True	1	cmtsqj5lz5qd42auh8vvrfn03
2026-09-09T12:43:58+00:00	dgx-spark-04	True	1	cmtpeql4y1etk2auhbk9668ry
2026-09-09T12:43:58+00:00	dgx-spark-03	True	1	cmtpsaud71whj2auh0k27ynki
2026-09-09T12:43:58+00:00	dgx-spark-02	True	1	cmtsqj5lz5qd42auh8vvrfn03
2026-09-09T12:44:00+00:00	dgx-spark-04	True	1	cmtpeql4y1etk2auhbk9668ry
2026-09-09T12:44:00+00:00	dgx-spark-03	True	1	cmtpsaud71whj2auh0k27ynki
2026-09-09T12:44:00+00:00	dgx-spark-02	True	1	cmtsqj5lz5qd42auh8vvrfn03
2026-09-09T12:44:02+00:00	dgx-spark-04	True	1	cmtpeql4y1etk2auhbk9668ry
2026-09-09T12:44:02+00:00	dgx-spark-03	True	1	cmtpsaud71whj2auh0k27ynki
2026-09-09T12:44:02+00:00	dgx-spark-02	True	1	cmtsqj5lz5qd42auh8vvrfn03
2026-09-09T12:44:04+00:00	dgx-spark-04	True	1	cmtpeql4y1etk2auhbk9668ry
2026-09-09T12:44:04+00:00	dgx-spark-03	True	1	cmtpsaud71whj2auh0k27ynki
2026-09-09T12:44:04+00:00	dgx-spark-02	True	1	cmtsqj5lz5qd42auh8vvrfn03
2026-09-09T12:44:06+00:00	dgx-spark-04	True	1	cmtpeql4y1etk2auhbk9668ry
2026-09-09T12:44:06+00:00	dgx-spark-03	True	1	cmtpsaud71whj2auh0k27ynki
2026-09-09T12:44:06+00:00	dgx-spark-02	True	1	cmtsqj5lz5qd42auh8vvrfn03
2026-09-09T12:44:08+00:00	dgx-spark-04	True	1	cmtpeql4y1etk2auhbk9668ry
2026-09-09T12:44:08+00:00	dgx-spark-03	True	1	cmtpsaud71whj2auh0k27ynki
2026-09-09T12:44:08+00:00	dgx-spark-02	True	1	cmtsqj5lz5qd42auh8vvrfn03
2026-09-09T12:44:10+00:00	dgx-spark-04	True	1	cmtpeql4y1etk2auhbk9668ry
2026-09-09T12:44:10+00:00	dgx-spark-03	True	1	cmtpsaud71whj2auh0k27ynki
2026-09-09T12:44:10+00:00	dgx-spark-02	True	1	cmtsqj5lz5qd42auh8vvrfn03
2026-09-09T12:44:12+00:00	dgx-spark-04	True	1	cmtpeql4y1etk2auhbk9668ry
2026-09-09T12:44:12+00:00	dgx-spark-03	True	1	cmtpsaud71whj2auh0k27ynki
2026-09-09T12:44:12+00:00	dgx-spark-02	True	1	cmtsqj5lz5qd42auh8vvrfn03
2026-09-09T12:44:14+00:00	dgx-spark-04	True	1	cmtpeql4y1etk2auhbk9668ry
2026-09-09T12:44:14+00:00	dgx-spark-03	True	1	cmtpsaud71whj2auh0k27ynki
2026-09-09T12:44:14+00:00	dgx-spark-02	True	1	cmtsqj5lz5qd42auh8vvrfn03
2026-09-09T12:44:16+00:00	dgx-spark-04	True	1	cmtpeql4y1etk2auhbk9668ry
2026-09-09T12:44:16+00:00	dgx-spark-03	True	1	cmtpsaud71whj2auh0k27ynki
2026-09-09T12:44:16+00:00	dgx-spark-02	True	1	cmtsqj5lz5qd42auh8vvrfn03
2026-09-09T12:44:18+00:00	dgx-spark-04	True	1	cmtpeql4y1etk2auhbk9668ry
2026-09-09T12:44:18+00:00	dgx-spark-03	True	1	cmtpsaud71whj2auh0k27ynki
2026-09-09T12:44:18+00:00	dgx-spark-02	True	1	cmtsqj5lz5qd42auh8vvrfn03
2026-09-09T12:44:20+00:00	dgx-spark-04	True	1	cmtpeql4y1etk2auhbk9668ry
2026-09-09T12:44:20+00:00	dgx-spark-03	True	1	cmtpsaud71whj2auh0k27ynki
2026-09-09T12:44:20+00:00	dgx-spark-02	True	1	cmtsqj5lz5qd42auh8vvrfn03
2026-09-09T12:44:22+00:00	dgx-spark-04	True	1	cmtpeql4y1etk2auhbk9668ry
2026-09-09T12:44:22+00:00	dgx-spark-03	True	1	cmtpsaud71whj2auh0k27ynki
2026-09-09T12:44:22+00:00	dgx-spark-02	True	1	cmtsqj5lz5qd42auh8vvrfn03
2026-09-09T12:44:24+00:00	dgx-spark-04	True	1	cmtpeql4y1etk2auhbk9668ry
2026-09-09T12:44:24+00:00	dgx-spark-03	True	1	cmtpsaud71whj2auh0k27ynki
2026-09-09T12:44:24+00:00	dgx-spark-02	True	1	cmtsqj5lz5qd42auh8vvrfn03
2026-09-09T12:44:26+00:00	dgx-spark-04	True	1	cmtpeql4y1etk2auhbk9668ry
2026-09-09T12:44:26+00:00	dgx-spark-03	True	1	cmtpsaud71whj2auh0k27ynki
2026-09-09T12:44:26+00:00	dgx-spark-02	True	1	cmtsqj5lz5qd42auh8vvrfn03
2026-09-09T12:44:28+00:00	dgx-spark-04	True	1	cmtpeql4y1etk2auhbk9668ry
2026-09-09T12:44:28+00:00	dgx-spark-03	True	1	cmtpsaud71whj2auh0k27ynki
2026-09-09T12:44:28+00:00	dgx-spark-02	True	1	cmtsqj5lz5qd42auh8vvrfn03
2026-09-09T12:44:30+00:00	dgx-spark-04	True	1	cmtpeql4y1etk2auhbk9668ry
2026-09-09T12:44:30+00:00	dgx-spark-03	True	1	cmtpsaud71whj2auh0k27ynki
2026-09-09T12:44:30+00:00	dgx-spark-02	True	1	cmtsqj5lz5qd42auh8vvrfn03
2026-09-09T12:44:32+00:00	dgx-spark-04	True	1	cmtpeql4y1etk2auhbk9668ry
2026-09-09T12:44:32+00:00	dgx-spark-03	True	1	cmtpsaud71whj2auh0k27ynki
2026-09-09T12:44:32+00:00	dgx-spark-02	True	1	cmtsqj5lz5qd42auh8vvrfn03
2026-09-09T12:44:34+00:00	dgx-spark-04	True	1	cmtpeql4y1etk2auhbk9668ry
2026-09-09T12:44:34+00:00	dgx-spark-03	True	1	cmtpsaud71whj2auh0k27ynki
2026-09-09T12:44:34+00:00	dgx-spark-02	True	1	cmtsqj5lz5qd42auh8vvrfn03
2026-09-09T12:44:36+00:00	dgx-spark-04	True	1	cmtpeql4y1etk2auhbk9668ry
2026-09-09T12:44:36+00:00	dgx-spark-03	True	1	cmtpsaud71whj2auh0k27ynki
2026-09-09T12:44:36+00:00	dgx-spark-02	True	1	cmtsqj5lz5qd42auh8vvrfn03
2026-09-09T12:44:38+00:00	dgx-spark-04	True	1	cmtpeql4y1etk2auhbk9668ry
2026-09-09T12:44:38+00:00	dgx-spark-03	True	1	cmtpsaud71whj2auh0k27ynki
2026-09-09T12:44:38+00:00	dgx-spark-02	True	1	cmtsqj5lz5qd42auh8vvrfn03
2026-09-09T12:44:40+00:00	dgx-spark-04	True	1	cmtpeql4y1etk2auhbk9668ry
2026-09-09T12:44:40+00:00	dgx-spark-03	True	1	cmtpsaud71whj2auh0k27ynki
2026-09-09T12:44:40+00:00	dgx-spark-02	True	1	cmtsqj5lz5qd42auh8vvrfn03
2026-09-09T12:44:42+00:00	dgx-spark-04	True	1	cmtpeql4y1etk2auhbk9668ry
2026-09-09T12:44:42+00:00	dgx-spark-03	True	1	cmtpsaud71whj2auh0k27ynki
2026-09-09T12:44:42+00:00	dgx-spark-02	True	1	cmtsqj5lz5qd42auh8vvrfn03
2026-09-09T12:44:44+00:00	dgx-spark-04	True	1	cmtpeql4y1etk2auhbk9668ry
2026-09-09T12:44:44+00:00	dgx-spark-03	True	1	cmtpsaud71whj2auh0k27ynki
2026-09-09T12:44:44+00:00	dgx-spark-02	True	1	cmtsqj5lz5qd42auh8vvrfn03
2026-09-09T12:44:46+00:00	dgx-spark-04	True	1	cmtpeql4y1etk2auhbk9668ry
2026-09-09T12:44:46+00:00	dgx-spark-03	True	1	cmtpsaud71whj2auh0k27ynki
2026-09-09T12:44:46+00:00	dgx-spark-02	True	1	cmtsqj5lz5qd42auh8vvrfn03
2026-09-09T12:44:48+00:00	dgx-spark-04	True	1	cmtpeql4y1etk2auhbk9668ry
2026-09-09T12:44:48+00:00	dgx-spark-03	True	1	cmtpsaud71whj2auh0k27ynki
2026-09-09T12:44:48+00:00	dgx-spark-02	True	1	cmtsqj5lz5qd42auh8vvrfn03
2026-09-09T12:44:50+00:00	dgx-spark-04	True	1	cmtpeql4y1etk2auhbk9668ry
2026-09-09T12:44:50+00:00	dgx-spark-03	True	1	cmtpsaud71whj2auh0k27ynki
2026-09-09T12:44:50+00:00	dgx-spark-02	True	1	cmtsqj5lz5qd42auh8vvrfn03
2026-09-09T12:44:52+00:00	dgx-spark-04	True	1	cmtpeql4y1etk2auhbk9668ry
2026-09-09T12:44:52+00:00	dgx-spark-03	True	1	cmtpsaud71whj2auh0k27ynki
2026-09-09T12:44:52+00:00	dgx-spark-02	True	1	cmtsqj5lz5qd42auh8vvrfn03
2026-09-09T12:44:54+00:00	dgx-spark-04	True	1	cmtpeql4y1etk2auhbk9668ry
2026-09-09T12:44:54+00:00	dgx-spark-03	True	1	cmtpsaud71whj2auh0k27ynki
2026-09-09T12:44:54+00:00	dgx-spark-02	True	1	cmtsqj5lz5qd42auh8vvrfn03
2026-09-09T12:44:56+00:00	dgx-spark-04	True	1	cmtpeql4y1etk2auhbk9668ry
2026-09-09T12:44:56+00:00	dgx-spark-03	True	1	cmtpsaud71whj2auh0k27ynki
2026-09-09T12:44:56+00:00	dgx-spark-02	True	1	cmtsqj5lz5qd42auh8vvrfn03
2026-09-09T12:44:58+00:00	dgx-spark-04	True	1	cmtpeql4y1etk2auhbk9668ry
2026-09-09T12:44:58+00:00	dgx-spark-03	True	1	cmtpsaud71whj2auh0k27ynki
2026-09-09T12:44:58+00:00	dgx-spark-02	True	1	cmtsqj5lz5qd42auh8vvrfn03
2026-09-09T12:45:00+00:00	dgx-spark-04	True	1	cmtpeql4y1etk2auhbk9668ry
2026-09-09T12:45:00+00:00	dgx-spark-03	True	1	cmtpsaud71whj2auh0k27ynki
2026-09-09T12:45:00+00:00	dgx-spark-02	True	1	cmtsqj5lz5qd42auh8vvrfn03
2026-09-09T12:45:02+00:00	dgx-spark-04	True	1	cmtpeql4y1etk2auhbk9668ry
2026-09-09T12:45:02+00:00	dgx-spark-03	True	1	cmtpsaud71whj2auh0k27ynki
2026-09-09T12:45:02+00:00	dgx-spark-02	True	1	cmtsqj5lz5qd42auh8vvrfn03
2026-09-09T12:45:04+00:00	dgx-spark-04	True	1	cmtpeql4y1etk2auhbk9668ry
2026-09-09T12:45:04+00:00	dgx-spark-03	True	1	cmtpsaud71whj2auh0k27ynki
2026-09-09T12:45:04+00:00	dgx-spark-02	True	1	cmtsqj5lz5qd42auh8vvrfn03
2026-09-09T12:45:06+00:00	dgx-spark-04	True	1	cmtpeql4y1etk2auhbk9668ry
2026-09-09T12:45:06+00:00	dgx-spark-03	True	1	cmtpsaud71whj2auh0k27ynki
2026-09-09T12:45:06+00:00	dgx-spark-02	True	1	cmtsqj5lz5qd42auh8vvrfn03
2026-09-09T12:45:08+00:00	dgx-spark-04	True	1	cmtpeql4y1etk2auhbk9668ry
2026-09-09T12:45:08+00:00	dgx-spark-03	True	1	cmtpsaud71whj2auh0k27ynki
2026-09-09T12:45:08+00:00	dgx-spark-02	True	1	cmtsqj5lz5qd42auh8vvrfn03
2026-09-09T12:45:11+00:00	dgx-spark-04	True	1	cmtpeql4y1etk2auhbk9668ry
2026-09-09T12:45:11+00:00	dgx-spark-03	True	1	cmtpsaud71whj2auh0k27ynki
2026-09-09T12:45:11+00:00	dgx-spark-02	True	1	cmtsqj5lz5qd42auh8vvrfn03
2026-09-09T12:45:13+00:00	dgx-spark-04	True	1	cmtpeql4y1etk2auhbk9668ry
2026-09-09T12:45:13+00:00	dgx-spark-03	True	1	cmtpsaud71whj2auh0k27ynki
2026-09-09T12:45:13+00:00	dgx-spark-02	True	1	cmtsqj5lz5qd42auh8vvrfn03
2026-09-09T12:45:15+00:00	dgx-spark-04	True	1	cmtpeql4y1etk2auhbk9668ry
2026-09-09T12:45:15+00:00	dgx-spark-03	True	1	cmtpsaud71whj2auh0k27ynki
2026-09-09T12:45:15+00:00	dgx-spark-02	True	1	cmtsqj5lz5qd42auh8vvrfn03
2026-09-09T12:45:17+00:00	dgx-spark-04	True	1	cmtpeql4y1etk2auhbk9668ry
2026-09-09T12:45:17+00:00	dgx-spark-03	True	1	cmtpsaud71whj2auh0k27ynki
2026-09-09T12:45:17+00:00	dgx-spark-02	True	1	cmtsqj5lz5qd42auh8vvrfn03
2026-09-09T12:45:19+00:00	dgx-spark-04	True	1	cmtpeql4y1etk2auhbk9668ry
2026-09-09T12:45:19+00:00	dgx-spark-03	True	1	cmtpsaud71whj2auh0k27ynki
2026-09-09T12:45:19+00:00	dgx-spark-02	True	1	cmtsqj5lz5qd42auh8vvrfn03
2026-09-09T12:45:21+00:00	dgx-spark-04	True	1	cmtpeql4y1etk2auhbk9668ry
2026-09-09T12:45:21+00:00	dgx-spark-03	True	1	cmtpsaud71whj2auh0k27ynki
2026-09-09T12:45:21+00:00	dgx-spark-02	True	1	cmtsqj5lz5qd42auh8vvrfn03
2026-09-09T12:45:23+00:00	dgx-spark-04	True	1	cmtpeql4y1etk2auhbk9668ry
2026-09-09T12:45:23+00:00	dgx-spark-03	True	1	cmtpsaud71whj2auh0k27ynki
2026-09-09T12:45:23+00:00	dgx-spark-02	True	1	cmtsqj5lz5qd42auh8vvrfn03
2026-09-09T12:45:25+00:00	dgx-spark-04	True	1	cmtpeql4y1etk2auhbk9668ry
2026-09-09T12:45:25+00:00	dgx-spark-03	True	1	cmtpsaud71whj2auh0k27ynki
2026-09-09T12:45:25+00:00	dgx-spark-02	True	1	cmtsqj5lz5qd42auh8vvrfn03
2026-09-09T12:45:27+00:00	dgx-spark-04	True	1	cmtpeql4y1etk2auhbk9668ry
2026-09-09T12:45:27+00:00	dgx-spark-03	True	1	cmtpsaud71whj2auh0k27ynki
2026-09-09T12:45:27+00:00	dgx-spark-02	True	1	cmtsqj5lz5qd42auh8vvrfn03
2026-09-09T12:45:29+00:00	dgx-spark-04	True	1	cmtpeql4y1etk2auhbk9668ry
2026-09-09T12:45:29+00:00	dgx-spark-03	True	1	cmtpsaud71whj2auh0k27ynki
2026-09-09T12:45:29+00:00	dgx-spark-02	True	1	cmtsqj5lz5qd42auh8vvrfn03
2026-09-09T12:45:31+00:00	dgx-spark-04	True	1	cmtpeql4y1etk2auhbk9668ry
2026-09-09T12:45:31+00:00	dgx-spark-03	True	1	cmtpsaud71whj2auh0k27ynki
2026-09-09T12:45:31+00:00	dgx-spark-02	True	1	cmtsqj5lz5qd42auh8vvrfn03
2026-09-09T12:45:33+00:00	dgx-spark-04	True	1	cmtpeql4y1etk2auhbk9668ry
2026-09-09T12:45:33+00:00	dgx-spark-03	True	1	cmtpsaud71whj2auh0k27ynki
2026-09-09T12:45:33+00:00	dgx-spark-02	True	1	cmtsqj5lz5qd42auh8vvrfn03
2026-09-09T12:45:35+00:00	dgx-spark-04	True	1	cmtpeql4y1etk2auhbk9668ry
2026-09-09T12:45:35+00:00	dgx-spark-03	True	1	cmtpsaud71whj2auh0k27ynki
2026-09-09T12:45:35+00:00	dgx-spark-02	True	1	cmtsqj5lz5qd42auh8vvrfn03
2026-09-09T12:45:37+00:00	dgx-spark-04	True	1	cmtpeql4y1etk2auhbk9668ry
2026-09-09T12:45:37+00:00	dgx-spark-03	True	1	cmtpsaud71whj2auh0k27ynki
2026-09-09T12:45:37+00:00	dgx-spark-02	True	1	cmtsqj5lz5qd42auh8vvrfn03
2026-09-09T12:45:39+00:00	dgx-spark-04	True	0	cmtpeql4y1etk2auhbk9668ry
2026-09-09T12:45:39+00:00	dgx-spark-03	True	1	cmtpsaud71whj2auh0k27ynki
2026-09-09T12:45:39+00:00	dgx-spark-02	True	1	cmtsqj5lz5qd42auh8vvrfn03
2026-09-09T12:45:41+00:00	dgx-spark-04	True	1	cmtpeql4y1etk2auhbk9668ry
2026-09-09T12:45:41+00:00	dgx-spark-03	True	1	cmtpsaud71whj2auh0k27ynki
2026-09-09T12:45:41+00:00	dgx-spark-02	True	1	cmtsqj5lz5qd42auh8vvrfn03
2026-09-09T12:45:43+00:00	dgx-spark-04	True	1	cmtpeql4y1etk2auhbk9668ry
2026-09-09T12:45:43+00:00	dgx-spark-03	True	1	cmtpsaud71whj2auh0k27ynki
2026-09-09T12:45:43+00:00	dgx-spark-02	True	1	cmtsqj5lz5qd42auh8vvrfn03
2026-09-09T12:45:45+00:00	dgx-spark-04	True	1	cmtpeql4y1etk2auhbk9668ry
2026-09-09T12:45:45+00:00	dgx-spark-03	True	1	cmtpsaud71whj2auh0k27ynki
2026-09-09T12:45:45+00:00	dgx-spark-02	True	1	cmtsqj5lz5qd42auh8vvrfn03
2026-09-09T12:45:47+00:00	dgx-spark-04	True	1	cmtpeql4y1etk2auhbk9668ry
2026-09-09T12:45:47+00:00	dgx-spark-03	True	1	cmtpsaud71whj2auh0k27ynki
2026-09-09T12:45:47+00:00	dgx-spark-02	True	1	cmtsqj5lz5qd42auh8vvrfn03
2026-09-09T12:45:49+00:00	dgx-spark-04	True	1	cmtpeql4y1etk2auhbk9668ry
2026-09-09T12:45:49+00:00	dgx-spark-03	True	1	cmtpsaud71whj2auh0k27ynki
2026-09-09T12:45:49+00:00	dgx-spark-02	True	1	cmtsqj5lz5qd42auh8vvrfn03
2026-09-09T12:45:51+00:00	dgx-spark-04	True	1	cmtpeql4y1etk2auhbk9668ry
2026-09-09T12:45:51+00:00	dgx-spark-03	True	1	cmtpsaud71whj2auh0k27ynki
2026-09-09T12:45:51+00:00	dgx-spark-02	True	1	cmtsqj5lz5qd42auh8vvrfn03
2026-09-09T12:45:53+00:00	dgx-spark-04	True	1	cmtpeql4y1etk2auhbk9668ry
2026-09-09T12:45:53+00:00	dgx-spark-03	True	1	cmtpsaud71whj2auh0k27ynki
2026-09-09T12:45:53+00:00	dgx-spark-02	True	1	cmtsqj5lz5qd42auh8vvrfn03
2026-09-09T12:45:55+00:00	dgx-spark-04	True	1	cmtpeql4y1etk2auhbk9668ry
2026-09-09T12:45:55+00:00	dgx-spark-03	True	1	cmtpsaud71whj2auh0k27ynki
2026-09-09T12:45:55+00:00	dgx-spark-02	True	1	cmtsqj5lz5qd42auh8vvrfn03
2026-09-09T12:45:57+00:00	dgx-spark-04	True	1	cmtpeql4y1etk2auhbk9668ry
2026-09-09T12:45:57+00:00	dgx-spark-03	True	1	cmtpsaud71whj2auh0k27ynki
2026-09-09T12:45:57+00:00	dgx-spark-02	True	1	cmtsqj5lz5qd42auh8vvrfn03
2026-09-09T12:45:59+00:00	dgx-spark-04	True	1	cmtpeql4y1etk2auhbk9668ry
2026-09-09T12:45:59+00:00	dgx-spark-03	True	1	cmtpsaud71whj2auh0k27ynki
2026-09-09T12:45:59+00:00	dgx-spark-02	True	1	cmtsqj5lz5qd42auh8vvrfn03
2026-09-09T12:46:01+00:00	dgx-spark-04	True	1	cmtpeql4y1etk2auhbk9668ry
2026-09-09T12:46:01+00:00	dgx-spark-03	True	1	cmtpsaud71whj2auh0k27ynki
2026-09-09T12:46:01+00:00	dgx-spark-02	True	1	cmtsqj5lz5qd42auh8vvrfn03
2026-09-09T12:46:03+00:00	dgx-spark-04	True	1	cmtpeql4y1etk2auhbk9668ry
2026-09-09T12:46:03+00:00	dgx-spark-03	True	1	cmtpsaud71whj2auh0k27ynki
2026-09-09T12:46:03+00:00	dgx-spark-02	True	1	cmtsqj5lz5qd42auh8vvrfn03
2026-09-09T12:46:05+00:00	dgx-spark-04	True	1	cmtpeql4y1etk2auhbk9668ry
2026-09-09T12:46:05+00:00	dgx-spark-03	True	1	cmtpsaud71whj2auh0k27ynki
2026-09-09T12:46:05+00:00	dgx-spark-02	True	1	cmtsqj5lz5qd42auh8vvrfn03
2026-09-09T12:46:07+00:00	dgx-spark-04	True	1	cmtpeql4y1etk2auhbk9668ry
2026-09-09T12:46:07+00:00	dgx-spark-03	True	1	cmtpsaud71whj2auh0k27ynki
2026-09-09T12:46:07+00:00	dgx-spark-02	True	1	cmtsqj5lz5qd42auh8vvrfn03
2026-09-09T12:46:09+00:00	dgx-spark-04	True	1	cmtpeql4y1etk2auhbk9668ry
2026-09-09T12:46:09+00:00	dgx-spark-03	True	1	cmtpsaud71whj2auh0k27ynki
2026-09-09T12:46:09+00:00	dgx-spark-02	True	1	cmtsqj5lz5qd42auh8vvrfn03
2026-09-09T12:46:11+00:00	dgx-spark-04	True	1	cmtpeql4y1etk2auhbk9668ry
2026-09-09T12:46:11+00:00	dgx-spark-03	True	0	cmtpsaud71whj2auh0k27ynki
2026-09-09T12:46:11+00:00	dgx-spark-02	True	1	cmtsqj5lz5qd42auh8vvrfn03
2026-09-09T12:46:13+00:00	dgx-spark-04	True	1	cmtpeql4y1etk2auhbk9668ry
2026-09-09T12:46:13+00:00	dgx-spark-03	True	1	cmtpsaud71whj2auh0k27ynki
2026-09-09T12:46:13+00:00	dgx-spark-02	True	1	cmtsqj5lz5qd42auh8vvrfn03
2026-09-09T12:46:15+00:00	dgx-spark-04	True	1	cmtpeql4y1etk2auhbk9668ry
2026-09-09T12:46:15+00:00	dgx-spark-03	True	1	cmtpsaud71whj2auh0k27ynki
2026-09-09T12:46:15+00:00	dgx-spark-02	True	1	cmtsqj5lz5qd42auh8vvrfn03
2026-09-09T12:46:17+00:00	dgx-spark-04	True	1	cmtpeql4y1etk2auhbk9668ry
2026-09-09T12:46:17+00:00	dgx-spark-03	True	1	cmtpsaud71whj2auh0k27ynki
2026-09-09T12:46:17+00:00	dgx-spark-02	True	1	cmtsqj5lz5qd42auh8vvrfn03
2026-09-09T12:46:19+00:00	dgx-spark-04	True	1	cmtpeql4y1etk2auhbk9668ry
2026-09-09T12:46:19+00:00	dgx-spark-03	True	1	cmtpsaud71whj2auh0k27ynki
2026-09-09T12:46:19+00:00	dgx-spark-02	True	1	cmtsqj5lz5qd42auh8vvrfn03
2026-09-09T12:46:21+00:00	dgx-spark-04	True	1	cmtpeql4y1etk2auhbk9668ry
2026-09-09T12:46:21+00:00	dgx-spark-03	True	1	cmtpsaud71whj2auh0k27ynki
2026-09-09T12:46:21+00:00	dgx-spark-02	True	1	cmtsqj5lz5qd42auh8vvrfn03
2026-09-09T12:46:23+00:00	dgx-spark-04	True	1	cmtpeql4y1etk2auhbk9668ry
2026-09-09T12:46:23+00:00	dgx-spark-03	True	1	cmtpsaud71whj2auh0k27ynki
2026-09-09T12:46:23+00:00	dgx-spark-02	True	1	cmtsqj5lz5qd42auh8vvrfn03
2026-09-09T12:46:25+00:00	dgx-spark-04	True	1	cmtpeql4y1etk2auhbk9668ry
2026-09-09T12:46:25+00:00	dgx-spark-03	True	1	cmtpsaud71whj2auh0k27ynki
2026-09-09T12:46:25+00:00	dgx-spark-02	True	1	cmtsqj5lz5qd42auh8vvrfn03
2026-09-09T12:46:27+00:00	dgx-spark-04	True	1	cmtpeql4y1etk2auhbk9668ry
2026-09-09T12:46:27+00:00	dgx-spark-03	True	1	cmtpsaud71whj2auh0k27ynki
2026-09-09T12:46:27+00:00	dgx-spark-02	True	1	cmtsqj5lz5qd42auh8vvrfn03
2026-09-09T12:46:29+00:00	dgx-spark-04	True	1	cmtpeql4y1etk2auhbk9668ry
2026-09-09T12:46:29+00:00	dgx-spark-03	True	1	cmtpsaud71whj2auh0k27ynki
2026-09-09T12:46:29+00:00	dgx-spark-02	True	1	cmtsqj5lz5qd42auh8vvrfn03
2026-09-09T12:46:31+00:00	dgx-spark-04	True	1	cmtpeql4y1etk2auhbk9668ry
2026-09-09T12:46:31+00:00	dgx-spark-03	True	1	cmtpsaud71whj2auh0k27ynki
2026-09-09T12:46:31+00:00	dgx-spark-02	True	1	cmtsqj5lz5qd42auh8vvrfn03
2026-09-09T12:46:33+00:00	dgx-spark-04	True	1	cmtpeql4y1etk2auhbk9668ry
2026-09-09T12:46:33+00:00	dgx-spark-03	True	1	cmtpsaud71whj2auh0k27ynki
2026-09-09T12:46:33+00:00	dgx-spark-02	True	1	cmtsqj5lz5qd42auh8vvrfn03
2026-09-09T12:46:35+00:00	dgx-spark-04	True	1	cmtpeql4y1etk2auhbk9668ry
2026-09-09T12:46:35+00:00	dgx-spark-03	True	1	cmtpsaud71whj2auh0k27ynki
2026-09-09T12:46:35+00:00	dgx-spark-02	True	1	cmtsqj5lz5qd42auh8vvrfn03
2026-09-09T12:46:37+00:00	dgx-spark-04	True	1	cmtpeql4y1etk2auhbk9668ry
2026-09-09T12:46:37+00:00	dgx-spark-03	True	1	cmtpsaud71whj2auh0k27ynki
2026-09-09T12:46:37+00:00	dgx-spark-02	True	1	cmtsqj5lz5qd42auh8vvrfn03
2026-09-09T12:46:39+00:00	dgx-spark-04	True	1	cmtpeql4y1etk2auhbk9668ry
2026-09-09T12:46:39+00:00	dgx-spark-03	True	1	cmtpsaud71whj2auh0k27ynki
2026-09-09T12:46:39+00:00	dgx-spark-02	True	1	cmtsqj5lz5qd42auh8vvrfn03
2026-09-09T12:46:41+00:00	dgx-spark-04	True	1	cmtpeql4y1etk2auhbk9668ry
2026-09-09T12:46:41+00:00	dgx-spark-03	True	1	cmtpsaud71whj2auh0k27ynki
2026-09-09T12:46:41+00:00	dgx-spark-02	True	1	cmtsqj5lz5qd42auh8vvrfn03
2026-09-09T12:46:44+00:00	dgx-spark-04	True	1	cmtpeql4y1etk2auhbk9668ry
2026-09-09T12:46:44+00:00	dgx-spark-03	True	1	cmtpsaud71whj2auh0k27ynki
2026-09-09T12:46:44+00:00	dgx-spark-02	True	1	cmtsqj5lz5qd42auh8vvrfn03
2026-09-09T12:46:46+00:00	dgx-spark-04	True	1	cmtpeql4y1etk2auhbk9668ry
2026-09-09T12:46:46+00:00	dgx-spark-03	True	1	cmtpsaud71whj2auh0k27ynki
2026-09-09T12:46:46+00:00	dgx-spark-02	True	1	cmtsqj5lz5qd42auh8vvrfn03
2026-09-09T12:46:48+00:00	dgx-spark-04	True	1	cmtpeql4y1etk2auhbk9668ry
2026-09-09T12:46:48+00:00	dgx-spark-03	True	1	cmtpsaud71whj2auh0k27ynki
2026-09-09T12:46:48+00:00	dgx-spark-02	True	1	cmtsqj5lz5qd42auh8vvrfn03
2026-09-09T12:46:50+00:00	dgx-spark-04	True	1	cmtpeql4y1etk2auhbk9668ry
2026-09-09T12:46:50+00:00	dgx-spark-03	True	1	cmtpsaud71whj2auh0k27ynki
2026-09-09T12:46:50+00:00	dgx-spark-02	True	1	cmtsqj5lz5qd42auh8vvrfn03
2026-09-09T12:46:52+00:00	dgx-spark-04	True	1	cmtpeql4y1etk2auhbk9668ry
2026-09-09T12:46:52+00:00	dgx-spark-03	True	1	cmtpsaud71whj2auh0k27ynki
2026-09-09T12:46:52+00:00	dgx-spark-02	True	1	cmtsqj5lz5qd42auh8vvrfn03
2026-09-09T12:46:54+00:00	dgx-spark-04	True	1	cmtpeql4y1etk2auhbk9668ry
2026-09-09T12:46:54+00:00	dgx-spark-03	True	1	cmtpsaud71whj2auh0k27ynki
2026-09-09T12:46:54+00:00	dgx-spark-02	True	1	cmtsqj5lz5qd42auh8vvrfn03
2026-09-09T12:46:56+00:00	dgx-spark-04	True	1	cmtpeql4y1etk2auhbk9668ry
2026-09-09T12:46:56+00:00	dgx-spark-03	True	1	cmtpsaud71whj2auh0k27ynki
2026-09-09T12:46:56+00:00	dgx-spark-02	True	1	cmtsqj5lz5qd42auh8vvrfn03
2026-09-09T12:46:58+00:00	dgx-spark-04	True	1	cmtpeql4y1etk2auhbk9668ry
2026-09-09T12:46:58+00:00	dgx-spark-03	True	1	cmtpsaud71whj2auh0k27ynki
2026-09-09T12:46:58+00:00	dgx-spark-02	True	1	cmtsqj5lz5qd42auh8vvrfn03
2026-09-09T12:47:00+00:00	dgx-spark-04	True	1	cmtpeql4y1etk2auhbk9668ry
2026-09-09T12:47:00+00:00	dgx-spark-03	True	1	cmtpsaud71whj2auh0k27ynki
2026-09-09T12:47:00+00:00	dgx-spark-02	True	1	cmtsqj5lz5qd42auh8vvrfn03
2026-09-09T12:47:02+00:00	dgx-spark-04	True	1	cmtpeql4y1etk2auhbk9668ry
2026-09-09T12:47:02+00:00	dgx-spark-03	True	1	cmtpsaud71whj2auh0k27ynki
2026-09-09T12:47:02+00:00	dgx-spark-02	True	1	cmtsqj5lz5qd42auh8vvrfn03
2026-09-09T12:47:04+00:00	dgx-spark-04	True	1	cmtpeql4y1etk2auhbk9668ry
2026-09-09T12:47:04+00:00	dgx-spark-03	True	1	cmtpsaud71whj2auh0k27ynki
2026-09-09T12:47:04+00:00	dgx-spark-02	True	1	cmtsqj5lz5qd42auh8vvrfn03
2026-09-09T12:47:06+00:00	dgx-spark-04	True	1	cmtpeql4y1etk2auhbk9668ry
2026-09-09T12:47:06+00:00	dgx-spark-03	True	1	cmtpsaud71whj2auh0k27ynki
2026-09-09T12:47:06+00:00	dgx-spark-02	True	1	cmtsqj5lz5qd42auh8vvrfn03
2026-09-09T12:47:08+00:00	dgx-spark-04	True	1	cmtpeql4y1etk2auhbk9668ry
2026-09-09T12:47:08+00:00	dgx-spark-03	True	1	cmtpsaud71whj2auh0k27ynki
2026-09-09T12:47:08+00:00	dgx-spark-02	True	1	cmtsqj5lz5qd42auh8vvrfn03
2026-09-09T12:47:10+00:00	dgx-spark-04	True	1	cmtpeql4y1etk2auhbk9668ry
2026-09-09T12:47:10+00:00	dgx-spark-03	True	1	cmtpsaud71whj2auh0k27ynki
2026-09-09T12:47:10+00:00	dgx-spark-02	True	1	cmtsqj5lz5qd42auh8vvrfn03
2026-09-09T12:47:12+00:00	dgx-spark-04	True	1	cmtpeql4y1etk2auhbk9668ry
2026-09-09T12:47:12+00:00	dgx-spark-03	True	1	cmtpsaud71whj2auh0k27ynki
2026-09-09T12:47:12+00:00	dgx-spark-02	True	1	cmtsqj5lz5qd42auh8vvrfn03
2026-09-09T12:47:14+00:00	dgx-spark-04	True	1	cmtpeql4y1etk2auhbk9668ry
2026-09-09T12:47:14+00:00	dgx-spark-03	True	1	cmtpsaud71whj2auh0k27ynki
2026-09-09T12:47:14+00:00	dgx-spark-02	True	1	cmtsqj5lz5qd42auh8vvrfn03
2026-09-09T12:47:16+00:00	dgx-spark-04	True	1	cmtpeql4y1etk2auhbk9668ry
2026-09-09T12:47:16+00:00	dgx-spark-03	True	1	cmtpsaud71whj2auh0k27ynki
2026-09-09T12:47:16+00:00	dgx-spark-02	True	1	cmtsqj5lz5qd42auh8vvrfn03
2026-09-09T12:47:18+00:00	dgx-spark-04	True	1	cmtpeql4y1etk2auhbk9668ry
2026-09-09T12:47:18+00:00	dgx-spark-03	True	1	cmtpsaud71whj2auh0k27ynki
2026-09-09T12:47:18+00:00	dgx-spark-02	True	1	cmtsqj5lz5qd42auh8vvrfn03
2026-09-09T12:47:20+00:00	dgx-spark-04	True	1	cmtpeql4y1etk2auhbk9668ry
2026-09-09T12:47:20+00:00	dgx-spark-03	True	1	cmtpsaud71whj2auh0k27ynki
2026-09-09T12:47:20+00:00	dgx-spark-02	True	1	cmtsqj5lz5qd42auh8vvrfn03
2026-09-09T12:47:22+00:00	dgx-spark-04	True	1	cmtpeql4y1etk2auhbk9668ry
2026-09-09T12:47:22+00:00	dgx-spark-03	True	1	cmtpsaud71whj2auh0k27ynki
2026-09-09T12:47:22+00:00	dgx-spark-02	True	1	cmtsqj5lz5qd42auh8vvrfn03
2026-09-09T12:47:24+00:00	dgx-spark-04	True	1	cmtpeql4y1etk2auhbk9668ry
2026-09-09T12:47:24+00:00	dgx-spark-03	True	1	cmtpsaud71whj2auh0k27ynki
2026-09-09T12:47:24+00:00	dgx-spark-02	True	1	cmtsqj5lz5qd42auh8vvrfn03
2026-09-09T12:47:26+00:00	dgx-spark-04	True	1	cmtpeql4y1etk2auhbk9668ry
2026-09-09T12:47:26+00:00	dgx-spark-03	True	1	cmtpsaud71whj2auh0k27ynki
2026-09-09T12:47:26+00:00	dgx-spark-02	True	1	cmtsqj5lz5qd42auh8vvrfn03
2026-09-09T12:47:28+00:00	dgx-spark-04	True	1	cmtpeql4y1etk2auhbk9668ry
2026-09-09T12:47:28+00:00	dgx-spark-03	True	1	cmtpsaud71whj2auh0k27ynki
2026-09-09T12:47:28+00:00	dgx-spark-02	True	1	cmtsqj5lz5qd42auh8vvrfn03
2026-09-09T12:47:30+00:00	dgx-spark-04	True	1	cmtpeql4y1etk2auhbk9668ry
2026-09-09T12:47:30+00:00	dgx-spark-03	True	1	cmtpsaud71whj2auh0k27ynki
2026-09-09T12:47:30+00:00	dgx-spark-02	True	1	cmtsqj5lz5qd42auh8vvrfn03
2026-09-09T12:47:32+00:00	dgx-spark-04	True	1	cmtpeql4y1etk2auhbk9668ry
2026-09-09T12:47:32+00:00	dgx-spark-03	True	1	cmtpsaud71whj2auh0k27ynki
2026-09-09T12:47:32+00:00	dgx-spark-02	True	1	cmtsqj5lz5qd42auh8vvrfn03
2026-09-09T12:47:34+00:00	dgx-spark-04	True	1	cmtpeql4y1etk2auhbk9668ry
2026-09-09T12:47:34+00:00	dgx-spark-03	True	1	cmtpsaud71whj2auh0k27ynki
2026-09-09T12:47:34+00:00	dgx-spark-02	True	1	cmtsqj5lz5qd42auh8vvrfn03
2026-09-09T12:47:36+00:00	dgx-spark-04	True	1	cmtpeql4y1etk2auhbk9668ry
2026-09-09T12:47:36+00:00	dgx-spark-03	True	1	cmtpsaud71whj2auh0k27ynki
2026-09-09T12:47:36+00:00	dgx-spark-02	True	1	cmtsqj5lz5qd42auh8vvrfn03
2026-09-09T12:47:38+00:00	dgx-spark-04	True	1	cmtpeql4y1etk2auhbk9668ry
2026-09-09T12:47:38+00:00	dgx-spark-03	True	1	cmtpsaud71whj2auh0k27ynki
2026-09-09T12:47:38+00:00	dgx-spark-02	True	1	cmtsqj5lz5qd42auh8vvrfn03
2026-09-09T12:47:40+00:00	dgx-spark-04	True	1	cmtpeql4y1etk2auhbk9668ry
2026-09-09T12:47:40+00:00	dgx-spark-03	True	1	cmtpsaud71whj2auh0k27ynki
2026-09-09T12:47:40+00:00	dgx-spark-02	True	1	cmtsqj5lz5qd42auh8vvrfn03
2026-09-09T12:47:42+00:00	dgx-spark-04	True	1	cmtpeql4y1etk2auhbk9668ry
2026-09-09T12:47:42+00:00	dgx-spark-03	True	1	cmtpsaud71whj2auh0k27ynki
2026-09-09T12:47:42+00:00	dgx-spark-02	True	1	cmtsqj5lz5qd42auh8vvrfn03
2026-09-09T12:47:44+00:00	dgx-spark-04	True	1	cmtpeql4y1etk2auhbk9668ry
2026-09-09T12:47:44+00:00	dgx-spark-03	True	1	cmtpsaud71whj2auh0k27ynki
2026-09-09T12:47:44+00:00	dgx-spark-02	True	1	cmtsqj5lz5qd42auh8vvrfn03
2026-09-09T12:47:46+00:00	dgx-spark-04	True	1	cmtpeql4y1etk2auhbk9668ry
2026-09-09T12:47:46+00:00	dgx-spark-03	True	1	cmtpsaud71whj2auh0k27ynki
2026-09-09T12:47:46+00:00	dgx-spark-02	True	1	cmtsqj5lz5qd42auh8vvrfn03
2026-09-09T12:47:48+00:00	dgx-spark-04	True	1	cmtpeql4y1etk2auhbk9668ry
2026-09-09T12:47:48+00:00	dgx-spark-03	True	1	cmtpsaud71whj2auh0k27ynki
2026-09-09T12:47:48+00:00	dgx-spark-02	True	1	cmtsqj5lz5qd42auh8vvrfn03
2026-09-09T12:47:50+00:00	dgx-spark-04	True	1	cmtpeql4y1etk2auhbk9668ry
2026-09-09T12:47:50+00:00	dgx-spark-03	True	1	cmtpsaud71whj2auh0k27ynki
2026-09-09T12:47:50+00:00	dgx-spark-02	True	1	cmtsqj5lz5qd42auh8vvrfn03
2026-09-09T12:47:52+00:00	dgx-spark-04	True	1	cmtpeql4y1etk2auhbk9668ry
2026-09-09T12:47:52+00:00	dgx-spark-03	True	1	cmtpsaud71whj2auh0k27ynki
2026-09-09T12:47:52+00:00	dgx-spark-02	True	1	cmtsqj5lz5qd42auh8vvrfn03
2026-09-09T12:47:54+00:00	dgx-spark-04	True	1	cmtpeql4y1etk2auhbk9668ry
2026-09-09T12:47:54+00:00	dgx-spark-03	True	1	cmtpsaud71whj2auh0k27ynki
2026-09-09T12:47:54+00:00	dgx-spark-02	True	1	cmtsqj5lz5qd42auh8vvrfn03
2026-09-09T12:47:56+00:00	dgx-spark-04	True	1	cmtpeql4y1etk2auhbk9668ry
2026-09-09T12:47:56+00:00	dgx-spark-03	True	1	cmtpsaud71whj2auh0k27ynki
2026-09-09T12:47:56+00:00	dgx-spark-02	True	1	cmtsqj5lz5qd42auh8vvrfn03
2026-09-09T12:47:58+00:00	dgx-spark-04	True	1	cmtpeql4y1etk2auhbk9668ry
2026-09-09T12:47:58+00:00	dgx-spark-03	True	1	cmtpsaud71whj2auh0k27ynki
2026-09-09T12:47:58+00:00	dgx-spark-02	True	1	cmtsqj5lz5qd42auh8vvrfn03
2026-09-09T12:48:00+00:00	dgx-spark-04	True	1	cmtpeql4y1etk2auhbk9668ry
2026-09-09T12:48:00+00:00	dgx-spark-03	True	1	cmtpsaud71whj2auh0k27ynki
2026-09-09T12:48:00+00:00	dgx-spark-02	True	1	cmtsqj5lz5qd42auh8vvrfn03
2026-09-09T12:48:02+00:00	dgx-spark-04	True	1	cmtpeql4y1etk2auhbk9668ry
2026-09-09T12:48:02+00:00	dgx-spark-03	True	1	cmtpsaud71whj2auh0k27ynki
2026-09-09T12:48:02+00:00	dgx-spark-02	True	1	cmtsqj5lz5qd42auh8vvrfn03
2026-09-09T12:48:04+00:00	dgx-spark-04	True	1	cmtpeql4y1etk2auhbk9668ry
2026-09-09T12:48:04+00:00	dgx-spark-03	True	1	cmtpsaud71whj2auh0k27ynki
2026-09-09T12:48:04+00:00	dgx-spark-02	True	1	cmtsqj5lz5qd42auh8vvrfn03
2026-09-09T12:48:06+00:00	dgx-spark-04	True	1	cmtpeql4y1etk2auhbk9668ry
2026-09-09T12:48:06+00:00	dgx-spark-03	True	1	cmtpsaud71whj2auh0k27ynki
2026-09-09T12:48:06+00:00	dgx-spark-02	True	1	cmtsqj5lz5qd42auh8vvrfn03
2026-09-09T12:48:08+00:00	dgx-spark-04	True	1	cmtpeql4y1etk2auhbk9668ry
2026-09-09T12:48:08+00:00	dgx-spark-03	True	1	cmtpsaud71whj2auh0k27ynki
2026-09-09T12:48:08+00:00	dgx-spark-02	True	1	cmtsqj5lz5qd42auh8vvrfn03
2026-09-09T12:48:10+00:00	dgx-spark-04	True	1	cmtpeql4y1etk2auhbk9668ry
2026-09-09T12:48:10+00:00	dgx-spark-03	True	1	cmtpsaud71whj2auh0k27ynki
2026-09-09T12:48:10+00:00	dgx-spark-02	True	1	cmtsqj5lz5qd42auh8vvrfn03
2026-09-09T12:48:12+00:00	dgx-spark-04	True	1	cmtpeql4y1etk2auhbk9668ry
2026-09-09T12:48:12+00:00	dgx-spark-03	True	1	cmtpsaud71whj2auh0k27ynki
2026-09-09T12:48:12+00:00	dgx-spark-02	True	1	cmtsqj5lz5qd42auh8vvrfn03
2026-09-09T12:48:14+00:00	dgx-spark-04	True	1	cmtpeql4y1etk2auhbk9668ry
2026-09-09T12:48:14+00:00	dgx-spark-03	True	1	cmtpsaud71whj2auh0k27ynki
2026-09-09T12:48:14+00:00	dgx-spark-02	True	1	cmtsqj5lz5qd42auh8vvrfn03
2026-09-09T12:48:16+00:00	dgx-spark-04	True	1	cmtpeql4y1etk2auhbk9668ry
2026-09-09T12:48:16+00:00	dgx-spark-03	True	1	cmtpsaud71whj2auh0k27ynki
2026-09-09T12:48:16+00:00	dgx-spark-02	True	1	cmtsqj5lz5qd42auh8vvrfn03
2026-09-09T12:48:18+00:00	dgx-spark-04	True	1	cmtpeql4y1etk2auhbk9668ry
2026-09-09T12:48:18+00:00	dgx-spark-03	True	1	cmtpsaud71whj2auh0k27ynki
2026-09-09T12:48:18+00:00	dgx-spark-02	True	1	cmtsqj5lz5qd42auh8vvrfn03
2026-09-09T12:48:20+00:00	dgx-spark-04	True	1	cmtpeql4y1etk2auhbk9668ry
2026-09-09T12:48:20+00:00	dgx-spark-03	True	1	cmtpsaud71whj2auh0k27ynki
2026-09-09T12:48:20+00:00	dgx-spark-02	True	1	cmtsqj5lz5qd42auh8vvrfn03
2026-09-09T12:48:22+00:00	dgx-spark-04	True	1	cmtpeql4y1etk2auhbk9668ry
2026-09-09T12:48:22+00:00	dgx-spark-03	True	1	cmtpsaud71whj2auh0k27ynki
2026-09-09T12:48:22+00:00	dgx-spark-02	True	1	cmtsqj5lz5qd42auh8vvrfn03
2026-09-09T12:48:25+00:00	dgx-spark-04	True	1	cmtpeql4y1etk2auhbk9668ry
2026-09-09T12:48:25+00:00	dgx-spark-03	True	1	cmtpsaud71whj2auh0k27ynki
2026-09-09T12:48:25+00:00	dgx-spark-02	True	1	cmtsqj5lz5qd42auh8vvrfn03
2026-09-09T12:48:27+00:00	dgx-spark-04	True	1	cmtpeql4y1etk2auhbk9668ry
2026-09-09T12:48:27+00:00	dgx-spark-03	True	1	cmtpsaud71whj2auh0k27ynki
2026-09-09T12:48:27+00:00	dgx-spark-02	True	1	cmtsqj5lz5qd42auh8vvrfn03
2026-09-09T12:48:29+00:00	dgx-spark-04	True	1	cmtpeql4y1etk2auhbk9668ry
2026-09-09T12:48:29+00:00	dgx-spark-03	True	1	cmtpsaud71whj2auh0k27ynki
2026-09-09T12:48:29+00:00	dgx-spark-02	True	1	cmtsqj5lz5qd42auh8vvrfn03
2026-09-09T12:48:31+00:00	dgx-spark-04	True	1	cmtpeql4y1etk2auhbk9668ry
2026-09-09T12:48:31+00:00	dgx-spark-03	True	1	cmtpsaud71whj2auh0k27ynki
2026-09-09T12:48:31+00:00	dgx-spark-02	True	1	cmtsqj5lz5qd42auh8vvrfn03
2026-09-09T12:48:33+00:00	dgx-spark-04	True	1	cmtpeql4y1etk2auhbk9668ry
2026-09-09T12:48:33+00:00	dgx-spark-03	True	1	cmtpsaud71whj2auh0k27ynki
2026-09-09T12:48:33+00:00	dgx-spark-02	True	1	cmtsqj5lz5qd42auh8vvrfn03
2026-09-09T12:48:35+00:00	dgx-spark-04	True	1	cmtpeql4y1etk2auhbk9668ry
2026-09-09T12:48:35+00:00	dgx-spark-03	True	1	cmtpsaud71whj2auh0k27ynki
2026-09-09T12:48:35+00:00	dgx-spark-02	True	1	cmtsqj5lz5qd42auh8vvrfn03
2026-09-09T12:48:37+00:00	dgx-spark-04	True	1	cmtpeql4y1etk2auhbk9668ry
2026-09-09T12:48:37+00:00	dgx-spark-03	True	1	cmtpsaud71whj2auh0k27ynki
2026-09-09T12:48:37+00:00	dgx-spark-02	True	1	cmtsqj5lz5qd42auh8vvrfn03
2026-09-09T12:48:39+00:00	dgx-spark-04	True	1	cmtpeql4y1etk2auhbk9668ry
2026-09-09T12:48:39+00:00	dgx-spark-03	True	1	cmtpsaud71whj2auh0k27ynki
2026-09-09T12:48:39+00:00	dgx-spark-02	True	1	cmtsqj5lz5qd42auh8vvrfn03
2026-09-09T12:48:41+00:00	dgx-spark-04	True	1	cmtpeql4y1etk2auhbk9668ry
2026-09-09T12:48:41+00:00	dgx-spark-03	True	1	cmtpsaud71whj2auh0k27ynki
2026-09-09T12:48:41+00:00	dgx-spark-02	True	1	cmtsqj5lz5qd42auh8vvrfn03
2026-09-09T12:48:43+00:00	dgx-spark-04	True	1	cmtpeql4y1etk2auhbk9668ry
2026-09-09T12:48:43+00:00	dgx-spark-03	True	1	cmtpsaud71whj2auh0k27ynki
2026-09-09T12:48:43+00:00	dgx-spark-02	True	1	cmtsqj5lz5qd42auh8vvrfn03
2026-09-09T12:48:45+00:00	dgx-spark-04	True	1	cmtpeql4y1etk2auhbk9668ry
2026-09-09T12:48:45+00:00	dgx-spark-03	True	1	cmtpsaud71whj2auh0k27ynki
2026-09-09T12:48:45+00:00	dgx-spark-02	True	1	cmtsqj5lz5qd42auh8vvrfn03
2026-09-09T12:48:47+00:00	dgx-spark-04	True	1	cmtpeql4y1etk2auhbk9668ry
2026-09-09T12:48:47+00:00	dgx-spark-03	True	1	cmtpsaud71whj2auh0k27ynki
2026-09-09T12:48:47+00:00	dgx-spark-02	True	1	cmtsqj5lz5qd42auh8vvrfn03
2026-09-09T12:48:49+00:00	dgx-spark-04	True	1	cmtpeql4y1etk2auhbk9668ry
2026-09-09T12:48:49+00:00	dgx-spark-03	True	1	cmtpsaud71whj2auh0k27ynki
2026-09-09T12:48:49+00:00	dgx-spark-02	True	1	cmtsqj5lz5qd42auh8vvrfn03
2026-09-09T12:48:51+00:00	dgx-spark-04	True	1	cmtpeql4y1etk2auhbk9668ry
2026-09-09T12:48:51+00:00	dgx-spark-03	True	1	cmtpsaud71whj2auh0k27ynki
2026-09-09T12:48:51+00:00	dgx-spark-02	True	1	cmtsqj5lz5qd42auh8vvrfn03
2026-09-09T12:48:53+00:00	dgx-spark-04	True	1	cmtpeql4y1etk2auhbk9668ry
2026-09-09T12:48:53+00:00	dgx-spark-03	True	1	cmtpsaud71whj2auh0k27ynki
2026-09-09T12:48:53+00:00	dgx-spark-02	True	1	cmtsqj5lz5qd42auh8vvrfn03
2026-09-09T12:48:55+00:00	dgx-spark-04	True	1	cmtpeql4y1etk2auhbk9668ry
2026-09-09T12:48:55+00:00	dgx-spark-03	True	1	cmtpsaud71whj2auh0k27ynki
2026-09-09T12:48:55+00:00	dgx-spark-02	True	1	cmtsqj5lz5qd42auh8vvrfn03
2026-09-09T12:48:57+00:00	dgx-spark-04	True	1	cmtpeql4y1etk2auhbk9668ry
2026-09-09T12:48:57+00:00	dgx-spark-03	True	0	cmtpsaud71whj2auh0k27ynki
2026-09-09T12:48:57+00:00	dgx-spark-02	True	1	cmtsqj5lz5qd42auh8vvrfn03
2026-09-09T12:48:59+00:00	dgx-spark-04	True	1	cmtpeql4y1etk2auhbk9668ry
2026-09-09T12:48:59+00:00	dgx-spark-03	True	0	cmtpsaud71whj2auh0k27ynki
2026-09-09T12:48:59+00:00	dgx-spark-02	True	1	cmtsqj5lz5qd42auh8vvrfn03
2026-09-09T12:49:01+00:00	dgx-spark-04	True	1	cmtpeql4y1etk2auhbk9668ry
2026-09-09T12:49:01+00:00	dgx-spark-03	True	1	cmtpsaud71whj2auh0k27ynki
2026-09-09T12:49:01+00:00	dgx-spark-02	True	1	cmtsqj5lz5qd42auh8vvrfn03
2026-09-09T12:49:03+00:00	dgx-spark-04	True	1	cmtpeql4y1etk2auhbk9668ry
2026-09-09T12:49:03+00:00	dgx-spark-03	True	1	cmtpsaud71whj2auh0k27ynki
2026-09-09T12:49:03+00:00	dgx-spark-02	True	1	cmtsqj5lz5qd42auh8vvrfn03
2026-09-09T12:49:05+00:00	dgx-spark-04	True	1	cmtpeql4y1etk2auhbk9668ry
2026-09-09T12:49:05+00:00	dgx-spark-03	True	1	cmtpsaud71whj2auh0k27ynki
2026-09-09T12:49:05+00:00	dgx-spark-02	True	1	cmtsqj5lz5qd42auh8vvrfn03
2026-09-09T12:49:07+00:00	dgx-spark-04	True	1	cmtpeql4y1etk2auhbk9668ry
2026-09-09T12:49:07+00:00	dgx-spark-03	True	1	cmtpsaud71whj2auh0k27ynki
2026-09-09T12:49:07+00:00	dgx-spark-02	True	1	cmtsqj5lz5qd42auh8vvrfn03
2026-09-09T12:49:10+00:00	dgx-spark-04	True	1	cmtpeql4y1etk2auhbk9668ry
2026-09-09T12:49:10+00:00	dgx-spark-03	True	1	cmtpsaud71whj2auh0k27ynki
2026-09-09T12:49:10+00:00	dgx-spark-02	True	1	cmtsqj5lz5qd42auh8vvrfn03
2026-09-09T12:49:12+00:00	dgx-spark-04	True	1	cmtpeql4y1etk2auhbk9668ry
2026-09-09T12:49:12+00:00	dgx-spark-03	True	1	cmtpsaud71whj2auh0k27ynki
2026-09-09T12:49:12+00:00	dgx-spark-02	True	1	cmtsqj5lz5qd42auh8vvrfn03
2026-09-09T12:49:14+00:00	dgx-spark-04	True	1	cmtpeql4y1etk2auhbk9668ry
2026-09-09T12:49:14+00:00	dgx-spark-03	True	1	cmtpsaud71whj2auh0k27ynki
2026-09-09T12:49:14+00:00	dgx-spark-02	True	1	cmtsqj5lz5qd42auh8vvrfn03
2026-09-09T12:49:16+00:00	dgx-spark-04	True	1	cmtpeql4y1etk2auhbk9668ry
2026-09-09T12:49:16+00:00	dgx-spark-03	True	1	cmtpsaud71whj2auh0k27ynki
2026-09-09T12:49:16+00:00	dgx-spark-02	True	1	cmtsqj5lz5qd42auh8vvrfn03
2026-09-09T12:49:18+00:00	dgx-spark-04	True	1	cmtpeql4y1etk2auhbk9668ry
2026-09-09T12:49:18+00:00	dgx-spark-03	True	1	cmtpsaud71whj2auh0k27ynki
2026-09-09T12:49:18+00:00	dgx-spark-02	True	1	cmtsqj5lz5qd42auh8vvrfn03
2026-09-09T12:49:20+00:00	dgx-spark-04	True	1	cmtpeql4y1etk2auhbk9668ry
2026-09-09T12:49:20+00:00	dgx-spark-03	True	1	cmtpsaud71whj2auh0k27ynki
2026-09-09T12:49:20+00:00	dgx-spark-02	True	1	cmtsqj5lz5qd42auh8vvrfn03
2026-09-09T12:49:22+00:00	dgx-spark-04	True	1	cmtpeql4y1etk2auhbk9668ry
2026-09-09T12:49:22+00:00	dgx-spark-03	True	1	cmtpsaud71whj2auh0k27ynki
2026-09-09T12:49:22+00:00	dgx-spark-02	True	1	cmtsqj5lz5qd42auh8vvrfn03
2026-09-09T12:49:24+00:00	dgx-spark-04	True	1	cmtpeql4y1etk2auhbk9668ry
2026-09-09T12:49:24+00:00	dgx-spark-03	True	1	cmtpsaud71whj2auh0k27ynki
2026-09-09T12:49:24+00:00	dgx-spark-02	True	1	cmtsqj5lz5qd42auh8vvrfn03
2026-09-09T12:49:26+00:00	dgx-spark-04	True	1	cmtpeql4y1etk2auhbk9668ry
2026-09-09T12:49:26+00:00	dgx-spark-03	True	1	cmtpsaud71whj2auh0k27ynki
2026-09-09T12:49:26+00:00	dgx-spark-02	True	1	cmtsqj5lz5qd42auh8vvrfn03
2026-09-09T12:49:28+00:00	dgx-spark-04	True	1	cmtpeql4y1etk2auhbk9668ry
2026-09-09T12:49:28+00:00	dgx-spark-03	True	1	cmtpsaud71whj2auh0k27ynki
2026-09-09T12:49:28+00:00	dgx-spark-02	True	1	cmtsqj5lz5qd42auh8vvrfn03
2026-09-09T12:49:31+00:00	dgx-spark-04	True	1	cmtpeql4y1etk2auhbk9668ry
2026-09-09T12:49:31+00:00	dgx-spark-03	True	1	cmtpsaud71whj2auh0k27ynki
2026-09-09T12:49:31+00:00	dgx-spark-02	True	1	cmtsqj5lz5qd42auh8vvrfn03
2026-09-09T12:49:33+00:00	dgx-spark-04	True	1	cmtpeql4y1etk2auhbk9668ry
2026-09-09T12:49:33+00:00	dgx-spark-03	True	1	cmtpsaud71whj2auh0k27ynki
2026-09-09T12:49:33+00:00	dgx-spark-02	True	1	cmtsqj5lz5qd42auh8vvrfn03
2026-09-09T12:49:35+00:00	dgx-spark-04	True	1	cmtpeql4y1etk2auhbk9668ry
2026-09-09T12:49:35+00:00	dgx-spark-03	True	1	cmtpsaud71whj2auh0k27ynki
2026-09-09T12:49:35+00:00	dgx-spark-02	True	1	cmtsqj5lz5qd42auh8vvrfn03
2026-09-09T12:49:37+00:00	dgx-spark-04	True	1	cmtpeql4y1etk2auhbk9668ry
2026-09-09T12:49:37+00:00	dgx-spark-03	True	1	cmtpsaud71whj2auh0k27ynki
2026-09-09T12:49:37+00:00	dgx-spark-02	True	1	cmtsqj5lz5qd42auh8vvrfn03
2026-09-09T12:49:39+00:00	dgx-spark-04	True	1	cmtpeql4y1etk2auhbk9668ry
2026-09-09T12:49:39+00:00	dgx-spark-03	True	1	cmtpsaud71whj2auh0k27ynki
2026-09-09T12:49:39+00:00	dgx-spark-02	True	1	cmtsqj5lz5qd42auh8vvrfn03
2026-09-09T12:49:41+00:00	dgx-spark-04	True	1	cmtpeql4y1etk2auhbk9668ry
2026-09-09T12:49:41+00:00	dgx-spark-03	True	1	cmtpsaud71whj2auh0k27ynki
2026-09-09T12:49:41+00:00	dgx-spark-02	True	1	cmtsqj5lz5qd42auh8vvrfn03
2026-09-09T12:49:43+00:00	dgx-spark-04	True	1	cmtpeql4y1etk2auhbk9668ry
2026-09-09T12:49:43+00:00	dgx-spark-03	True	1	cmtpsaud71whj2auh0k27ynki
2026-09-09T12:49:43+00:00	dgx-spark-02	True	1	cmtsqj5lz5qd42auh8vvrfn03
2026-09-09T12:49:45+00:00	dgx-spark-04	True	1	cmtpeql4y1etk2auhbk9668ry
2026-09-09T12:49:45+00:00	dgx-spark-03	True	0	cmtpsaud71whj2auh0k27ynki
2026-09-09T12:49:45+00:00	dgx-spark-02	True	1	cmtsqj5lz5qd42auh8vvrfn03
2026-09-09T12:49:47+00:00	dgx-spark-04	True	1	cmtpeql4y1etk2auhbk9668ry
2026-09-09T12:49:47+00:00	dgx-spark-03	True	1	cmtpsaud71whj2auh0k27ynki
2026-09-09T12:49:47+00:00	dgx-spark-02	True	1	cmtsqj5lz5qd42auh8vvrfn03
2026-09-09T12:49:49+00:00	dgx-spark-04	True	1	cmtpeql4y1etk2auhbk9668ry
2026-09-09T12:49:49+00:00	dgx-spark-03	True	1	cmtpsaud71whj2auh0k27ynki
2026-09-09T12:49:49+00:00	dgx-spark-02	True	1	cmtsqj5lz5qd42auh8vvrfn03
2026-09-09T12:49:51+00:00	dgx-spark-04	True	1	cmtpeql4y1etk2auhbk9668ry
2026-09-09T12:49:51+00:00	dgx-spark-03	True	1	cmtpsaud71whj2auh0k27ynki
2026-09-09T12:49:51+00:00	dgx-spark-02	True	1	cmtsqj5lz5qd42auh8vvrfn03
2026-09-09T12:49:54+00:00	dgx-spark-04	True	1	cmtpeql4y1etk2auhbk9668ry
2026-09-09T12:49:54+00:00	dgx-spark-03	True	1	cmtpsaud71whj2auh0k27ynki
2026-09-09T12:49:54+00:00	dgx-spark-02	True	1	cmtsqj5lz5qd42auh8vvrfn03
2026-09-09T12:49:56+00:00	dgx-spark-04	True	1	cmtpeql4y1etk2auhbk9668ry
2026-09-09T12:49:56+00:00	dgx-spark-03	True	1	cmtpsaud71whj2auh0k27ynki
2026-09-09T12:49:56+00:00	dgx-spark-02	True	1	cmtsqj5lz5qd42auh8vvrfn03
2026-09-09T12:49:58+00:00	dgx-spark-04	True	1	cmtpeql4y1etk2auhbk9668ry
2026-09-09T12:49:58+00:00	dgx-spark-03	True	1	cmtpsaud71whj2auh0k27ynki
2026-09-09T12:49:58+00:00	dgx-spark-02	True	1	cmtsqj5lz5qd42auh8vvrfn03
2026-09-09T12:50:00+00:00	dgx-spark-04	True	1	cmtpeql4y1etk2auhbk9668ry
2026-09-09T12:50:00+00:00	dgx-spark-03	True	1	cmtpsaud71whj2auh0k27ynki
2026-09-09T12:50:00+00:00	dgx-spark-02	True	1	cmtsqj5lz5qd42auh8vvrfn03
2026-09-09T12:50:02+00:00	dgx-spark-04	True	1	cmtpeql4y1etk2auhbk9668ry
2026-09-09T12:50:02+00:00	dgx-spark-03	True	1	cmtpsaud71whj2auh0k27ynki
2026-09-09T12:50:02+00:00	dgx-spark-02	True	1	cmtsqj5lz5qd42auh8vvrfn03
2026-09-09T12:50:04+00:00	dgx-spark-04	True	1	cmtpeql4y1etk2auhbk9668ry
2026-09-09T12:50:04+00:00	dgx-spark-03	True	1	cmtpsaud71whj2auh0k27ynki
2026-09-09T12:50:04+00:00	dgx-spark-02	True	1	cmtsqj5lz5qd42auh8vvrfn03
2026-09-09T12:50:06+00:00	dgx-spark-04	True	1	cmtpeql4y1etk2auhbk9668ry
2026-09-09T12:50:06+00:00	dgx-spark-03	True	1	cmtpsaud71whj2auh0k27ynki
2026-09-09T12:50:06+00:00	dgx-spark-02	True	1	cmtsqj5lz5qd42auh8vvrfn03
2026-09-09T12:50:08+00:00	dgx-spark-04	True	1	cmtpeql4y1etk2auhbk9668ry
2026-09-09T12:50:08+00:00	dgx-spark-03	True	1	cmtpsaud71whj2auh0k27ynki
2026-09-09T12:50:08+00:00	dgx-spark-02	True	1	cmtsqj5lz5qd42auh8vvrfn03
2026-09-09T12:50:10+00:00	dgx-spark-04	True	1	cmtpeql4y1etk2auhbk9668ry
2026-09-09T12:50:10+00:00	dgx-spark-03	True	1	cmtpsaud71whj2auh0k27ynki
2026-09-09T12:50:10+00:00	dgx-spark-02	True	1	cmtsqj5lz5qd42auh8vvrfn03
2026-09-09T12:50:12+00:00	dgx-spark-04	True	1	cmtpeql4y1etk2auhbk9668ry
2026-09-09T12:50:12+00:00	dgx-spark-03	True	1	cmtpsaud71whj2auh0k27ynki
2026-09-09T12:50:12+00:00	dgx-spark-02	True	1	cmtsqj5lz5qd42auh8vvrfn03
2026-09-09T12:50:14+00:00	dgx-spark-04	True	1	cmtpeql4y1etk2auhbk9668ry
2026-09-09T12:50:14+00:00	dgx-spark-03	True	1	cmtpsaud71whj2auh0k27ynki
2026-09-09T12:50:14+00:00	dgx-spark-02	True	1	cmtsqj5lz5qd42auh8vvrfn03
2026-09-09T12:50:16+00:00	dgx-spark-04	True	1	cmtpeql4y1etk2auhbk9668ry
2026-09-09T12:50:16+00:00	dgx-spark-03	True	1	cmtpsaud71whj2auh0k27ynki
2026-09-09T12:50:16+00:00	dgx-spark-02	True	1	cmtsqj5lz5qd42auh8vvrfn03
2026-09-09T12:50:18+00:00	dgx-spark-04	True	1	cmtpeql4y1etk2auhbk9668ry
2026-09-09T12:50:18+00:00	dgx-spark-03	True	1	cmtpsaud71whj2auh0k27ynki
2026-09-09T12:50:18+00:00	dgx-spark-02	True	1	cmtsqj5lz5qd42auh8vvrfn03
2026-09-09T12:50:20+00:00	dgx-spark-04	True	1	cmtpeql4y1etk2auhbk9668ry
2026-09-09T12:50:20+00:00	dgx-spark-03	True	1	cmtpsaud71whj2auh0k27ynki
2026-09-09T12:50:20+00:00	dgx-spark-02	True	1	cmtsqj5lz5qd42auh8vvrfn03
2026-09-09T12:50:22+00:00	dgx-spark-04	True	1	cmtpeql4y1etk2auhbk9668ry
2026-09-09T12:50:22+00:00	dgx-spark-03	True	1	cmtpsaud71whj2auh0k27ynki
2026-09-09T12:50:22+00:00	dgx-spark-02	True	1	cmtsqj5lz5qd42auh8vvrfn03
2026-09-09T12:50:24+00:00	dgx-spark-04	True	1	cmtpeql4y1etk2auhbk9668ry
2026-09-09T12:50:24+00:00	dgx-spark-03	True	1	cmtpsaud71whj2auh0k27ynki
2026-09-09T12:50:24+00:00	dgx-spark-02	True	1	cmtsqj5lz5qd42auh8vvrfn03
2026-09-09T12:50:26+00:00	dgx-spark-04	True	1	cmtpeql4y1etk2auhbk9668ry
2026-09-09T12:50:26+00:00	dgx-spark-03	True	1	cmtpsaud71whj2auh0k27ynki
2026-09-09T12:50:26+00:00	dgx-spark-02	True	1	cmtsqj5lz5qd42auh8vvrfn03
2026-09-09T12:50:28+00:00	dgx-spark-04	True	1	cmtpeql4y1etk2auhbk9668ry
2026-09-09T12:50:28+00:00	dgx-spark-03	True	1	cmtpsaud71whj2auh0k27ynki
2026-09-09T12:50:28+00:00	dgx-spark-02	True	1	cmtsqj5lz5qd42auh8vvrfn03
2026-09-09T12:50:30+00:00	dgx-spark-04	True	1	cmtpeql4y1etk2auhbk9668ry
2026-09-09T12:50:30+00:00	dgx-spark-03	True	1	cmtpsaud71whj2auh0k27ynki
2026-09-09T12:50:30+00:00	dgx-spark-02	True	1	cmtsqj5lz5qd42auh8vvrfn03
2026-09-09T12:50:32+00:00	dgx-spark-04	True	1	cmtpeql4y1etk2auhbk9668ry
2026-09-09T12:50:32+00:00	dgx-spark-03	True	1	cmtpsaud71whj2auh0k27ynki
2026-09-09T12:50:32+00:00	dgx-spark-02	True	1	cmtsqj5lz5qd42auh8vvrfn03
2026-09-09T12:50:34+00:00	dgx-spark-04	True	1	cmtpeql4y1etk2auhbk9668ry
2026-09-09T12:50:34+00:00	dgx-spark-03	True	1	cmtpsaud71whj2auh0k27ynki
2026-09-09T12:50:34+00:00	dgx-spark-02	True	1	cmtsqj5lz5qd42auh8vvrfn03
2026-09-09T12:50:36+00:00	dgx-spark-04	True	1	cmtpeql4y1etk2auhbk9668ry
2026-09-09T12:50:36+00:00	dgx-spark-03	True	1	cmtpsaud71whj2auh0k27ynki
2026-09-09T12:50:36+00:00	dgx-spark-02	True	1	cmtsqj5lz5qd42auh8vvrfn03
2026-09-09T12:50:38+00:00	dgx-spark-04	True	1	cmtpeql4y1etk2auhbk9668ry
2026-09-09T12:50:38+00:00	dgx-spark-03	True	1	cmtpsaud71whj2auh0k27ynki
2026-09-09T12:50:38+00:00	dgx-spark-02	True	1	cmtsqj5lz5qd42auh8vvrfn03
2026-09-09T12:50:40+00:00	dgx-spark-04	True	1	cmtpeql4y1etk2auhbk9668ry
2026-09-09T12:50:40+00:00	dgx-spark-03	True	1	cmtpsaud71whj2auh0k27ynki
2026-09-09T12:50:40+00:00	dgx-spark-02	True	1	cmtsqj5lz5qd42auh8vvrfn03
2026-09-09T12:50:42+00:00	dgx-spark-04	True	1	cmtpeql4y1etk2auhbk9668ry
2026-09-09T12:50:42+00:00	dgx-spark-03	True	1	cmtpsaud71whj2auh0k27ynki
2026-09-09T12:50:42+00:00	dgx-spark-02	True	1	cmtsqj5lz5qd42auh8vvrfn03
2026-09-09T12:50:44+00:00	dgx-spark-04	True	1	cmtpeql4y1etk2auhbk9668ry
2026-09-09T12:50:44+00:00	dgx-spark-03	True	1	cmtpsaud71whj2auh0k27ynki
2026-09-09T12:50:44+00:00	dgx-spark-02	True	1	cmtsqj5lz5qd42auh8vvrfn03
2026-09-09T12:50:46+00:00	dgx-spark-04	True	1	cmtpeql4y1etk2auhbk9668ry
2026-09-09T12:50:46+00:00	dgx-spark-03	True	1	cmtpsaud71whj2auh0k27ynki
2026-09-09T12:50:46+00:00	dgx-spark-02	True	1	cmtsqj5lz5qd42auh8vvrfn03
2026-09-09T12:50:48+00:00	dgx-spark-04	True	1	cmtpeql4y1etk2auhbk9668ry
2026-09-09T12:50:48+00:00	dgx-spark-03	True	1	cmtpsaud71whj2auh0k27ynki
2026-09-09T12:50:48+00:00	dgx-spark-02	True	1	cmtsqj5lz5qd42auh8vvrfn03
2026-09-09T12:50:50+00:00	dgx-spark-04	True	1	cmtpeql4y1etk2auhbk9668ry
2026-09-09T12:50:50+00:00	dgx-spark-03	True	1	cmtpsaud71whj2auh0k27ynki
2026-09-09T12:50:50+00:00	dgx-spark-02	True	1	cmtsqj5lz5qd42auh8vvrfn03
2026-09-09T12:50:52+00:00	dgx-spark-04	True	1	cmtpeql4y1etk2auhbk9668ry
2026-09-09T12:50:52+00:00	dgx-spark-03	True	1	cmtpsaud71whj2auh0k27ynki
2026-09-09T12:50:52+00:00	dgx-spark-02	True	1	cmtsqj5lz5qd42auh8vvrfn03
2026-09-09T12:50:54+00:00	dgx-spark-04	True	1	cmtpeql4y1etk2auhbk9668ry
2026-09-09T12:50:54+00:00	dgx-spark-03	True	1	cmtpsaud71whj2auh0k27ynki
2026-09-09T12:50:54+00:00	dgx-spark-02	True	1	cmtsqj5lz5qd42auh8vvrfn03
2026-09-09T12:50:57+00:00	dgx-spark-04	True	1	cmtpeql4y1etk2auhbk9668ry
2026-09-09T12:50:57+00:00	dgx-spark-03	True	1	cmtpsaud71whj2auh0k27ynki
2026-09-09T12:50:57+00:00	dgx-spark-02	True	1	cmtsqj5lz5qd42auh8vvrfn03
2026-09-09T12:50:59+00:00	dgx-spark-04	True	1	cmtpeql4y1etk2auhbk9668ry
2026-09-09T12:50:59+00:00	dgx-spark-03	True	1	cmtpsaud71whj2auh0k27ynki
2026-09-09T12:50:59+00:00	dgx-spark-02	True	1	cmtsqj5lz5qd42auh8vvrfn03
2026-09-09T12:51:01+00:00	dgx-spark-04	True	1	cmtpeql4y1etk2auhbk9668ry
2026-09-09T12:51:01+00:00	dgx-spark-03	True	1	cmtpsaud71whj2auh0k27ynki
2026-09-09T12:51:01+00:00	dgx-spark-02	True	1	cmtsqj5lz5qd42auh8vvrfn03
2026-09-09T12:51:03+00:00	dgx-spark-04	True	1	cmtpeql4y1etk2auhbk9668ry
2026-09-09T12:51:03+00:00	dgx-spark-03	True	1	cmtpsaud71whj2auh0k27ynki
2026-09-09T12:51:03+00:00	dgx-spark-02	True	1	cmtsqj5lz5qd42auh8vvrfn03
2026-09-09T12:51:05+00:00	dgx-spark-04	True	1	cmtpeql4y1etk2auhbk9668ry
2026-09-09T12:51:05+00:00	dgx-spark-03	True	1	cmtpsaud71whj2auh0k27ynki
2026-09-09T12:51:05+00:00	dgx-spark-02	True	1	cmtsqj5lz5qd42auh8vvrfn03
2026-09-09T12:51:07+00:00	dgx-spark-04	True	1	cmtpeql4y1etk2auhbk9668ry
2026-09-09T12:51:07+00:00	dgx-spark-03	True	1	cmtpsaud71whj2auh0k27ynki
2026-09-09T12:51:07+00:00	dgx-spark-02	True	1	cmtsqj5lz5qd42auh8vvrfn03
2026-09-09T12:51:09+00:00	dgx-spark-04	True	1	cmtpeql4y1etk2auhbk9668ry
2026-09-09T12:51:09+00:00	dgx-spark-03	True	1	cmtpsaud71whj2auh0k27ynki
2026-09-09T12:51:09+00:00	dgx-spark-02	True	1	cmtsqj5lz5qd42auh8vvrfn03
2026-09-09T12:51:11+00:00	dgx-spark-04	True	1	cmtpeql4y1etk2auhbk9668ry
2026-09-09T12:51:11+00:00	dgx-spark-03	True	1	cmtpsaud71whj2auh0k27ynki
2026-09-09T12:51:11+00:00	dgx-spark-02	True	1	cmtsqj5lz5qd42auh8vvrfn03
2026-09-09T12:51:13+00:00	dgx-spark-04	True	1	cmtpeql4y1etk2auhbk9668ry
2026-09-09T12:51:13+00:00	dgx-spark-03	True	1	cmtpsaud71whj2auh0k27ynki
2026-09-09T12:51:13+00:00	dgx-spark-02	True	1	cmtsqj5lz5qd42auh8vvrfn03
2026-09-09T12:51:15+00:00	dgx-spark-04	True	1	cmtpeql4y1etk2auhbk9668ry
2026-09-09T12:51:15+00:00	dgx-spark-03	True	1	cmtpsaud71whj2auh0k27ynki
2026-09-09T12:51:15+00:00	dgx-spark-02	True	1	cmtsqj5lz5qd42auh8vvrfn03
2026-09-09T12:51:17+00:00	dgx-spark-04	True	1	cmtpeql4y1etk2auhbk9668ry
2026-09-09T12:51:17+00:00	dgx-spark-03	True	1	cmtpsaud71whj2auh0k27ynki
2026-09-09T12:51:17+00:00	dgx-spark-02	True	1	cmtsqj5lz5qd42auh8vvrfn03
2026-09-09T12:51:19+00:00	dgx-spark-04	True	1	cmtpeql4y1etk2auhbk9668ry
2026-09-09T12:51:19+00:00	dgx-spark-03	True	1	cmtpsaud71whj2auh0k27ynki
2026-09-09T12:51:19+00:00	dgx-spark-02	True	1	cmtsqj5lz5qd42auh8vvrfn03
2026-09-09T12:51:21+00:00	dgx-spark-04	True	1	cmtpeql4y1etk2auhbk9668ry
2026-09-09T12:51:21+00:00	dgx-spark-03	True	1	cmtpsaud71whj2auh0k27ynki
2026-09-09T12:51:21+00:00	dgx-spark-02	True	1	cmtsqj5lz5qd42auh8vvrfn03
2026-09-09T12:51:23+00:00	dgx-spark-04	True	1	cmtpeql4y1etk2auhbk9668ry
2026-09-09T12:51:23+00:00	dgx-spark-03	True	1	cmtpsaud71whj2auh0k27ynki
2026-09-09T12:51:23+00:00	dgx-spark-02	True	1	cmtsqj5lz5qd42auh8vvrfn03
2026-09-09T12:51:25+00:00	dgx-spark-04	True	1	cmtpeql4y1etk2auhbk9668ry
2026-09-09T12:51:25+00:00	dgx-spark-03	True	1	cmtpsaud71whj2auh0k27ynki
2026-09-09T12:51:25+00:00	dgx-spark-02	True	1	cmtsqj5lz5qd42auh8vvrfn03
2026-09-09T12:51:27+00:00	dgx-spark-04	True	1	cmtpeql4y1etk2auhbk9668ry
2026-09-09T12:51:27+00:00	dgx-spark-03	True	1	cmtpsaud71whj2auh0k27ynki
2026-09-09T12:51:27+00:00	dgx-spark-02	True	1	cmtsqj5lz5qd42auh8vvrfn03
2026-09-09T12:51:29+00:00	dgx-spark-04	True	1	cmtpeql4y1etk2auhbk9668ry
2026-09-09T12:51:29+00:00	dgx-spark-03	True	1	cmtpsaud71whj2auh0k27ynki
2026-09-09T12:51:29+00:00	dgx-spark-02	True	1	cmtsqj5lz5qd42auh8vvrfn03
2026-09-09T12:51:31+00:00	dgx-spark-04	True	1	cmtpeql4y1etk2auhbk9668ry
2026-09-09T12:51:31+00:00	dgx-spark-03	True	1	cmtpsaud71whj2auh0k27ynki
2026-09-09T12:51:31+00:00	dgx-spark-02	True	1	cmtsqj5lz5qd42auh8vvrfn03
2026-09-09T12:51:33+00:00	dgx-spark-04	True	1	cmtpeql4y1etk2auhbk9668ry
2026-09-09T12:51:33+00:00	dgx-spark-03	True	1	cmtpsaud71whj2auh0k27ynki
2026-09-09T12:51:33+00:00	dgx-spark-02	True	1	cmtsqj5lz5qd42auh8vvrfn03
2026-09-09T12:51:35+00:00	dgx-spark-04	True	1	cmtpeql4y1etk2auhbk9668ry
2026-09-09T12:51:35+00:00	dgx-spark-03	True	1	cmtpsaud71whj2auh0k27ynki
2026-09-09T12:51:35+00:00	dgx-spark-02	True	1	cmtsqj5lz5qd42auh8vvrfn03
2026-09-09T12:51:37+00:00	dgx-spark-04	True	1	cmtpeql4y1etk2auhbk9668ry
2026-09-09T12:51:37+00:00	dgx-spark-03	True	1	cmtpsaud71whj2auh0k27ynki
2026-09-09T12:51:37+00:00	dgx-spark-02	True	1	cmtsqj5lz5qd42auh8vvrfn03
2026-09-09T12:51:39+00:00	dgx-spark-04	True	1	cmtpeql4y1etk2auhbk9668ry
2026-09-09T12:51:39+00:00	dgx-spark-03	True	1	cmtpsaud71whj2auh0k27ynki
2026-09-09T12:51:39+00:00	dgx-spark-02	True	1	cmtsqj5lz5qd42auh8vvrfn03
2026-09-09T12:51:41+00:00	dgx-spark-04	True	1	cmtpeql4y1etk2auhbk9668ry
2026-09-09T12:51:41+00:00	dgx-spark-03	True	1	cmtpsaud71whj2auh0k27ynki
2026-09-09T12:51:41+00:00	dgx-spark-02	True	1	cmtsqj5lz5qd42auh8vvrfn03
2026-09-09T12:51:43+00:00	dgx-spark-04	True	1	cmtpeql4y1etk2auhbk9668ry
2026-09-09T12:51:43+00:00	dgx-spark-03	True	1	cmtpsaud71whj2auh0k27ynki
2026-09-09T12:51:43+00:00	dgx-spark-02	True	1	cmtsqj5lz5qd42auh8vvrfn03
2026-09-09T12:51:45+00:00	dgx-spark-04	True	1	cmtpeql4y1etk2auhbk9668ry
2026-09-09T12:51:45+00:00	dgx-spark-03	True	1	cmtpsaud71whj2auh0k27ynki
2026-09-09T12:51:45+00:00	dgx-spark-02	True	1	cmtsqj5lz5qd42auh8vvrfn03
2026-09-09T12:51:47+00:00	dgx-spark-04	True	1	cmtpeql4y1etk2auhbk9668ry
2026-09-09T12:51:47+00:00	dgx-spark-03	True	1	cmtpsaud71whj2auh0k27ynki
2026-09-09T12:51:47+00:00	dgx-spark-02	True	1	cmtsqj5lz5qd42auh8vvrfn03
2026-09-09T12:51:49+00:00	dgx-spark-04	True	1	cmtpeql4y1etk2auhbk9668ry
2026-09-09T12:51:49+00:00	dgx-spark-03	True	1	cmtpsaud71whj2auh0k27ynki
2026-09-09T12:51:49+00:00	dgx-spark-02	True	1	cmtsqj5lz5qd42auh8vvrfn03
2026-09-09T12:51:51+00:00	dgx-spark-04	True	1	cmtpeql4y1etk2auhbk9668ry
2026-09-09T12:51:51+00:00	dgx-spark-03	True	1	cmtpsaud71whj2auh0k27ynki
2026-09-09T12:51:51+00:00	dgx-spark-02	True	1	cmtsqj5lz5qd42auh8vvrfn03
2026-09-09T12:51:53+00:00	dgx-spark-04	True	1	cmtpeql4y1etk2auhbk9668ry
2026-09-09T12:51:53+00:00	dgx-spark-03	True	1	cmtpsaud71whj2auh0k27ynki
2026-09-09T12:51:53+00:00	dgx-spark-02	True	1	cmtsqj5lz5qd42auh8vvrfn03
2026-09-09T12:51:55+00:00	dgx-spark-04	True	1	cmtpeql4y1etk2auhbk9668ry
2026-09-09T12:51:55+00:00	dgx-spark-03	True	1	cmtpsaud71whj2auh0k27ynki
2026-09-09T12:51:55+00:00	dgx-spark-02	True	1	cmtsqj5lz5qd42auh8vvrfn03
2026-09-09T12:51:57+00:00	dgx-spark-04	True	1	cmtpeql4y1etk2auhbk9668ry
2026-09-09T12:51:57+00:00	dgx-spark-03	True	1	cmtpsaud71whj2auh0k27ynki
2026-09-09T12:51:57+00:00	dgx-spark-02	True	1	cmtsqj5lz5qd42auh8vvrfn03
2026-09-09T12:51:59+00:00	dgx-spark-04	True	1	cmtpeql4y1etk2auhbk9668ry
2026-09-09T12:51:59+00:00	dgx-spark-03	True	1	cmtpsaud71whj2auh0k27ynki
2026-09-09T12:51:59+00:00	dgx-spark-02	True	1	cmtsqj5lz5qd42auh8vvrfn03
2026-09-09T12:52:01+00:00	dgx-spark-04	True	1	cmtpeql4y1etk2auhbk9668ry
2026-09-09T12:52:01+00:00	dgx-spark-03	True	1	cmtpsaud71whj2auh0k27ynki
2026-09-09T12:52:01+00:00	dgx-spark-02	True	1	cmtsqj5lz5qd42auh8vvrfn03
2026-09-09T12:52:03+00:00	dgx-spark-04	True	1	cmtpeql4y1etk2auhbk9668ry
2026-09-09T12:52:03+00:00	dgx-spark-03	True	1	cmtpsaud71whj2auh0k27ynki
2026-09-09T12:52:03+00:00	dgx-spark-02	True	1	cmtsqj5lz5qd42auh8vvrfn03
2026-09-09T12:52:05+00:00	dgx-spark-04	True	1	cmtpeql4y1etk2auhbk9668ry
2026-09-09T12:52:05+00:00	dgx-spark-03	True	1	cmtpsaud71whj2auh0k27ynki
2026-09-09T12:52:05+00:00	dgx-spark-02	True	1	cmtsqj5lz5qd42auh8vvrfn03
2026-09-09T12:52:07+00:00	dgx-spark-04	True	1	cmtpeql4y1etk2auhbk9668ry
2026-09-09T12:52:07+00:00	dgx-spark-03	True	1	cmtpsaud71whj2auh0k27ynki
2026-09-09T12:52:07+00:00	dgx-spark-02	True	1	cmtsqj5lz5qd42auh8vvrfn03
2026-09-09T12:52:09+00:00	dgx-spark-04	True	1	cmtpeql4y1etk2auhbk9668ry
2026-09-09T12:52:09+00:00	dgx-spark-03	True	1	cmtpsaud71whj2auh0k27ynki
2026-09-09T12:52:09+00:00	dgx-spark-02	True	1	cmtsqj5lz5qd42auh8vvrfn03
2026-09-09T12:52:11+00:00	dgx-spark-04	True	1	cmtpeql4y1etk2auhbk9668ry
2026-09-09T12:52:11+00:00	dgx-spark-03	True	1	cmtpsaud71whj2auh0k27ynki
2026-09-09T12:52:11+00:00	dgx-spark-02	True	1	cmtsqj5lz5qd42auh8vvrfn03
2026-09-09T12:52:13+00:00	dgx-spark-04	True	1	cmtpeql4y1etk2auhbk9668ry
2026-09-09T12:52:13+00:00	dgx-spark-03	True	1	cmtpsaud71whj2auh0k27ynki
2026-09-09T12:52:13+00:00	dgx-spark-02	True	1	cmtsqj5lz5qd42auh8vvrfn03
2026-09-09T12:52:15+00:00	dgx-spark-04	True	0	cmtpeql4y1etk2auhbk9668ry
2026-09-09T12:52:15+00:00	dgx-spark-03	True	1	cmtpsaud71whj2auh0k27ynki
2026-09-09T12:52:15+00:00	dgx-spark-02	True	1	cmtsqj5lz5qd42auh8vvrfn03
2026-09-09T12:52:17+00:00	dgx-spark-04	True	1	cmtpeql4y1etk2auhbk9668ry
2026-09-09T12:52:17+00:00	dgx-spark-03	True	1	cmtpsaud71whj2auh0k27ynki
2026-09-09T12:52:17+00:00	dgx-spark-02	True	1	cmtsqj5lz5qd42auh8vvrfn03
2026-09-09T12:52:19+00:00	dgx-spark-04	True	1	cmtpeql4y1etk2auhbk9668ry
2026-09-09T12:52:19+00:00	dgx-spark-03	True	1	cmtpsaud71whj2auh0k27ynki
2026-09-09T12:52:19+00:00	dgx-spark-02	True	1	cmtsqj5lz5qd42auh8vvrfn03
2026-09-09T12:52:21+00:00	dgx-spark-04	True	1	cmtpeql4y1etk2auhbk9668ry
2026-09-09T12:52:21+00:00	dgx-spark-03	True	1	cmtpsaud71whj2auh0k27ynki
2026-09-09T12:52:21+00:00	dgx-spark-02	True	1	cmtsqj5lz5qd42auh8vvrfn03
2026-09-09T12:52:23+00:00	dgx-spark-04	True	1	cmtpeql4y1etk2auhbk9668ry
2026-09-09T12:52:23+00:00	dgx-spark-03	True	1	cmtpsaud71whj2auh0k27ynki
2026-09-09T12:52:23+00:00	dgx-spark-02	True	1	cmtsqj5lz5qd42auh8vvrfn03
2026-09-09T12:52:25+00:00	dgx-spark-04	True	1	cmtpeql4y1etk2auhbk9668ry
2026-09-09T12:52:25+00:00	dgx-spark-03	True	1	cmtpsaud71whj2auh0k27ynki
2026-09-09T12:52:25+00:00	dgx-spark-02	True	1	cmtsqj5lz5qd42auh8vvrfn03
2026-09-09T12:52:27+00:00	dgx-spark-04	True	1	cmtpeql4y1etk2auhbk9668ry
2026-09-09T12:52:27+00:00	dgx-spark-03	True	1	cmtpsaud71whj2auh0k27ynki
2026-09-09T12:52:27+00:00	dgx-spark-02	True	1	cmtsqj5lz5qd42auh8vvrfn03
2026-09-09T12:52:29+00:00	dgx-spark-04	True	1	cmtpeql4y1etk2auhbk9668ry
2026-09-09T12:52:29+00:00	dgx-spark-03	True	1	cmtpsaud71whj2auh0k27ynki
2026-09-09T12:52:29+00:00	dgx-spark-02	True	1	cmtsqj5lz5qd42auh8vvrfn03
2026-09-09T12:52:31+00:00	dgx-spark-04	True	1	cmtpeql4y1etk2auhbk9668ry
2026-09-09T12:52:31+00:00	dgx-spark-03	True	1	cmtpsaud71whj2auh0k27ynki
2026-09-09T12:52:31+00:00	dgx-spark-02	True	1	cmtsqj5lz5qd42auh8vvrfn03
2026-09-09T12:52:33+00:00	dgx-spark-04	True	1	cmtpeql4y1etk2auhbk9668ry
2026-09-09T12:52:33+00:00	dgx-spark-03	True	1	cmtpsaud71whj2auh0k27ynki
2026-09-09T12:52:33+00:00	dgx-spark-02	True	1	cmtsqj5lz5qd42auh8vvrfn03
2026-09-09T12:52:36+00:00	dgx-spark-04	True	1	cmtpeql4y1etk2auhbk9668ry
2026-09-09T12:52:36+00:00	dgx-spark-03	True	1	cmtpsaud71whj2auh0k27ynki
2026-09-09T12:52:36+00:00	dgx-spark-02	True	1	cmtsqj5lz5qd42auh8vvrfn03
2026-09-09T12:52:38+00:00	dgx-spark-04	True	1	cmtpeql4y1etk2auhbk9668ry
2026-09-09T12:52:38+00:00	dgx-spark-03	True	1	cmtpsaud71whj2auh0k27ynki
2026-09-09T12:52:38+00:00	dgx-spark-02	True	1	cmtsqj5lz5qd42auh8vvrfn03
2026-09-09T12:52:40+00:00	dgx-spark-04	True	1	cmtpeql4y1etk2auhbk9668ry
2026-09-09T12:52:40+00:00	dgx-spark-03	True	1	cmtpsaud71whj2auh0k27ynki
2026-09-09T12:52:40+00:00	dgx-spark-02	True	1	cmtsqj5lz5qd42auh8vvrfn03
2026-09-09T12:52:42+00:00	dgx-spark-04	True	1	cmtpeql4y1etk2auhbk9668ry
2026-09-09T12:52:42+00:00	dgx-spark-03	True	1	cmtpsaud71whj2auh0k27ynki
2026-09-09T12:52:42+00:00	dgx-spark-02	True	1	cmtsqj5lz5qd42auh8vvrfn03
2026-09-09T12:52:44+00:00	dgx-spark-04	True	1	cmtpeql4y1etk2auhbk9668ry
2026-09-09T12:52:44+00:00	dgx-spark-03	True	1	cmtpsaud71whj2auh0k27ynki
2026-09-09T12:52:44+00:00	dgx-spark-02	True	1	cmtsqj5lz5qd42auh8vvrfn03
2026-09-09T12:52:46+00:00	dgx-spark-04	True	1	cmtpeql4y1etk2auhbk9668ry
2026-09-09T12:52:46+00:00	dgx-spark-03	True	1	cmtpsaud71whj2auh0k27ynki
2026-09-09T12:52:46+00:00	dgx-spark-02	True	1	cmtsqj5lz5qd42auh8vvrfn03
2026-09-09T12:52:48+00:00	dgx-spark-04	True	1	cmtpeql4y1etk2auhbk9668ry
2026-09-09T12:52:48+00:00	dgx-spark-03	True	1	cmtpsaud71whj2auh0k27ynki
2026-09-09T12:52:48+00:00	dgx-spark-02	True	1	cmtsqj5lz5qd42auh8vvrfn03
2026-09-09T12:52:50+00:00	dgx-spark-04	True	1	cmtpeql4y1etk2auhbk9668ry
2026-09-09T12:52:50+00:00	dgx-spark-03	True	1	cmtpsaud71whj2auh0k27ynki
2026-09-09T12:52:50+00:00	dgx-spark-02	True	1	cmtsqj5lz5qd42auh8vvrfn03
2026-09-09T12:52:52+00:00	dgx-spark-04	True	1	cmtpeql4y1etk2auhbk9668ry
2026-09-09T12:52:52+00:00	dgx-spark-03	True	1	cmtpsaud71whj2auh0k27ynki
2026-09-09T12:52:52+00:00	dgx-spark-02	True	1	cmtsqj5lz5qd42auh8vvrfn03
2026-09-09T12:52:54+00:00	dgx-spark-04	True	1	cmtpeql4y1etk2auhbk9668ry
2026-09-09T12:52:54+00:00	dgx-spark-03	True	1	cmtpsaud71whj2auh0k27ynki
2026-09-09T12:52:54+00:00	dgx-spark-02	True	1	cmtsqj5lz5qd42auh8vvrfn03
2026-09-09T12:52:56+00:00	dgx-spark-04	True	1	cmtpeql4y1etk2auhbk9668ry
2026-09-09T12:52:56+00:00	dgx-spark-03	True	1	cmtpsaud71whj2auh0k27ynki
2026-09-09T12:52:56+00:00	dgx-spark-02	True	1	cmtsqj5lz5qd42auh8vvrfn03
2026-09-09T12:52:58+00:00	dgx-spark-04	True	1	cmtpeql4y1etk2auhbk9668ry
2026-09-09T12:52:58+00:00	dgx-spark-03	True	1	cmtpsaud71whj2auh0k27ynki
2026-09-09T12:52:58+00:00	dgx-spark-02	True	1	cmtsqj5lz5qd42auh8vvrfn03
2026-09-09T12:53:00+00:00	dgx-spark-04	True	1	cmtpeql4y1etk2auhbk9668ry
2026-09-09T12:53:00+00:00	dgx-spark-03	True	1	cmtpsaud71whj2auh0k27ynki
2026-09-09T12:53:00+00:00	dgx-spark-02	True	1	cmtsqj5lz5qd42auh8vvrfn03
2026-09-09T12:53:02+00:00	dgx-spark-04	True	1	cmtpeql4y1etk2auhbk9668ry
2026-09-09T12:53:02+00:00	dgx-spark-03	True	1	cmtpsaud71whj2auh0k27ynki
2026-09-09T12:53:02+00:00	dgx-spark-02	True	1	cmtsqj5lz5qd42auh8vvrfn03
2026-09-09T12:53:04+00:00	dgx-spark-04	True	1	cmtpeql4y1etk2auhbk9668ry
2026-09-09T12:53:04+00:00	dgx-spark-03	True	1	cmtpsaud71whj2auh0k27ynki
2026-09-09T12:53:04+00:00	dgx-spark-02	True	1	cmtsqj5lz5qd42auh8vvrfn03
2026-09-09T12:53:06+00:00	dgx-spark-04	True	1	cmtpeql4y1etk2auhbk9668ry
2026-09-09T12:53:06+00:00	dgx-spark-03	True	1	cmtpsaud71whj2auh0k27ynki
2026-09-09T12:53:06+00:00	dgx-spark-02	True	1	cmtsqj5lz5qd42auh8vvrfn03
2026-09-09T12:53:08+00:00	dgx-spark-04	True	1	cmtpeql4y1etk2auhbk9668ry
2026-09-09T12:53:08+00:00	dgx-spark-03	True	1	cmtpsaud71whj2auh0k27ynki
2026-09-09T12:53:08+00:00	dgx-spark-02	True	1	cmtsqj5lz5qd42auh8vvrfn03
2026-09-09T12:53:10+00:00	dgx-spark-04	True	1	cmtpeql4y1etk2auhbk9668ry
2026-09-09T12:53:10+00:00	dgx-spark-03	True	1	cmtpsaud71whj2auh0k27ynki
2026-09-09T12:53:10+00:00	dgx-spark-02	True	1	cmtsqj5lz5qd42auh8vvrfn03
2026-09-09T12:53:12+00:00	dgx-spark-04	True	1	cmtpeql4y1etk2auhbk9668ry
2026-09-09T12:53:12+00:00	dgx-spark-03	True	1	cmtpsaud71whj2auh0k27ynki
2026-09-09T12:53:12+00:00	dgx-spark-02	True	1	cmtsqj5lz5qd42auh8vvrfn03
2026-09-09T12:53:14+00:00	dgx-spark-04	True	1	cmtpeql4y1etk2auhbk9668ry
2026-09-09T12:53:14+00:00	dgx-spark-03	True	1	cmtpsaud71whj2auh0k27ynki
2026-09-09T12:53:14+00:00	dgx-spark-02	True	1	cmtsqj5lz5qd42auh8vvrfn03
2026-09-09T12:53:16+00:00	dgx-spark-04	True	1	cmtpeql4y1etk2auhbk9668ry
2026-09-09T12:53:16+00:00	dgx-spark-03	True	1	cmtpsaud71whj2auh0k27ynki
2026-09-09T12:53:16+00:00	dgx-spark-02	True	1	cmtsqj5lz5qd42auh8vvrfn03
2026-09-09T12:53:18+00:00	dgx-spark-04	True	1	cmtpeql4y1etk2auhbk9668ry
2026-09-09T12:53:18+00:00	dgx-spark-03	True	1	cmtpsaud71whj2auh0k27ynki
2026-09-09T12:53:18+00:00	dgx-spark-02	True	1	cmtsqj5lz5qd42auh8vvrfn03
2026-09-09T12:53:20+00:00	dgx-spark-04	True	1	cmtpeql4y1etk2auhbk9668ry
2026-09-09T12:53:20+00:00	dgx-spark-03	True	1	cmtpsaud71whj2auh0k27ynki
2026-09-09T12:53:20+00:00	dgx-spark-02	True	1	cmtsqj5lz5qd42auh8vvrfn03
2026-09-09T12:53:22+00:00	dgx-spark-04	True	1	cmtpeql4y1etk2auhbk9668ry
2026-09-09T12:53:22+00:00	dgx-spark-03	True	0	cmtpsaud71whj2auh0k27ynki
2026-09-09T12:53:22+00:00	dgx-spark-02	True	1	cmtsqj5lz5qd42auh8vvrfn03
2026-09-09T12:53:24+00:00	dgx-spark-04	True	1	cmtpeql4y1etk2auhbk9668ry
2026-09-09T12:53:24+00:00	dgx-spark-03	True	0	cmtpsaud71whj2auh0k27ynki
2026-09-09T12:53:24+00:00	dgx-spark-02	True	1	cmtsqj5lz5qd42auh8vvrfn03
2026-09-09T12:53:26+00:00	dgx-spark-04	True	1	cmtpeql4y1etk2auhbk9668ry
2026-09-09T12:53:26+00:00	dgx-spark-03	True	1	cmtpsaud71whj2auh0k27ynki
2026-09-09T12:53:26+00:00	dgx-spark-02	True	1	cmtsqj5lz5qd42auh8vvrfn03
2026-09-09T12:53:28+00:00	dgx-spark-04	True	1	cmtpeql4y1etk2auhbk9668ry
2026-09-09T12:53:28+00:00	dgx-spark-03	True	1	cmtpsaud71whj2auh0k27ynki
2026-09-09T12:53:28+00:00	dgx-spark-02	True	1	cmtsqj5lz5qd42auh8vvrfn03
2026-09-09T12:53:30+00:00	dgx-spark-04	True	1	cmtpeql4y1etk2auhbk9668ry
2026-09-09T12:53:30+00:00	dgx-spark-03	True	1	cmtpsaud71whj2auh0k27ynki
2026-09-09T12:53:30+00:00	dgx-spark-02	True	1	cmtsqj5lz5qd42auh8vvrfn03
2026-09-09T12:53:32+00:00	dgx-spark-04	True	1	cmtpeql4y1etk2auhbk9668ry
2026-09-09T12:53:32+00:00	dgx-spark-03	True	1	cmtpsaud71whj2auh0k27ynki
2026-09-09T12:53:32+00:00	dgx-spark-02	True	1	cmtsqj5lz5qd42auh8vvrfn03
2026-09-09T12:53:34+00:00	dgx-spark-04	True	1	cmtpeql4y1etk2auhbk9668ry
2026-09-09T12:53:34+00:00	dgx-spark-03	True	1	cmtpsaud71whj2auh0k27ynki
2026-09-09T12:53:34+00:00	dgx-spark-02	True	1	cmtsqj5lz5qd42auh8vvrfn03
2026-09-09T12:53:36+00:00	dgx-spark-04	True	1	cmtpeql4y1etk2auhbk9668ry
2026-09-09T12:53:36+00:00	dgx-spark-03	True	1	cmtpsaud71whj2auh0k27ynki
2026-09-09T12:53:36+00:00	dgx-spark-02	True	1	cmtsqj5lz5qd42auh8vvrfn03
2026-09-09T12:53:38+00:00	dgx-spark-04	True	1	cmtpeql4y1etk2auhbk9668ry
2026-09-09T12:53:38+00:00	dgx-spark-03	True	1	cmtpsaud71whj2auh0k27ynki
2026-09-09T12:53:38+00:00	dgx-spark-02	True	1	cmtsqj5lz5qd42auh8vvrfn03
2026-09-09T12:53:40+00:00	dgx-spark-04	True	1	cmtpeql4y1etk2auhbk9668ry
2026-09-09T12:53:40+00:00	dgx-spark-03	True	1	cmtpsaud71whj2auh0k27ynki
2026-09-09T12:53:40+00:00	dgx-spark-02	True	1	cmtsqj5lz5qd42auh8vvrfn03
2026-09-09T12:53:42+00:00	dgx-spark-04	True	1	cmtpeql4y1etk2auhbk9668ry
2026-09-09T12:53:42+00:00	dgx-spark-03	True	1	cmtpsaud71whj2auh0k27ynki
2026-09-09T12:53:42+00:00	dgx-spark-02	True	1	cmtsqj5lz5qd42auh8vvrfn03
2026-09-09T12:53:44+00:00	dgx-spark-04	True	1	cmtpeql4y1etk2auhbk9668ry
2026-09-09T12:53:44+00:00	dgx-spark-03	True	1	cmtpsaud71whj2auh0k27ynki
2026-09-09T12:53:44+00:00	dgx-spark-02	True	1	cmtsqj5lz5qd42auh8vvrfn03
2026-09-09T12:53:46+00:00	dgx-spark-04	True	1	cmtpeql4y1etk2auhbk9668ry
2026-09-09T12:53:46+00:00	dgx-spark-03	True	1	cmtpsaud71whj2auh0k27ynki
2026-09-09T12:53:46+00:00	dgx-spark-02	True	1	cmtsqj5lz5qd42auh8vvrfn03
2026-09-09T12:53:48+00:00	dgx-spark-04	True	1	cmtpeql4y1etk2auhbk9668ry
2026-09-09T12:53:48+00:00	dgx-spark-03	True	1	cmtpsaud71whj2auh0k27ynki
2026-09-09T12:53:48+00:00	dgx-spark-02	True	1	cmtsqj5lz5qd42auh8vvrfn03
2026-09-09T12:53:50+00:00	dgx-spark-04	True	1	cmtpeql4y1etk2auhbk9668ry
2026-09-09T12:53:50+00:00	dgx-spark-03	True	1	cmtpsaud71whj2auh0k27ynki
2026-09-09T12:53:50+00:00	dgx-spark-02	True	1	cmtsqj5lz5qd42auh8vvrfn03
2026-09-09T12:53:52+00:00	dgx-spark-04	True	1	cmtpeql4y1etk2auhbk9668ry
2026-09-09T12:53:52+00:00	dgx-spark-03	True	1	cmtpsaud71whj2auh0k27ynki
2026-09-09T12:53:52+00:00	dgx-spark-02	True	1	cmtsqj5lz5qd42auh8vvrfn03
2026-09-09T12:53:54+00:00	dgx-spark-04	True	1	cmtpeql4y1etk2auhbk9668ry
2026-09-09T12:53:54+00:00	dgx-spark-03	True	1	cmtpsaud71whj2auh0k27ynki
2026-09-09T12:53:54+00:00	dgx-spark-02	True	1	cmtsqj5lz5qd42auh8vvrfn03
2026-09-09T12:53:56+00:00	dgx-spark-04	True	1	cmtpeql4y1etk2auhbk9668ry
2026-09-09T12:53:56+00:00	dgx-spark-03	True	1	cmtpsaud71whj2auh0k27ynki
2026-09-09T12:53:56+00:00	dgx-spark-02	True	1	cmtsqj5lz5qd42auh8vvrfn03
2026-09-09T12:53:58+00:00	dgx-spark-04	True	1	cmtpeql4y1etk2auhbk9668ry
2026-09-09T12:53:58+00:00	dgx-spark-03	True	1	cmtpsaud71whj2auh0k27ynki
2026-09-09T12:53:58+00:00	dgx-spark-02	True	1	cmtsqj5lz5qd42auh8vvrfn03
2026-09-09T12:54:00+00:00	dgx-spark-04	True	1	cmtpeql4y1etk2auhbk9668ry
2026-09-09T12:54:00+00:00	dgx-spark-03	True	1	cmtpsaud71whj2auh0k27ynki
2026-09-09T12:54:00+00:00	dgx-spark-02	True	1	cmtsqj5lz5qd42auh8vvrfn03
2026-09-09T12:54:02+00:00	dgx-spark-04	True	1	cmtpeql4y1etk2auhbk9668ry
2026-09-09T12:54:02+00:00	dgx-spark-03	True	1	cmtpsaud71whj2auh0k27ynki
2026-09-09T12:54:02+00:00	dgx-spark-02	True	1	cmtsqj5lz5qd42auh8vvrfn03
2026-09-09T12:54:05+00:00	dgx-spark-04	True	1	cmtpeql4y1etk2auhbk9668ry
2026-09-09T12:54:05+00:00	dgx-spark-03	True	1	cmtpsaud71whj2auh0k27ynki
2026-09-09T12:54:05+00:00	dgx-spark-02	True	1	cmtsqj5lz5qd42auh8vvrfn03
2026-09-09T12:54:07+00:00	dgx-spark-04	True	1	cmtpeql4y1etk2auhbk9668ry
2026-09-09T12:54:07+00:00	dgx-spark-03	True	1	cmtpsaud71whj2auh0k27ynki
2026-09-09T12:54:07+00:00	dgx-spark-02	True	1	cmtsqj5lz5qd42auh8vvrfn03
2026-09-09T12:54:09+00:00	dgx-spark-04	True	1	cmtpeql4y1etk2auhbk9668ry
2026-09-09T12:54:09+00:00	dgx-spark-03	True	1	cmtpsaud71whj2auh0k27ynki
2026-09-09T12:54:09+00:00	dgx-spark-02	True	1	cmtsqj5lz5qd42auh8vvrfn03
2026-09-09T12:54:11+00:00	dgx-spark-04	True	1	cmtpeql4y1etk2auhbk9668ry
2026-09-09T12:54:11+00:00	dgx-spark-03	True	1	cmtpsaud71whj2auh0k27ynki
2026-09-09T12:54:11+00:00	dgx-spark-02	True	1	cmtsqj5lz5qd42auh8vvrfn03
2026-09-09T12:54:13+00:00	dgx-spark-04	True	1	cmtpeql4y1etk2auhbk9668ry
2026-09-09T12:54:13+00:00	dgx-spark-03	True	1	cmtpsaud71whj2auh0k27ynki
2026-09-09T12:54:13+00:00	dgx-spark-02	True	1	cmtsqj5lz5qd42auh8vvrfn03
2026-09-09T12:54:15+00:00	dgx-spark-04	True	1	cmtpeql4y1etk2auhbk9668ry
2026-09-09T12:54:15+00:00	dgx-spark-03	True	1	cmtpsaud71whj2auh0k27ynki
2026-09-09T12:54:15+00:00	dgx-spark-02	True	1	cmtsqj5lz5qd42auh8vvrfn03
2026-09-09T12:54:17+00:00	dgx-spark-04	True	1	cmtpeql4y1etk2auhbk9668ry
2026-09-09T12:54:17+00:00	dgx-spark-03	True	1	cmtpsaud71whj2auh0k27ynki
2026-09-09T12:54:17+00:00	dgx-spark-02	True	1	cmtsqj5lz5qd42auh8vvrfn03
2026-09-09T12:54:19+00:00	dgx-spark-04	True	1	cmtpeql4y1etk2auhbk9668ry
2026-09-09T12:54:19+00:00	dgx-spark-03	True	1	cmtpsaud71whj2auh0k27ynki
2026-09-09T12:54:19+00:00	dgx-spark-02	True	1	cmtsqj5lz5qd42auh8vvrfn03
2026-09-09T12:54:21+00:00	dgx-spark-04	True	1	cmtpeql4y1etk2auhbk9668ry
2026-09-09T12:54:21+00:00	dgx-spark-03	True	1	cmtpsaud71whj2auh0k27ynki
2026-09-09T12:54:21+00:00	dgx-spark-02	True	1	cmtsqj5lz5qd42auh8vvrfn03
2026-09-09T12:54:23+00:00	dgx-spark-04	True	1	cmtpeql4y1etk2auhbk9668ry
2026-09-09T12:54:23+00:00	dgx-spark-03	True	1	cmtpsaud71whj2auh0k27ynki
2026-09-09T12:54:23+00:00	dgx-spark-02	True	1	cmtsqj5lz5qd42auh8vvrfn03
2026-09-09T12:54:25+00:00	dgx-spark-04	True	1	cmtpeql4y1etk2auhbk9668ry
2026-09-09T12:54:25+00:00	dgx-spark-03	True	1	cmtpsaud71whj2auh0k27ynki
2026-09-09T12:54:25+00:00	dgx-spark-02	True	1	cmtsqj5lz5qd42auh8vvrfn03
2026-09-09T12:54:27+00:00	dgx-spark-04	True	1	cmtpeql4y1etk2auhbk9668ry
2026-09-09T12:54:27+00:00	dgx-spark-03	True	1	cmtpsaud71whj2auh0k27ynki
2026-09-09T12:54:27+00:00	dgx-spark-02	True	1	cmtsqj5lz5qd42auh8vvrfn03
2026-09-09T12:54:29+00:00	dgx-spark-04	True	1	cmtpeql4y1etk2auhbk9668ry
2026-09-09T12:54:29+00:00	dgx-spark-03	True	1	cmtpsaud71whj2auh0k27ynki
2026-09-09T12:54:29+00:00	dgx-spark-02	True	1	cmtsqj5lz5qd42auh8vvrfn03
2026-09-09T12:54:31+00:00	dgx-spark-04	True	1	cmtpeql4y1etk2auhbk9668ry
2026-09-09T12:54:31+00:00	dgx-spark-03	True	1	cmtpsaud71whj2auh0k27ynki
2026-09-09T12:54:31+00:00	dgx-spark-02	True	1	cmtsqj5lz5qd42auh8vvrfn03
2026-09-09T12:54:33+00:00	dgx-spark-04	True	1	cmtpeql4y1etk2auhbk9668ry
2026-09-09T12:54:33+00:00	dgx-spark-03	True	1	cmtpsaud71whj2auh0k27ynki
2026-09-09T12:54:33+00:00	dgx-spark-02	True	1	cmtsqj5lz5qd42auh8vvrfn03
2026-09-09T12:54:35+00:00	dgx-spark-04	True	1	cmtpeql4y1etk2auhbk9668ry
2026-09-09T12:54:35+00:00	dgx-spark-03	True	1	cmtpsaud71whj2auh0k27ynki
2026-09-09T12:54:35+00:00	dgx-spark-02	True	1	cmtsqj5lz5qd42auh8vvrfn03
2026-09-09T12:54:37+00:00	dgx-spark-04	True	1	cmtpeql4y1etk2auhbk9668ry
2026-09-09T12:54:37+00:00	dgx-spark-03	True	1	cmtpsaud71whj2auh0k27ynki
2026-09-09T12:54:37+00:00	dgx-spark-02	True	1	cmtsqj5lz5qd42auh8vvrfn03
2026-09-09T12:54:39+00:00	dgx-spark-04	True	1	cmtpeql4y1etk2auhbk9668ry
2026-09-09T12:54:39+00:00	dgx-spark-03	True	1	cmtpsaud71whj2auh0k27ynki
2026-09-09T12:54:39+00:00	dgx-spark-02	True	1	cmtsqj5lz5qd42auh8vvrfn03
2026-09-09T12:54:41+00:00	dgx-spark-04	True	1	cmtpeql4y1etk2auhbk9668ry
2026-09-09T12:54:41+00:00	dgx-spark-03	True	1	cmtpsaud71whj2auh0k27ynki
2026-09-09T12:54:41+00:00	dgx-spark-02	True	1	cmtsqj5lz5qd42auh8vvrfn03
2026-09-09T12:54:43+00:00	dgx-spark-04	True	1	cmtpeql4y1etk2auhbk9668ry
2026-09-09T12:54:43+00:00	dgx-spark-03	True	1	cmtpsaud71whj2auh0k27ynki
2026-09-09T12:54:43+00:00	dgx-spark-02	True	1	cmtsqj5lz5qd42auh8vvrfn03
2026-09-09T12:54:45+00:00	dgx-spark-04	True	1	cmtpeql4y1etk2auhbk9668ry
2026-09-09T12:54:45+00:00	dgx-spark-03	True	1	cmtpsaud71whj2auh0k27ynki
2026-09-09T12:54:45+00:00	dgx-spark-02	True	1	cmtsqj5lz5qd42auh8vvrfn03
2026-09-09T12:54:47+00:00	dgx-spark-04	True	1	cmtpeql4y1etk2auhbk9668ry
2026-09-09T12:54:47+00:00	dgx-spark-03	True	1	cmtpsaud71whj2auh0k27ynki
2026-09-09T12:54:47+00:00	dgx-spark-02	True	1	cmtsqj5lz5qd42auh8vvrfn03
2026-09-09T12:54:49+00:00	dgx-spark-04	True	1	cmtpeql4y1etk2auhbk9668ry
2026-09-09T12:54:49+00:00	dgx-spark-03	True	1	cmtpsaud71whj2auh0k27ynki
2026-09-09T12:54:49+00:00	dgx-spark-02	True	1	cmtsqj5lz5qd42auh8vvrfn03
2026-09-09T12:54:51+00:00	dgx-spark-04	True	1	cmtpeql4y1etk2auhbk9668ry
2026-09-09T12:54:51+00:00	dgx-spark-03	True	1	cmtpsaud71whj2auh0k27ynki
2026-09-09T12:54:51+00:00	dgx-spark-02	True	1	cmtsqj5lz5qd42auh8vvrfn03
2026-09-09T12:54:53+00:00	dgx-spark-04	True	1	cmtpeql4y1etk2auhbk9668ry
2026-09-09T12:54:53+00:00	dgx-spark-03	True	1	cmtpsaud71whj2auh0k27ynki
2026-09-09T12:54:53+00:00	dgx-spark-02	True	1	cmtsqj5lz5qd42auh8vvrfn03
2026-09-09T12:54:55+00:00	dgx-spark-04	True	1	cmtpeql4y1etk2auhbk9668ry
2026-09-09T12:54:55+00:00	dgx-spark-03	True	1	cmtpsaud71whj2auh0k27ynki
2026-09-09T12:54:55+00:00	dgx-spark-02	True	1	cmtsqj5lz5qd42auh8vvrfn03
2026-09-09T12:54:57+00:00	dgx-spark-04	True	1	cmtpeql4y1etk2auhbk9668ry
2026-09-09T12:54:57+00:00	dgx-spark-03	True	1	cmtpsaud71whj2auh0k27ynki
2026-09-09T12:54:57+00:00	dgx-spark-02	True	1	cmtsqj5lz5qd42auh8vvrfn03
2026-09-09T12:54:59+00:00	dgx-spark-04	True	1	cmtpeql4y1etk2auhbk9668ry
2026-09-09T12:54:59+00:00	dgx-spark-03	True	1	cmtpsaud71whj2auh0k27ynki
2026-09-09T12:54:59+00:00	dgx-spark-02	True	1	cmtsqj5lz5qd42auh8vvrfn03
2026-09-09T12:55:01+00:00	dgx-spark-04	True	1	cmtpeql4y1etk2auhbk9668ry
2026-09-09T12:55:01+00:00	dgx-spark-03	True	1	cmtpsaud71whj2auh0k27ynki
2026-09-09T12:55:01+00:00	dgx-spark-02	True	1	cmtsqj5lz5qd42auh8vvrfn03
2026-09-09T12:55:03+00:00	dgx-spark-04	True	1	cmtpeql4y1etk2auhbk9668ry
2026-09-09T12:55:03+00:00	dgx-spark-03	True	1	cmtpsaud71whj2auh0k27ynki
2026-09-09T12:55:03+00:00	dgx-spark-02	True	1	cmtsqj5lz5qd42auh8vvrfn03
2026-09-09T12:55:05+00:00	dgx-spark-04	True	1	cmtpeql4y1etk2auhbk9668ry
2026-09-09T12:55:05+00:00	dgx-spark-03	True	1	cmtpsaud71whj2auh0k27ynki
2026-09-09T12:55:05+00:00	dgx-spark-02	True	1	cmtsqj5lz5qd42auh8vvrfn03
2026-09-09T12:55:07+00:00	dgx-spark-04	True	1	cmtpeql4y1etk2auhbk9668ry
2026-09-09T12:55:07+00:00	dgx-spark-03	True	1	cmtpsaud71whj2auh0k27ynki
2026-09-09T12:55:07+00:00	dgx-spark-02	True	1	cmtsqj5lz5qd42auh8vvrfn03
2026-09-09T12:55:09+00:00	dgx-spark-04	True	1	cmtpeql4y1etk2auhbk9668ry
2026-09-09T12:55:09+00:00	dgx-spark-03	True	1	cmtpsaud71whj2auh0k27ynki
2026-09-09T12:55:09+00:00	dgx-spark-02	True	1	cmtsqj5lz5qd42auh8vvrfn03
2026-09-09T12:55:11+00:00	dgx-spark-04	True	1	cmtpeql4y1etk2auhbk9668ry
2026-09-09T12:55:11+00:00	dgx-spark-03	True	1	cmtpsaud71whj2auh0k27ynki
2026-09-09T12:55:11+00:00	dgx-spark-02	True	1	cmtsqj5lz5qd42auh8vvrfn03
2026-09-09T12:55:13+00:00	dgx-spark-04	True	1	cmtpeql4y1etk2auhbk9668ry
2026-09-09T12:55:13+00:00	dgx-spark-03	True	1	cmtpsaud71whj2auh0k27ynki
2026-09-09T12:55:13+00:00	dgx-spark-02	True	1	cmtsqj5lz5qd42auh8vvrfn03
2026-09-09T12:55:15+00:00	dgx-spark-04	True	1	cmtpeql4y1etk2auhbk9668ry
2026-09-09T12:55:15+00:00	dgx-spark-03	True	1	cmtpsaud71whj2auh0k27ynki
2026-09-09T12:55:15+00:00	dgx-spark-02	True	1	cmtsqj5lz5qd42auh8vvrfn03
2026-09-09T12:55:17+00:00	dgx-spark-04	True	1	cmtpeql4y1etk2auhbk9668ry
2026-09-09T12:55:17+00:00	dgx-spark-03	True	1	cmtpsaud71whj2auh0k27ynki
2026-09-09T12:55:17+00:00	dgx-spark-02	True	1	cmtsqj5lz5qd42auh8vvrfn03
2026-09-09T12:55:19+00:00	dgx-spark-04	True	1	cmtpeql4y1etk2auhbk9668ry
2026-09-09T12:55:19+00:00	dgx-spark-03	True	1	cmtpsaud71whj2auh0k27ynki
2026-09-09T12:55:19+00:00	dgx-spark-02	True	1	cmtsqj5lz5qd42auh8vvrfn03
2026-09-09T12:55:21+00:00	dgx-spark-04	True	1	cmtpeql4y1etk2auhbk9668ry
2026-09-09T12:55:21+00:00	dgx-spark-03	True	1	cmtpsaud71whj2auh0k27ynki
2026-09-09T12:55:21+00:00	dgx-spark-02	True	1	cmtsqj5lz5qd42auh8vvrfn03
2026-09-09T12:55:23+00:00	dgx-spark-04	True	1	cmtpeql4y1etk2auhbk9668ry
2026-09-09T12:55:23+00:00	dgx-spark-03	True	1	cmtpsaud71whj2auh0k27ynki
2026-09-09T12:55:23+00:00	dgx-spark-02	True	1	cmtsqj5lz5qd42auh8vvrfn03
2026-09-09T12:55:25+00:00	dgx-spark-04	True	1	cmtpeql4y1etk2auhbk9668ry
2026-09-09T12:55:25+00:00	dgx-spark-03	True	1	cmtpsaud71whj2auh0k27ynki
2026-09-09T12:55:25+00:00	dgx-spark-02	True	1	cmtsqj5lz5qd42auh8vvrfn03
2026-09-09T12:55:27+00:00	dgx-spark-04	True	1	cmtpeql4y1etk2auhbk9668ry
2026-09-09T12:55:27+00:00	dgx-spark-03	True	1	cmtpsaud71whj2auh0k27ynki
2026-09-09T12:55:27+00:00	dgx-spark-02	True	1	cmtsqj5lz5qd42auh8vvrfn03
2026-09-09T12:55:29+00:00	dgx-spark-04	True	1	cmtpeql4y1etk2auhbk9668ry
2026-09-09T12:55:29+00:00	dgx-spark-03	True	1	cmtpsaud71whj2auh0k27ynki
2026-09-09T12:55:29+00:00	dgx-spark-02	True	1	cmtsqj5lz5qd42auh8vvrfn03
2026-09-09T12:55:31+00:00	dgx-spark-04	True	1	cmtpeql4y1etk2auhbk9668ry
2026-09-09T12:55:31+00:00	dgx-spark-03	True	1	cmtpsaud71whj2auh0k27ynki
2026-09-09T12:55:31+00:00	dgx-spark-02	True	1	cmtsqj5lz5qd42auh8vvrfn03
2026-09-09T12:55:33+00:00	dgx-spark-04	True	1	cmtpeql4y1etk2auhbk9668ry
2026-09-09T12:55:33+00:00	dgx-spark-03	True	1	cmtpsaud71whj2auh0k27ynki
2026-09-09T12:55:33+00:00	dgx-spark-02	True	1	cmtsqj5lz5qd42auh8vvrfn03
2026-09-09T12:55:35+00:00	dgx-spark-04	True	1	cmtpeql4y1etk2auhbk9668ry
2026-09-09T12:55:35+00:00	dgx-spark-03	True	1	cmtpsaud71whj2auh0k27ynki
2026-09-09T12:55:35+00:00	dgx-spark-02	True	1	cmtsqj5lz5qd42auh8vvrfn03
2026-09-09T12:55:37+00:00	dgx-spark-04	True	1	cmtpeql4y1etk2auhbk9668ry
2026-09-09T12:55:37+00:00	dgx-spark-03	True	1	cmtpsaud71whj2auh0k27ynki
2026-09-09T12:55:37+00:00	dgx-spark-02	True	1	cmtsqj5lz5qd42auh8vvrfn03
2026-09-09T12:55:39+00:00	dgx-spark-04	True	1	cmtpeql4y1etk2auhbk9668ry
2026-09-09T12:55:39+00:00	dgx-spark-03	True	1	cmtpsaud71whj2auh0k27ynki
2026-09-09T12:55:39+00:00	dgx-spark-02	True	1	cmtsqj5lz5qd42auh8vvrfn03
2026-09-09T12:55:41+00:00	dgx-spark-04	True	1	cmtpeql4y1etk2auhbk9668ry
2026-09-09T12:55:41+00:00	dgx-spark-03	True	1	cmtpsaud71whj2auh0k27ynki
2026-09-09T12:55:41+00:00	dgx-spark-02	True	1	cmtsqj5lz5qd42auh8vvrfn03
2026-09-09T12:55:44+00:00	dgx-spark-04	True	1	cmtpeql4y1etk2auhbk9668ry
2026-09-09T12:55:44+00:00	dgx-spark-03	True	1	cmtpsaud71whj2auh0k27ynki
2026-09-09T12:55:44+00:00	dgx-spark-02	True	1	cmtsqj5lz5qd42auh8vvrfn03
2026-09-09T12:55:46+00:00	dgx-spark-04	True	1	cmtpeql4y1etk2auhbk9668ry
2026-09-09T12:55:46+00:00	dgx-spark-03	True	1	cmtpsaud71whj2auh0k27ynki
2026-09-09T12:55:46+00:00	dgx-spark-02	True	1	cmtsqj5lz5qd42auh8vvrfn03
2026-09-09T12:55:48+00:00	dgx-spark-04	True	1	cmtpeql4y1etk2auhbk9668ry
2026-09-09T12:55:48+00:00	dgx-spark-03	True	1	cmtpsaud71whj2auh0k27ynki
2026-09-09T12:55:48+00:00	dgx-spark-02	True	1	cmtsqj5lz5qd42auh8vvrfn03
2026-09-09T12:55:50+00:00	dgx-spark-04	True	1	cmtpeql4y1etk2auhbk9668ry
2026-09-09T12:55:50+00:00	dgx-spark-03	True	1	cmtpsaud71whj2auh0k27ynki
2026-09-09T12:55:50+00:00	dgx-spark-02	True	1	cmtsqj5lz5qd42auh8vvrfn03
2026-09-09T12:55:52+00:00	dgx-spark-04	True	1	cmtpeql4y1etk2auhbk9668ry
2026-09-09T12:55:52+00:00	dgx-spark-03	True	1	cmtpsaud71whj2auh0k27ynki
2026-09-09T12:55:52+00:00	dgx-spark-02	True	1	cmtsqj5lz5qd42auh8vvrfn03
2026-09-09T12:55:54+00:00	dgx-spark-04	True	1	cmtpeql4y1etk2auhbk9668ry
2026-09-09T12:55:54+00:00	dgx-spark-03	True	1	cmtpsaud71whj2auh0k27ynki
2026-09-09T12:55:54+00:00	dgx-spark-02	True	1	cmtsqj5lz5qd42auh8vvrfn03
2026-09-09T12:55:56+00:00	dgx-spark-04	True	1	cmtpeql4y1etk2auhbk9668ry
2026-09-09T12:55:56+00:00	dgx-spark-03	True	1	cmtpsaud71whj2auh0k27ynki
2026-09-09T12:55:56+00:00	dgx-spark-02	True	1	cmtsqj5lz5qd42auh8vvrfn03
2026-09-09T12:55:58+00:00	dgx-spark-04	True	1	cmtpeql4y1etk2auhbk9668ry
2026-09-09T12:55:58+00:00	dgx-spark-03	True	1	cmtpsaud71whj2auh0k27ynki
2026-09-09T12:55:58+00:00	dgx-spark-02	True	1	cmtsqj5lz5qd42auh8vvrfn03
2026-09-09T12:56:00+00:00	dgx-spark-04	True	1	cmtpeql4y1etk2auhbk9668ry
2026-09-09T12:56:00+00:00	dgx-spark-03	True	1	cmtpsaud71whj2auh0k27ynki
2026-09-09T12:56:00+00:00	dgx-spark-02	True	1	cmtsqj5lz5qd42auh8vvrfn03
2026-09-09T12:56:02+00:00	dgx-spark-04	True	1	cmtpeql4y1etk2auhbk9668ry
2026-09-09T12:56:02+00:00	dgx-spark-03	True	1	cmtpsaud71whj2auh0k27ynki
2026-09-09T12:56:02+00:00	dgx-spark-02	True	1	cmtsqj5lz5qd42auh8vvrfn03
2026-09-09T12:56:04+00:00	dgx-spark-04	True	1	cmtpeql4y1etk2auhbk9668ry
2026-09-09T12:56:04+00:00	dgx-spark-03	True	1	cmtpsaud71whj2auh0k27ynki
2026-09-09T12:56:04+00:00	dgx-spark-02	True	1	cmtsqj5lz5qd42auh8vvrfn03
2026-09-09T12:56:06+00:00	dgx-spark-04	True	1	cmtpeql4y1etk2auhbk9668ry
2026-09-09T12:56:06+00:00	dgx-spark-03	True	1	cmtpsaud71whj2auh0k27ynki
2026-09-09T12:56:06+00:00	dgx-spark-02	True	1	cmtsqj5lz5qd42auh8vvrfn03
2026-09-09T12:56:08+00:00	dgx-spark-04	True	1	cmtpeql4y1etk2auhbk9668ry
2026-09-09T12:56:08+00:00	dgx-spark-03	True	1	cmtpsaud71whj2auh0k27ynki
2026-09-09T12:56:08+00:00	dgx-spark-02	True	1	cmtsqj5lz5qd42auh8vvrfn03
2026-09-09T12:56:10+00:00	dgx-spark-04	True	1	cmtpeql4y1etk2auhbk9668ry
2026-09-09T12:56:10+00:00	dgx-spark-03	True	1	cmtpsaud71whj2auh0k27ynki
2026-09-09T12:56:10+00:00	dgx-spark-02	True	1	cmtsqj5lz5qd42auh8vvrfn03
2026-09-09T12:56:12+00:00	dgx-spark-04	True	1	cmtpeql4y1etk2auhbk9668ry
2026-09-09T12:56:12+00:00	dgx-spark-03	True	1	cmtpsaud71whj2auh0k27ynki
2026-09-09T12:56:12+00:00	dgx-spark-02	True	1	cmtsqj5lz5qd42auh8vvrfn03
2026-09-09T12:56:14+00:00	dgx-spark-04	True	1	cmtpeql4y1etk2auhbk9668ry
2026-09-09T12:56:14+00:00	dgx-spark-03	True	1	cmtpsaud71whj2auh0k27ynki
2026-09-09T12:56:14+00:00	dgx-spark-02	True	1	cmtsqj5lz5qd42auh8vvrfn03
2026-09-09T12:56:16+00:00	dgx-spark-04	True	1	cmtpeql4y1etk2auhbk9668ry
2026-09-09T12:56:16+00:00	dgx-spark-03	True	1	cmtpsaud71whj2auh0k27ynki
2026-09-09T12:56:16+00:00	dgx-spark-02	True	1	cmtsqj5lz5qd42auh8vvrfn03
2026-09-09T12:56:18+00:00	dgx-spark-04	True	1	cmtpeql4y1etk2auhbk9668ry
2026-09-09T12:56:18+00:00	dgx-spark-03	True	1	cmtpsaud71whj2auh0k27ynki
2026-09-09T12:56:18+00:00	dgx-spark-02	True	1	cmtsqj5lz5qd42auh8vvrfn03
2026-09-09T12:56:20+00:00	dgx-spark-04	True	1	cmtpeql4y1etk2auhbk9668ry
2026-09-09T12:56:20+00:00	dgx-spark-03	True	1	cmtpsaud71whj2auh0k27ynki
2026-09-09T12:56:20+00:00	dgx-spark-02	True	1	cmtsqj5lz5qd42auh8vvrfn03
2026-09-09T12:56:22+00:00	dgx-spark-04	True	1	cmtpeql4y1etk2auhbk9668ry
2026-09-09T12:56:22+00:00	dgx-spark-03	True	1	cmtpsaud71whj2auh0k27ynki
2026-09-09T12:56:22+00:00	dgx-spark-02	True	1	cmtsqj5lz5qd42auh8vvrfn03
2026-09-09T12:56:24+00:00	dgx-spark-04	True	1	cmtpeql4y1etk2auhbk9668ry
2026-09-09T12:56:24+00:00	dgx-spark-03	True	1	cmtpsaud71whj2auh0k27ynki
2026-09-09T12:56:24+00:00	dgx-spark-02	True	1	cmtsqj5lz5qd42auh8vvrfn03
2026-09-09T12:56:26+00:00	dgx-spark-04	True	1	cmtpeql4y1etk2auhbk9668ry
2026-09-09T12:56:26+00:00	dgx-spark-03	True	1	cmtpsaud71whj2auh0k27ynki
2026-09-09T12:56:26+00:00	dgx-spark-02	True	1	cmtsqj5lz5qd42auh8vvrfn03
2026-09-09T12:56:28+00:00	dgx-spark-04	True	1	cmtpeql4y1etk2auhbk9668ry
2026-09-09T12:56:28+00:00	dgx-spark-03	True	1	cmtpsaud71whj2auh0k27ynki
2026-09-09T12:56:28+00:00	dgx-spark-02	True	1	cmtsqj5lz5qd42auh8vvrfn03
2026-09-09T12:56:30+00:00	dgx-spark-04	True	1	cmtpeql4y1etk2auhbk9668ry
2026-09-09T12:56:30+00:00	dgx-spark-03	True	0	cmtpsaud71whj2auh0k27ynki
2026-09-09T12:56:30+00:00	dgx-spark-02	True	1	cmtsqj5lz5qd42auh8vvrfn03
2026-09-09T12:56:32+00:00	dgx-spark-04	True	1	cmtpeql4y1etk2auhbk9668ry
2026-09-09T12:56:32+00:00	dgx-spark-03	True	1	cmtpsaud71whj2auh0k27ynki
2026-09-09T12:56:32+00:00	dgx-spark-02	True	1	cmtsqj5lz5qd42auh8vvrfn03
2026-09-09T12:56:34+00:00	dgx-spark-04	True	1	cmtpeql4y1etk2auhbk9668ry
2026-09-09T12:56:34+00:00	dgx-spark-03	True	1	cmtpsaud71whj2auh0k27ynki
2026-09-09T12:56:34+00:00	dgx-spark-02	True	1	cmtsqj5lz5qd42auh8vvrfn03
2026-09-09T12:56:36+00:00	dgx-spark-04	True	1	cmtpeql4y1etk2auhbk9668ry
2026-09-09T12:56:36+00:00	dgx-spark-03	True	1	cmtpsaud71whj2auh0k27ynki
2026-09-09T12:56:36+00:00	dgx-spark-02	True	1	cmtsqj5lz5qd42auh8vvrfn03
2026-09-09T12:56:38+00:00	dgx-spark-04	True	1	cmtpeql4y1etk2auhbk9668ry
2026-09-09T12:56:38+00:00	dgx-spark-03	True	1	cmtpsaud71whj2auh0k27ynki
2026-09-09T12:56:38+00:00	dgx-spark-02	True	1	cmtsqj5lz5qd42auh8vvrfn03
2026-09-09T12:56:40+00:00	dgx-spark-04	True	1	cmtpeql4y1etk2auhbk9668ry
2026-09-09T12:56:40+00:00	dgx-spark-03	True	1	cmtpsaud71whj2auh0k27ynki
2026-09-09T12:56:40+00:00	dgx-spark-02	True	1	cmtsqj5lz5qd42auh8vvrfn03
2026-09-09T12:56:42+00:00	dgx-spark-04	True	1	cmtpeql4y1etk2auhbk9668ry
2026-09-09T12:56:42+00:00	dgx-spark-03	True	1	cmtpsaud71whj2auh0k27ynki
2026-09-09T12:56:42+00:00	dgx-spark-02	True	1	cmtsqj5lz5qd42auh8vvrfn03
2026-09-09T12:56:44+00:00	dgx-spark-04	True	1	cmtpeql4y1etk2auhbk9668ry
2026-09-09T12:56:44+00:00	dgx-spark-03	True	1	cmtpsaud71whj2auh0k27ynki
2026-09-09T12:56:44+00:00	dgx-spark-02	True	1	cmtsqj5lz5qd42auh8vvrfn03
2026-09-09T12:56:46+00:00	dgx-spark-04	True	1	cmtpeql4y1etk2auhbk9668ry
2026-09-09T12:56:46+00:00	dgx-spark-03	True	1	cmtpsaud71whj2auh0k27ynki
2026-09-09T12:56:46+00:00	dgx-spark-02	True	1	cmtsqj5lz5qd42auh8vvrfn03
2026-09-09T12:56:48+00:00	dgx-spark-04	True	1	cmtpeql4y1etk2auhbk9668ry
2026-09-09T12:56:48+00:00	dgx-spark-03	True	1	cmtpsaud71whj2auh0k27ynki
2026-09-09T12:56:48+00:00	dgx-spark-02	True	1	cmtsqj5lz5qd42auh8vvrfn03
2026-09-09T12:56:50+00:00	dgx-spark-04	True	1	cmtpeql4y1etk2auhbk9668ry
2026-09-09T12:56:50+00:00	dgx-spark-03	True	1	cmtpsaud71whj2auh0k27ynki
2026-09-09T12:56:50+00:00	dgx-spark-02	True	1	cmtsqj5lz5qd42auh8vvrfn03
2026-09-09T12:56:52+00:00	dgx-spark-04	True	1	cmtpeql4y1etk2auhbk9668ry
2026-09-09T12:56:52+00:00	dgx-spark-03	True	1	cmtpsaud71whj2auh0k27ynki
2026-09-09T12:56:52+00:00	dgx-spark-02	True	1	cmtsqj5lz5qd42auh8vvrfn03
2026-09-09T12:56:54+00:00	dgx-spark-04	True	1	cmtpeql4y1etk2auhbk9668ry
2026-09-09T12:56:54+00:00	dgx-spark-03	True	1	cmtpsaud71whj2auh0k27ynki
2026-09-09T12:56:54+00:00	dgx-spark-02	True	1	cmtsqj5lz5qd42auh8vvrfn03
2026-09-09T12:56:56+00:00	dgx-spark-04	True	1	cmtpeql4y1etk2auhbk9668ry
2026-09-09T12:56:56+00:00	dgx-spark-03	True	1	cmtpsaud71whj2auh0k27ynki
2026-09-09T12:56:56+00:00	dgx-spark-02	True	1	cmtsqj5lz5qd42auh8vvrfn03
2026-09-09T12:56:58+00:00	dgx-spark-04	True	1	cmtpeql4y1etk2auhbk9668ry
2026-09-09T12:56:58+00:00	dgx-spark-03	True	1	cmtpsaud71whj2auh0k27ynki
2026-09-09T12:56:58+00:00	dgx-spark-02	True	1	cmtsqj5lz5qd42auh8vvrfn03
2026-09-09T12:57:01+00:00	dgx-spark-04	True	1	cmtpeql4y1etk2auhbk9668ry
2026-09-09T12:57:01+00:00	dgx-spark-03	True	1	cmtpsaud71whj2auh0k27ynki
2026-09-09T12:57:01+00:00	dgx-spark-02	True	1	cmtsqj5lz5qd42auh8vvrfn03
2026-09-09T12:57:03+00:00	dgx-spark-04	True	1	cmtpeql4y1etk2auhbk9668ry
2026-09-09T12:57:03+00:00	dgx-spark-03	True	0	cmtpsaud71whj2auh0k27ynki
2026-09-09T12:57:03+00:00	dgx-spark-02	True	1	cmtsqj5lz5qd42auh8vvrfn03
2026-09-09T12:57:05+00:00	dgx-spark-04	True	1	cmtpeql4y1etk2auhbk9668ry
2026-09-09T12:57:05+00:00	dgx-spark-03	True	1	cmtpsaud71whj2auh0k27ynki
2026-09-09T12:57:05+00:00	dgx-spark-02	True	1	cmtsqj5lz5qd42auh8vvrfn03
2026-09-09T12:57:07+00:00	dgx-spark-04	True	1	cmtpeql4y1etk2auhbk9668ry
2026-09-09T12:57:07+00:00	dgx-spark-03	True	1	cmtpsaud71whj2auh0k27ynki
2026-09-09T12:57:07+00:00	dgx-spark-02	True	1	cmtsqj5lz5qd42auh8vvrfn03
2026-09-09T12:57:09+00:00	dgx-spark-04	True	1	cmtpeql4y1etk2auhbk9668ry
2026-09-09T12:57:09+00:00	dgx-spark-03	True	1	cmtpsaud71whj2auh0k27ynki
2026-09-09T12:57:09+00:00	dgx-spark-02	True	1	cmtsqj5lz5qd42auh8vvrfn03
2026-09-09T12:57:11+00:00	dgx-spark-04	True	1	cmtpeql4y1etk2auhbk9668ry
2026-09-09T12:57:11+00:00	dgx-spark-03	True	1	cmtpsaud71whj2auh0k27ynki
2026-09-09T12:57:11+00:00	dgx-spark-02	True	1	cmtsqj5lz5qd42auh8vvrfn03
2026-09-09T12:57:13+00:00	dgx-spark-04	True	1	cmtpeql4y1etk2auhbk9668ry
2026-09-09T12:57:13+00:00	dgx-spark-03	True	1	cmtpsaud71whj2auh0k27ynki
2026-09-09T12:57:13+00:00	dgx-spark-02	True	1	cmtsqj5lz5qd42auh8vvrfn03
2026-09-09T12:57:15+00:00	dgx-spark-04	True	1	cmtpeql4y1etk2auhbk9668ry
2026-09-09T12:57:15+00:00	dgx-spark-03	True	1	cmtpsaud71whj2auh0k27ynki
2026-09-09T12:57:15+00:00	dgx-spark-02	True	1	cmtsqj5lz5qd42auh8vvrfn03
2026-09-09T12:57:17+00:00	dgx-spark-04	True	1	cmtpeql4y1etk2auhbk9668ry
2026-09-09T12:57:17+00:00	dgx-spark-03	True	1	cmtpsaud71whj2auh0k27ynki
2026-09-09T12:57:17+00:00	dgx-spark-02	True	1	cmtsqj5lz5qd42auh8vvrfn03
2026-09-09T12:57:19+00:00	dgx-spark-04	True	1	cmtpeql4y1etk2auhbk9668ry
2026-09-09T12:57:19+00:00	dgx-spark-03	True	1	cmtpsaud71whj2auh0k27ynki
2026-09-09T12:57:19+00:00	dgx-spark-02	True	1	cmtsqj5lz5qd42auh8vvrfn03
2026-09-09T12:57:21+00:00	dgx-spark-04	True	1	cmtpeql4y1etk2auhbk9668ry
2026-09-09T12:57:21+00:00	dgx-spark-03	True	1	cmtpsaud71whj2auh0k27ynki
2026-09-09T12:57:21+00:00	dgx-spark-02	True	1	cmtsqj5lz5qd42auh8vvrfn03
2026-09-09T12:57:23+00:00	dgx-spark-04	True	1	cmtpeql4y1etk2auhbk9668ry
2026-09-09T12:57:23+00:00	dgx-spark-03	True	1	cmtpsaud71whj2auh0k27ynki
2026-09-09T12:57:23+00:00	dgx-spark-02	True	1	cmtsqj5lz5qd42auh8vvrfn03
2026-09-09T12:57:26+00:00	dgx-spark-04	True	1	cmtpeql4y1etk2auhbk9668ry
2026-09-09T12:57:26+00:00	dgx-spark-03	True	1	cmtpsaud71whj2auh0k27ynki
2026-09-09T12:57:26+00:00	dgx-spark-02	True	1	cmtsqj5lz5qd42auh8vvrfn03
2026-09-09T12:57:28+00:00	dgx-spark-04	True	1	cmtpeql4y1etk2auhbk9668ry
2026-09-09T12:57:28+00:00	dgx-spark-03	True	1	cmtpsaud71whj2auh0k27ynki
2026-09-09T12:57:28+00:00	dgx-spark-02	True	1	cmtsqj5lz5qd42auh8vvrfn03
2026-09-09T12:57:30+00:00	dgx-spark-04	True	1	cmtpeql4y1etk2auhbk9668ry
2026-09-09T12:57:30+00:00	dgx-spark-03	True	1	cmtpsaud71whj2auh0k27ynki
2026-09-09T12:57:30+00:00	dgx-spark-02	True	1	cmtsqj5lz5qd42auh8vvrfn03
2026-09-09T12:57:32+00:00	dgx-spark-04	True	1	cmtpeql4y1etk2auhbk9668ry
2026-09-09T12:57:32+00:00	dgx-spark-03	True	1	cmtpsaud71whj2auh0k27ynki
2026-09-09T12:57:32+00:00	dgx-spark-02	True	1	cmtsqj5lz5qd42auh8vvrfn03
2026-09-09T12:57:34+00:00	dgx-spark-04	True	1	cmtpeql4y1etk2auhbk9668ry
2026-09-09T12:57:34+00:00	dgx-spark-03	True	1	cmtpsaud71whj2auh0k27ynki
2026-09-09T12:57:34+00:00	dgx-spark-02	True	1	cmtsqj5lz5qd42auh8vvrfn03
2026-09-09T12:57:36+00:00	dgx-spark-04	True	1	cmtpeql4y1etk2auhbk9668ry
2026-09-09T12:57:36+00:00	dgx-spark-03	True	1	cmtpsaud71whj2auh0k27ynki
2026-09-09T12:57:36+00:00	dgx-spark-02	True	1	cmtsqj5lz5qd42auh8vvrfn03
2026-09-09T12:57:38+00:00	dgx-spark-04	True	1	cmtpeql4y1etk2auhbk9668ry
2026-09-09T12:57:38+00:00	dgx-spark-03	True	1	cmtpsaud71whj2auh0k27ynki
2026-09-09T12:57:38+00:00	dgx-spark-02	True	1	cmtsqj5lz5qd42auh8vvrfn03
2026-09-09T12:57:40+00:00	dgx-spark-04	True	1	cmtpeql4y1etk2auhbk9668ry
2026-09-09T12:57:40+00:00	dgx-spark-03	True	1	cmtpsaud71whj2auh0k27ynki
2026-09-09T12:57:40+00:00	dgx-spark-02	True	1	cmtsqj5lz5qd42auh8vvrfn03
2026-09-09T12:57:42+00:00	dgx-spark-04	True	1	cmtpeql4y1etk2auhbk9668ry
2026-09-09T12:57:42+00:00	dgx-spark-03	True	1	cmtpsaud71whj2auh0k27ynki
2026-09-09T12:57:42+00:00	dgx-spark-02	True	1	cmtsqj5lz5qd42auh8vvrfn03
2026-09-09T12:57:44+00:00	dgx-spark-04	True	1	cmtpeql4y1etk2auhbk9668ry
2026-09-09T12:57:44+00:00	dgx-spark-03	True	0	cmtpsaud71whj2auh0k27ynki
2026-09-09T12:57:44+00:00	dgx-spark-02	True	1	cmtsqj5lz5qd42auh8vvrfn03
2026-09-09T12:57:46+00:00	dgx-spark-04	True	0	cmtpeql4y1etk2auhbk9668ry
2026-09-09T12:57:46+00:00	dgx-spark-03	True	1	cmtpsaud71whj2auh0k27ynki
2026-09-09T12:57:46+00:00	dgx-spark-02	True	1	cmtsqj5lz5qd42auh8vvrfn03
2026-09-09T12:57:49+00:00	dgx-spark-04	True	1	cmtpeql4y1etk2auhbk9668ry
2026-09-09T12:57:49+00:00	dgx-spark-03	True	1	cmtpsaud71whj2auh0k27ynki
2026-09-09T12:57:49+00:00	dgx-spark-02	True	1	cmtsqj5lz5qd42auh8vvrfn03
2026-09-09T12:57:51+00:00	dgx-spark-04	True	1	cmtpeql4y1etk2auhbk9668ry
2026-09-09T12:57:51+00:00	dgx-spark-03	True	1	cmtpsaud71whj2auh0k27ynki
2026-09-09T12:57:51+00:00	dgx-spark-02	True	1	cmtsqj5lz5qd42auh8vvrfn03
2026-09-09T12:57:53+00:00	dgx-spark-04	True	1	cmtpeql4y1etk2auhbk9668ry
2026-09-09T12:57:53+00:00	dgx-spark-03	True	1	cmtpsaud71whj2auh0k27ynki
2026-09-09T12:57:53+00:00	dgx-spark-02	True	1	cmtsqj5lz5qd42auh8vvrfn03
2026-09-09T12:57:55+00:00	dgx-spark-04	True	1	cmtpeql4y1etk2auhbk9668ry
2026-09-09T12:57:55+00:00	dgx-spark-03	True	1	cmtpsaud71whj2auh0k27ynki
2026-09-09T12:57:55+00:00	dgx-spark-02	True	1	cmtsqj5lz5qd42auh8vvrfn03
2026-09-09T12:57:57+00:00	dgx-spark-04	True	1	cmtpeql4y1etk2auhbk9668ry
2026-09-09T12:57:57+00:00	dgx-spark-03	True	1	cmtpsaud71whj2auh0k27ynki
2026-09-09T12:57:57+00:00	dgx-spark-02	True	1	cmtsqj5lz5qd42auh8vvrfn03
2026-09-09T12:57:59+00:00	dgx-spark-04	True	1	cmtpeql4y1etk2auhbk9668ry
2026-09-09T12:57:59+00:00	dgx-spark-03	True	1	cmtpsaud71whj2auh0k27ynki
2026-09-09T12:57:59+00:00	dgx-spark-02	True	1	cmtsqj5lz5qd42auh8vvrfn03
2026-09-09T12:58:01+00:00	dgx-spark-04	True	1	cmtpeql4y1etk2auhbk9668ry
2026-09-09T12:58:01+00:00	dgx-spark-03	True	1	cmtpsaud71whj2auh0k27ynki
2026-09-09T12:58:01+00:00	dgx-spark-02	True	1	cmtsqj5lz5qd42auh8vvrfn03
2026-09-09T12:58:03+00:00	dgx-spark-04	True	1	cmtpeql4y1etk2auhbk9668ry
2026-09-09T12:58:03+00:00	dgx-spark-03	True	1	cmtpsaud71whj2auh0k27ynki
2026-09-09T12:58:03+00:00	dgx-spark-02	True	1	cmtsqj5lz5qd42auh8vvrfn03
2026-09-09T12:58:05+00:00	dgx-spark-04	True	1	cmtpeql4y1etk2auhbk9668ry
2026-09-09T12:58:05+00:00	dgx-spark-03	True	1	cmtpsaud71whj2auh0k27ynki
2026-09-09T12:58:05+00:00	dgx-spark-02	True	1	cmtsqj5lz5qd42auh8vvrfn03
2026-09-09T12:58:07+00:00	dgx-spark-04	True	1	cmtpeql4y1etk2auhbk9668ry
2026-09-09T12:58:07+00:00	dgx-spark-03	True	1	cmtpsaud71whj2auh0k27ynki
2026-09-09T12:58:07+00:00	dgx-spark-02	True	1	cmtsqj5lz5qd42auh8vvrfn03
2026-09-09T12:58:09+00:00	dgx-spark-04	True	1	cmtpeql4y1etk2auhbk9668ry
2026-09-09T12:58:09+00:00	dgx-spark-03	True	1	cmtpsaud71whj2auh0k27ynki
2026-09-09T12:58:09+00:00	dgx-spark-02	True	1	cmtsqj5lz5qd42auh8vvrfn03
2026-09-09T12:58:11+00:00	dgx-spark-04	True	1	cmtpeql4y1etk2auhbk9668ry
2026-09-09T12:58:11+00:00	dgx-spark-03	True	1	cmtpsaud71whj2auh0k27ynki
2026-09-09T12:58:11+00:00	dgx-spark-02	True	1	cmtsqj5lz5qd42auh8vvrfn03
2026-09-09T12:58:14+00:00	dgx-spark-04	True	1	cmtpeql4y1etk2auhbk9668ry
2026-09-09T12:58:14+00:00	dgx-spark-03	True	1	cmtpsaud71whj2auh0k27ynki
2026-09-09T12:58:14+00:00	dgx-spark-02	True	1	cmtsqj5lz5qd42auh8vvrfn03
2026-09-09T12:58:16+00:00	dgx-spark-04	True	1	cmtpeql4y1etk2auhbk9668ry
2026-09-09T12:58:16+00:00	dgx-spark-03	True	1	cmtpsaud71whj2auh0k27ynki
2026-09-09T12:58:16+00:00	dgx-spark-02	True	1	cmtsqj5lz5qd42auh8vvrfn03
2026-09-09T12:58:18+00:00	dgx-spark-04	True	1	cmtpeql4y1etk2auhbk9668ry
2026-09-09T12:58:18+00:00	dgx-spark-03	True	1	cmtpsaud71whj2auh0k27ynki
2026-09-09T12:58:18+00:00	dgx-spark-02	True	1	cmtsqj5lz5qd42auh8vvrfn03
2026-09-09T12:58:20+00:00	dgx-spark-04	True	1	cmtpeql4y1etk2auhbk9668ry
2026-09-09T12:58:20+00:00	dgx-spark-03	True	1	cmtpsaud71whj2auh0k27ynki
2026-09-09T12:58:20+00:00	dgx-spark-02	True	1	cmtsqj5lz5qd42auh8vvrfn03
2026-09-09T12:58:22+00:00	dgx-spark-04	True	1	cmtpeql4y1etk2auhbk9668ry
2026-09-09T12:58:22+00:00	dgx-spark-03	True	1	cmtpsaud71whj2auh0k27ynki
2026-09-09T12:58:22+00:00	dgx-spark-02	True	1	cmtsqj5lz5qd42auh8vvrfn03
2026-09-09T12:58:24+00:00	dgx-spark-04	True	1	cmtpeql4y1etk2auhbk9668ry
2026-09-09T12:58:24+00:00	dgx-spark-03	True	1	cmtpsaud71whj2auh0k27ynki
2026-09-09T12:58:24+00:00	dgx-spark-02	True	1	cmtsqj5lz5qd42auh8vvrfn03
2026-09-09T12:58:26+00:00	dgx-spark-04	True	1	cmtpeql4y1etk2auhbk9668ry
2026-09-09T12:58:26+00:00	dgx-spark-03	True	1	cmtpsaud71whj2auh0k27ynki
2026-09-09T12:58:26+00:00	dgx-spark-02	True	1	cmtsqj5lz5qd42auh8vvrfn03
2026-09-09T12:58:28+00:00	dgx-spark-04	True	1	cmtpeql4y1etk2auhbk9668ry
2026-09-09T12:58:28+00:00	dgx-spark-03	True	1	cmtpsaud71whj2auh0k27ynki
2026-09-09T12:58:28+00:00	dgx-spark-02	True	1	cmtsqj5lz5qd42auh8vvrfn03
2026-09-09T12:58:30+00:00	dgx-spark-04	True	1	cmtpeql4y1etk2auhbk9668ry
2026-09-09T12:58:30+00:00	dgx-spark-03	True	1	cmtpsaud71whj2auh0k27ynki
2026-09-09T12:58:30+00:00	dgx-spark-02	True	1	cmtsqj5lz5qd42auh8vvrfn03
2026-09-09T12:58:32+00:00	dgx-spark-04	True	1	cmtpeql4y1etk2auhbk9668ry
2026-09-09T12:58:32+00:00	dgx-spark-03	True	1	cmtpsaud71whj2auh0k27ynki
2026-09-09T12:58:32+00:00	dgx-spark-02	True	1	cmtsqj5lz5qd42auh8vvrfn03
2026-09-09T12:58:34+00:00	dgx-spark-04	True	1	cmtpeql4y1etk2auhbk9668ry
2026-09-09T12:58:34+00:00	dgx-spark-03	True	1	cmtpsaud71whj2auh0k27ynki
2026-09-09T12:58:34+00:00	dgx-spark-02	True	1	cmtsqj5lz5qd42auh8vvrfn03
2026-09-09T12:58:36+00:00	dgx-spark-04	True	1	cmtpeql4y1etk2auhbk9668ry
2026-09-09T12:58:36+00:00	dgx-spark-03	True	1	cmtpsaud71whj2auh0k27ynki
2026-09-09T12:58:36+00:00	dgx-spark-02	True	1	cmtsqj5lz5qd42auh8vvrfn03
2026-09-09T12:58:38+00:00	dgx-spark-04	True	1	cmtpeql4y1etk2auhbk9668ry
2026-09-09T12:58:38+00:00	dgx-spark-03	True	1	cmtpsaud71whj2auh0k27ynki
2026-09-09T12:58:38+00:00	dgx-spark-02	True	0	cmtsqj5lz5qd42auh8vvrfn03
2026-09-09T12:58:40+00:00	dgx-spark-04	True	1	cmtpeql4y1etk2auhbk9668ry
2026-09-09T12:58:40+00:00	dgx-spark-03	True	1	cmtpsaud71whj2auh0k27ynki
2026-09-09T12:58:40+00:00	dgx-spark-02	True	1	cmtsqj5lz5qd42auh8vvrfn03
2026-09-09T12:58:42+00:00	dgx-spark-04	True	1	cmtpeql4y1etk2auhbk9668ry
2026-09-09T12:58:42+00:00	dgx-spark-03	True	1	cmtpsaud71whj2auh0k27ynki
2026-09-09T12:58:42+00:00	dgx-spark-02	True	1	cmtsqj5lz5qd42auh8vvrfn03
2026-09-09T12:58:44+00:00	dgx-spark-04	True	1	cmtpeql4y1etk2auhbk9668ry
2026-09-09T12:58:44+00:00	dgx-spark-03	True	1	cmtpsaud71whj2auh0k27ynki
2026-09-09T12:58:44+00:00	dgx-spark-02	True	1	cmtsqj5lz5qd42auh8vvrfn03
2026-09-09T12:58:46+00:00	dgx-spark-04	True	1	cmtpeql4y1etk2auhbk9668ry
2026-09-09T12:58:46+00:00	dgx-spark-03	True	1	cmtpsaud71whj2auh0k27ynki
2026-09-09T12:58:46+00:00	dgx-spark-02	True	1	cmtsqj5lz5qd42auh8vvrfn03
2026-09-09T12:58:48+00:00	dgx-spark-04	True	1	cmtpeql4y1etk2auhbk9668ry
2026-09-09T12:58:48+00:00	dgx-spark-03	True	1	cmtpsaud71whj2auh0k27ynki
2026-09-09T12:58:48+00:00	dgx-spark-02	True	1	cmtsqj5lz5qd42auh8vvrfn03
2026-09-09T12:58:50+00:00	dgx-spark-04	True	1	cmtpeql4y1etk2auhbk9668ry
2026-09-09T12:58:50+00:00	dgx-spark-03	True	1	cmtpsaud71whj2auh0k27ynki
2026-09-09T12:58:50+00:00	dgx-spark-02	True	1	cmtsqj5lz5qd42auh8vvrfn03
2026-09-09T12:58:52+00:00	dgx-spark-04	True	1	cmtpeql4y1etk2auhbk9668ry
2026-09-09T12:58:52+00:00	dgx-spark-03	True	1	cmtpsaud71whj2auh0k27ynki
2026-09-09T12:58:52+00:00	dgx-spark-02	True	1	cmtsqj5lz5qd42auh8vvrfn03
2026-09-09T12:58:54+00:00	dgx-spark-04	True	1	cmtpeql4y1etk2auhbk9668ry
2026-09-09T12:58:54+00:00	dgx-spark-03	True	1	cmtpsaud71whj2auh0k27ynki
2026-09-09T12:58:54+00:00	dgx-spark-02	True	1	cmtsqj5lz5qd42auh8vvrfn03
2026-09-09T12:58:56+00:00	dgx-spark-04	True	1	cmtpeql4y1etk2auhbk9668ry
2026-09-09T12:58:56+00:00	dgx-spark-03	True	1	cmtpsaud71whj2auh0k27ynki
2026-09-09T12:58:56+00:00	dgx-spark-02	True	1	cmtsqj5lz5qd42auh8vvrfn03
2026-09-09T12:58:58+00:00	dgx-spark-04	True	1	cmtpeql4y1etk2auhbk9668ry
2026-09-09T12:58:58+00:00	dgx-spark-03	True	1	cmtpsaud71whj2auh0k27ynki
2026-09-09T12:58:58+00:00	dgx-spark-02	True	1	cmtsqj5lz5qd42auh8vvrfn03
2026-09-09T12:59:00+00:00	dgx-spark-04	True	1	cmtpeql4y1etk2auhbk9668ry
2026-09-09T12:59:00+00:00	dgx-spark-03	True	1	cmtpsaud71whj2auh0k27ynki
2026-09-09T12:59:00+00:00	dgx-spark-02	True	1	cmtsqj5lz5qd42auh8vvrfn03
2026-09-09T12:59:02+00:00	dgx-spark-04	True	1	cmtpeql4y1etk2auhbk9668ry
2026-09-09T12:59:02+00:00	dgx-spark-03	True	0	cmtpsaud71whj2auh0k27ynki
2026-09-09T12:59:02+00:00	dgx-spark-02	True	1	cmtsqj5lz5qd42auh8vvrfn03
2026-09-09T12:59:04+00:00	dgx-spark-04	True	1	cmtpeql4y1etk2auhbk9668ry
2026-09-09T12:59:04+00:00	dgx-spark-03	True	1	cmtpsaud71whj2auh0k27ynki
2026-09-09T12:59:04+00:00	dgx-spark-02	True	1	cmtsqj5lz5qd42auh8vvrfn03
2026-09-09T12:59:06+00:00	dgx-spark-04	True	1	cmtpeql4y1etk2auhbk9668ry
2026-09-09T12:59:06+00:00	dgx-spark-03	True	1	cmtpsaud71whj2auh0k27ynki
2026-09-09T12:59:06+00:00	dgx-spark-02	True	1	cmtsqj5lz5qd42auh8vvrfn03
2026-09-09T12:59:08+00:00	dgx-spark-04	True	1	cmtpeql4y1etk2auhbk9668ry
2026-09-09T12:59:08+00:00	dgx-spark-03	True	1	cmtpsaud71whj2auh0k27ynki
2026-09-09T12:59:08+00:00	dgx-spark-02	True	1	cmtsqj5lz5qd42auh8vvrfn03
2026-09-09T12:59:10+00:00	dgx-spark-04	True	1	cmtpeql4y1etk2auhbk9668ry
2026-09-09T12:59:10+00:00	dgx-spark-03	True	1	cmtpsaud71whj2auh0k27ynki
2026-09-09T12:59:10+00:00	dgx-spark-02	True	1	cmtsqj5lz5qd42auh8vvrfn03
2026-09-09T12:59:12+00:00	dgx-spark-04	True	1	cmtpeql4y1etk2auhbk9668ry
2026-09-09T12:59:12+00:00	dgx-spark-03	True	1	cmtpsaud71whj2auh0k27ynki
2026-09-09T12:59:12+00:00	dgx-spark-02	True	1	cmtsqj5lz5qd42auh8vvrfn03
2026-09-09T12:59:14+00:00	dgx-spark-04	True	1	cmtpeql4y1etk2auhbk9668ry
2026-09-09T12:59:14+00:00	dgx-spark-03	True	1	cmtpsaud71whj2auh0k27ynki
2026-09-09T12:59:14+00:00	dgx-spark-02	True	1	cmtsqj5lz5qd42auh8vvrfn03
2026-09-09T12:59:16+00:00	dgx-spark-04	True	1	cmtpeql4y1etk2auhbk9668ry
2026-09-09T12:59:16+00:00	dgx-spark-03	True	1	cmtpsaud71whj2auh0k27ynki
2026-09-09T12:59:16+00:00	dgx-spark-02	True	1	cmtsqj5lz5qd42auh8vvrfn03
2026-09-09T12:59:18+00:00	dgx-spark-04	True	1	cmtpeql4y1etk2auhbk9668ry
2026-09-09T12:59:18+00:00	dgx-spark-03	True	1	cmtpsaud71whj2auh0k27ynki
2026-09-09T12:59:18+00:00	dgx-spark-02	True	1	cmtsqj5lz5qd42auh8vvrfn03
2026-09-09T12:59:20+00:00	dgx-spark-04	True	1	cmtpeql4y1etk2auhbk9668ry
2026-09-09T12:59:20+00:00	dgx-spark-03	True	1	cmtpsaud71whj2auh0k27ynki
2026-09-09T12:59:20+00:00	dgx-spark-02	True	1	cmtsqj5lz5qd42auh8vvrfn03
2026-09-09T12:59:22+00:00	dgx-spark-04	True	1	cmtpeql4y1etk2auhbk9668ry
2026-09-09T12:59:22+00:00	dgx-spark-03	True	1	cmtpsaud71whj2auh0k27ynki
2026-09-09T12:59:22+00:00	dgx-spark-02	True	1	cmtsqj5lz5qd42auh8vvrfn03
2026-09-09T12:59:24+00:00	dgx-spark-04	True	1	cmtpeql4y1etk2auhbk9668ry
2026-09-09T12:59:24+00:00	dgx-spark-03	True	1	cmtpsaud71whj2auh0k27ynki
2026-09-09T12:59:24+00:00	dgx-spark-02	True	1	cmtsqj5lz5qd42auh8vvrfn03
2026-09-09T12:59:26+00:00	dgx-spark-04	True	1	cmtpeql4y1etk2auhbk9668ry
2026-09-09T12:59:26+00:00	dgx-spark-03	True	1	cmtpsaud71whj2auh0k27ynki
2026-09-09T12:59:26+00:00	dgx-spark-02	True	1	cmtsqj5lz5qd42auh8vvrfn03
2026-09-09T12:59:28+00:00	dgx-spark-04	True	1	cmtpeql4y1etk2auhbk9668ry
2026-09-09T12:59:28+00:00	dgx-spark-03	True	1	cmtpsaud71whj2auh0k27ynki
2026-09-09T12:59:28+00:00	dgx-spark-02	True	1	cmtsqj5lz5qd42auh8vvrfn03
2026-09-09T12:59:30+00:00	dgx-spark-04	True	1	cmtpeql4y1etk2auhbk9668ry
2026-09-09T12:59:30+00:00	dgx-spark-03	True	1	cmtpsaud71whj2auh0k27ynki
2026-09-09T12:59:30+00:00	dgx-spark-02	True	1	cmtsqj5lz5qd42auh8vvrfn03
2026-09-09T12:59:32+00:00	dgx-spark-04	True	1	cmtpeql4y1etk2auhbk9668ry
2026-09-09T12:59:32+00:00	dgx-spark-03	True	1	cmtpsaud71whj2auh0k27ynki
2026-09-09T12:59:32+00:00	dgx-spark-02	True	1	cmtsqj5lz5qd42auh8vvrfn03
2026-09-09T12:59:34+00:00	dgx-spark-04	True	1	cmtpeql4y1etk2auhbk9668ry
2026-09-09T12:59:34+00:00	dgx-spark-03	True	1	cmtpsaud71whj2auh0k27ynki
2026-09-09T12:59:34+00:00	dgx-spark-02	True	1	cmtsqj5lz5qd42auh8vvrfn03
2026-09-09T12:59:36+00:00	dgx-spark-04	True	1	cmtpeql4y1etk2auhbk9668ry
2026-09-09T12:59:36+00:00	dgx-spark-03	True	1	cmtpsaud71whj2auh0k27ynki
2026-09-09T12:59:36+00:00	dgx-spark-02	True	1	cmtsqj5lz5qd42auh8vvrfn03
2026-09-09T12:59:38+00:00	dgx-spark-04	True	1	cmtpeql4y1etk2auhbk9668ry
2026-09-09T12:59:38+00:00	dgx-spark-03	True	1	cmtpsaud71whj2auh0k27ynki
2026-09-09T12:59:38+00:00	dgx-spark-02	True	1	cmtsqj5lz5qd42auh8vvrfn03
2026-09-09T12:59:40+00:00	dgx-spark-04	True	1	cmtpeql4y1etk2auhbk9668ry
2026-09-09T12:59:40+00:00	dgx-spark-03	True	1	cmtpsaud71whj2auh0k27ynki
2026-09-09T12:59:40+00:00	dgx-spark-02	True	1	cmtsqj5lz5qd42auh8vvrfn03
2026-09-09T12:59:42+00:00	dgx-spark-04	True	1	cmtpeql4y1etk2auhbk9668ry
2026-09-09T12:59:42+00:00	dgx-spark-03	True	1	cmtpsaud71whj2auh0k27ynki
2026-09-09T12:59:42+00:00	dgx-spark-02	True	1	cmtsqj5lz5qd42auh8vvrfn03
2026-09-09T12:59:44+00:00	dgx-spark-04	True	1	cmtpeql4y1etk2auhbk9668ry
2026-09-09T12:59:44+00:00	dgx-spark-03	True	1	cmtpsaud71whj2auh0k27ynki
2026-09-09T12:59:44+00:00	dgx-spark-02	True	1	cmtsqj5lz5qd42auh8vvrfn03
2026-09-09T12:59:46+00:00	dgx-spark-04	True	1	cmtpeql4y1etk2auhbk9668ry
2026-09-09T12:59:46+00:00	dgx-spark-03	True	1	cmtpsaud71whj2auh0k27ynki
2026-09-09T12:59:46+00:00	dgx-spark-02	True	1	cmtsqj5lz5qd42auh8vvrfn03
2026-09-09T12:59:48+00:00	dgx-spark-04	True	1	cmtpeql4y1etk2auhbk9668ry
2026-09-09T12:59:48+00:00	dgx-spark-03	True	1	cmtpsaud71whj2auh0k27ynki
2026-09-09T12:59:48+00:00	dgx-spark-02	True	1	cmtsqj5lz5qd42auh8vvrfn03
2026-09-09T12:59:50+00:00	dgx-spark-04	True	1	cmtpeql4y1etk2auhbk9668ry
2026-09-09T12:59:50+00:00	dgx-spark-03	True	1	cmtpsaud71whj2auh0k27ynki
2026-09-09T12:59:50+00:00	dgx-spark-02	True	1	cmtsqj5lz5qd42auh8vvrfn03
2026-09-09T12:59:52+00:00	dgx-spark-04	True	1	cmtpeql4y1etk2auhbk9668ry
2026-09-09T12:59:52+00:00	dgx-spark-03	True	1	cmtpsaud71whj2auh0k27ynki
2026-09-09T12:59:52+00:00	dgx-spark-02	True	1	cmtsqj5lz5qd42auh8vvrfn03
2026-09-09T12:59:55+00:00	dgx-spark-04	True	1	cmtpeql4y1etk2auhbk9668ry
2026-09-09T12:59:55+00:00	dgx-spark-03	True	1	cmtpsaud71whj2auh0k27ynki
2026-09-09T12:59:55+00:00	dgx-spark-02	True	1	cmtsqj5lz5qd42auh8vvrfn03
2026-09-09T12:59:57+00:00	dgx-spark-04	True	1	cmtpeql4y1etk2auhbk9668ry
2026-09-09T12:59:57+00:00	dgx-spark-03	True	1	cmtpsaud71whj2auh0k27ynki
2026-09-09T12:59:57+00:00	dgx-spark-02	True	1	cmtsqj5lz5qd42auh8vvrfn03
2026-09-09T12:59:59+00:00	dgx-spark-04	True	1	cmtpeql4y1etk2auhbk9668ry
2026-09-09T12:59:59+00:00	dgx-spark-03	True	1	cmtpsaud71whj2auh0k27ynki
2026-09-09T12:59:59+00:00	dgx-spark-02	True	1	cmtsqj5lz5qd42auh8vvrfn03
2026-09-09T13:00:01+00:00	dgx-spark-04	True	1	cmtpeql4y1etk2auhbk9668ry
2026-09-09T13:00:01+00:00	dgx-spark-03	True	1	cmtpsaud71whj2auh0k27ynki
2026-09-09T13:00:01+00:00	dgx-spark-02	True	1	cmtsqj5lz5qd42auh8vvrfn03
2026-09-09T13:00:03+00:00	dgx-spark-04	True	1	cmtpeql4y1etk2auhbk9668ry
2026-09-09T13:00:03+00:00	dgx-spark-03	True	1	cmtpsaud71whj2auh0k27ynki
2026-09-09T13:00:03+00:00	dgx-spark-02	True	1	cmtsqj5lz5qd42auh8vvrfn03
2026-09-09T13:00:05+00:00	dgx-spark-04	True	1	cmtpeql4y1etk2auhbk9668ry
2026-09-09T13:00:05+00:00	dgx-spark-03	True	1	cmtpsaud71whj2auh0k27ynki
2026-09-09T13:00:05+00:00	dgx-spark-02	True	1	cmtsqj5lz5qd42auh8vvrfn03
2026-09-09T13:00:07+00:00	dgx-spark-04	True	1	cmtpeql4y1etk2auhbk9668ry
2026-09-09T13:00:07+00:00	dgx-spark-03	True	1	cmtpsaud71whj2auh0k27ynki
2026-09-09T13:00:07+00:00	dgx-spark-02	True	1	cmtsqj5lz5qd42auh8vvrfn03
2026-09-09T13:00:09+00:00	dgx-spark-04	True	1	cmtpeql4y1etk2auhbk9668ry
2026-09-09T13:00:09+00:00	dgx-spark-03	True	1	cmtpsaud71whj2auh0k27ynki
2026-09-09T13:00:09+00:00	dgx-spark-02	True	1	cmtsqj5lz5qd42auh8vvrfn03
2026-09-09T13:00:11+00:00	dgx-spark-04	True	1	cmtpeql4y1etk2auhbk9668ry
2026-09-09T13:00:11+00:00	dgx-spark-03	True	1	cmtpsaud71whj2auh0k27ynki
2026-09-09T13:00:11+00:00	dgx-spark-02	True	1	cmtsqj5lz5qd42auh8vvrfn03
2026-09-09T13:00:13+00:00	dgx-spark-04	True	1	cmtpeql4y1etk2auhbk9668ry
2026-09-09T13:00:13+00:00	dgx-spark-03	True	1	cmtpsaud71whj2auh0k27ynki
2026-09-09T13:00:13+00:00	dgx-spark-02	True	1	cmtsqj5lz5qd42auh8vvrfn03
2026-09-09T13:00:15+00:00	dgx-spark-04	True	1	cmtpeql4y1etk2auhbk9668ry
2026-09-09T13:00:15+00:00	dgx-spark-03	True	1	cmtpsaud71whj2auh0k27ynki
2026-09-09T13:00:15+00:00	dgx-spark-02	True	1	cmtsqj5lz5qd42auh8vvrfn03
2026-09-09T13:00:17+00:00	dgx-spark-04	True	1	cmtpeql4y1etk2auhbk9668ry
2026-09-09T13:00:17+00:00	dgx-spark-03	True	1	cmtpsaud71whj2auh0k27ynki
2026-09-09T13:00:17+00:00	dgx-spark-02	True	1	cmtsqj5lz5qd42auh8vvrfn03
2026-09-09T13:00:19+00:00	dgx-spark-04	True	1	cmtpeql4y1etk2auhbk9668ry
2026-09-09T13:00:19+00:00	dgx-spark-03	True	1	cmtpsaud71whj2auh0k27ynki
2026-09-09T13:00:19+00:00	dgx-spark-02	True	1	cmtsqj5lz5qd42auh8vvrfn03
2026-09-09T13:00:21+00:00	dgx-spark-04	True	1	cmtpeql4y1etk2auhbk9668ry
2026-09-09T13:00:21+00:00	dgx-spark-03	True	1	cmtpsaud71whj2auh0k27ynki
2026-09-09T13:00:21+00:00	dgx-spark-02	True	1	cmtsqj5lz5qd42auh8vvrfn03
2026-09-09T13:00:23+00:00	dgx-spark-04	True	1	cmtpeql4y1etk2auhbk9668ry
2026-09-09T13:00:23+00:00	dgx-spark-03	True	1	cmtpsaud71whj2auh0k27ynki
2026-09-09T13:00:23+00:00	dgx-spark-02	True	1	cmtsqj5lz5qd42auh8vvrfn03
2026-09-09T13:00:25+00:00	dgx-spark-04	True	1	cmtpeql4y1etk2auhbk9668ry
2026-09-09T13:00:25+00:00	dgx-spark-03	True	1	cmtpsaud71whj2auh0k27ynki
2026-09-09T13:00:25+00:00	dgx-spark-02	True	1	cmtsqj5lz5qd42auh8vvrfn03
2026-09-09T13:00:27+00:00	dgx-spark-04	True	1	cmtpeql4y1etk2auhbk9668ry
2026-09-09T13:00:27+00:00	dgx-spark-03	True	1	cmtpsaud71whj2auh0k27ynki
2026-09-09T13:00:27+00:00	dgx-spark-02	True	1	cmtsqj5lz5qd42auh8vvrfn03
2026-09-09T13:00:29+00:00	dgx-spark-04	True	1	cmtpeql4y1etk2auhbk9668ry
2026-09-09T13:00:29+00:00	dgx-spark-03	True	1	cmtpsaud71whj2auh0k27ynki
2026-09-09T13:00:29+00:00	dgx-spark-02	True	1	cmtsqj5lz5qd42auh8vvrfn03
2026-09-09T13:00:31+00:00	dgx-spark-04	True	1	cmtpeql4y1etk2auhbk9668ry
2026-09-09T13:00:31+00:00	dgx-spark-03	True	1	cmtpsaud71whj2auh0k27ynki
2026-09-09T13:00:31+00:00	dgx-spark-02	True	1	cmtsqj5lz5qd42auh8vvrfn03
2026-09-09T13:00:33+00:00	dgx-spark-04	True	1	cmtpeql4y1etk2auhbk9668ry
2026-09-09T13:00:33+00:00	dgx-spark-03	True	1	cmtpsaud71whj2auh0k27ynki
2026-09-09T13:00:33+00:00	dgx-spark-02	True	1	cmtsqj5lz5qd42auh8vvrfn03
2026-09-09T13:00:35+00:00	dgx-spark-04	True	0	cmtpeql4y1etk2auhbk9668ry
2026-09-09T13:00:35+00:00	dgx-spark-03	True	1	cmtpsaud71whj2auh0k27ynki
2026-09-09T13:00:35+00:00	dgx-spark-02	True	1	cmtsqj5lz5qd42auh8vvrfn03
2026-09-09T13:00:37+00:00	dgx-spark-04	True	1	cmtpeql4y1etk2auhbk9668ry
2026-09-09T13:00:37+00:00	dgx-spark-03	True	1	cmtpsaud71whj2auh0k27ynki
2026-09-09T13:00:37+00:00	dgx-spark-02	True	1	cmtsqj5lz5qd42auh8vvrfn03
2026-09-09T13:00:39+00:00	dgx-spark-04	True	1	cmtpeql4y1etk2auhbk9668ry
2026-09-09T13:00:39+00:00	dgx-spark-03	True	1	cmtpsaud71whj2auh0k27ynki
2026-09-09T13:00:39+00:00	dgx-spark-02	True	1	cmtsqj5lz5qd42auh8vvrfn03
2026-09-09T13:00:41+00:00	dgx-spark-04	True	1	cmtpeql4y1etk2auhbk9668ry
2026-09-09T13:00:41+00:00	dgx-spark-03	True	1	cmtpsaud71whj2auh0k27ynki
2026-09-09T13:00:41+00:00	dgx-spark-02	True	1	cmtsqj5lz5qd42auh8vvrfn03
2026-09-09T13:00:43+00:00	dgx-spark-04	True	1	cmtpeql4y1etk2auhbk9668ry
2026-09-09T13:00:43+00:00	dgx-spark-03	True	1	cmtpsaud71whj2auh0k27ynki
2026-09-09T13:00:43+00:00	dgx-spark-02	True	1	cmtsqj5lz5qd42auh8vvrfn03
2026-09-09T13:00:45+00:00	dgx-spark-04	True	1	cmtpeql4y1etk2auhbk9668ry
2026-09-09T13:00:45+00:00	dgx-spark-03	True	1	cmtpsaud71whj2auh0k27ynki
2026-09-09T13:00:45+00:00	dgx-spark-02	True	1	cmtsqj5lz5qd42auh8vvrfn03
2026-09-09T13:00:47+00:00	dgx-spark-04	True	1	cmtpeql4y1etk2auhbk9668ry
2026-09-09T13:00:47+00:00	dgx-spark-03	True	1	cmtpsaud71whj2auh0k27ynki
2026-09-09T13:00:47+00:00	dgx-spark-02	True	1	cmtsqj5lz5qd42auh8vvrfn03
2026-09-09T13:00:49+00:00	dgx-spark-04	True	1	cmtpeql4y1etk2auhbk9668ry
2026-09-09T13:00:49+00:00	dgx-spark-03	True	1	cmtpsaud71whj2auh0k27ynki
2026-09-09T13:00:49+00:00	dgx-spark-02	True	1	cmtsqj5lz5qd42auh8vvrfn03
2026-09-09T13:00:51+00:00	dgx-spark-04	True	1	cmtpeql4y1etk2auhbk9668ry
2026-09-09T13:00:51+00:00	dgx-spark-03	True	1	cmtpsaud71whj2auh0k27ynki
2026-09-09T13:00:51+00:00	dgx-spark-02	True	1	cmtsqj5lz5qd42auh8vvrfn03
2026-09-09T13:00:53+00:00	dgx-spark-04	True	1	cmtpeql4y1etk2auhbk9668ry
2026-09-09T13:00:53+00:00	dgx-spark-03	True	1	cmtpsaud71whj2auh0k27ynki
2026-09-09T13:00:53+00:00	dgx-spark-02	True	1	cmtsqj5lz5qd42auh8vvrfn03
2026-09-09T13:00:55+00:00	dgx-spark-04	True	1	cmtpeql4y1etk2auhbk9668ry
2026-09-09T13:00:55+00:00	dgx-spark-03	True	1	cmtpsaud71whj2auh0k27ynki
2026-09-09T13:00:55+00:00	dgx-spark-02	True	1	cmtsqj5lz5qd42auh8vvrfn03
2026-09-09T13:00:57+00:00	dgx-spark-04	True	1	cmtpeql4y1etk2auhbk9668ry
2026-09-09T13:00:57+00:00	dgx-spark-03	True	1	cmtpsaud71whj2auh0k27ynki
2026-09-09T13:00:57+00:00	dgx-spark-02	True	1	cmtsqj5lz5qd42auh8vvrfn03
2026-09-09T13:00:59+00:00	dgx-spark-04	True	1	cmtpeql4y1etk2auhbk9668ry
2026-09-09T13:00:59+00:00	dgx-spark-03	True	1	cmtpsaud71whj2auh0k27ynki
2026-09-09T13:00:59+00:00	dgx-spark-02	True	1	cmtsqj5lz5qd42auh8vvrfn03
2026-09-09T13:01:01+00:00	dgx-spark-04	True	1	cmtpeql4y1etk2auhbk9668ry
2026-09-09T13:01:01+00:00	dgx-spark-03	True	1	cmtpsaud71whj2auh0k27ynki
2026-09-09T13:01:01+00:00	dgx-spark-02	True	1	cmtsqj5lz5qd42auh8vvrfn03
2026-09-09T13:01:03+00:00	dgx-spark-04	True	1	cmtpeql4y1etk2auhbk9668ry
2026-09-09T13:01:03+00:00	dgx-spark-03	True	1	cmtpsaud71whj2auh0k27ynki
2026-09-09T13:01:03+00:00	dgx-spark-02	True	1	cmtsqj5lz5qd42auh8vvrfn03
2026-09-09T13:01:05+00:00	dgx-spark-04	True	1	cmtpeql4y1etk2auhbk9668ry
2026-09-09T13:01:05+00:00	dgx-spark-03	True	1	cmtpsaud71whj2auh0k27ynki
2026-09-09T13:01:05+00:00	dgx-spark-02	True	1	cmtsqj5lz5qd42auh8vvrfn03
2026-09-09T13:01:07+00:00	dgx-spark-04	True	1	cmtpeql4y1etk2auhbk9668ry
2026-09-09T13:01:07+00:00	dgx-spark-03	True	1	cmtpsaud71whj2auh0k27ynki
2026-09-09T13:01:07+00:00	dgx-spark-02	True	1	cmtsqj5lz5qd42auh8vvrfn03
2026-09-09T13:01:09+00:00	dgx-spark-04	True	1	cmtpeql4y1etk2auhbk9668ry
2026-09-09T13:01:09+00:00	dgx-spark-03	True	1	cmtpsaud71whj2auh0k27ynki
2026-09-09T13:01:09+00:00	dgx-spark-02	True	1	cmtsqj5lz5qd42auh8vvrfn03
2026-09-09T13:01:11+00:00	dgx-spark-04	True	1	cmtpeql4y1etk2auhbk9668ry
2026-09-09T13:01:11+00:00	dgx-spark-03	True	1	cmtpsaud71whj2auh0k27ynki
2026-09-09T13:01:11+00:00	dgx-spark-02	True	1	cmtsqj5lz5qd42auh8vvrfn03
2026-09-09T13:01:13+00:00	dgx-spark-04	True	1	cmtpeql4y1etk2auhbk9668ry
2026-09-09T13:01:13+00:00	dgx-spark-03	True	1	cmtpsaud71whj2auh0k27ynki
2026-09-09T13:01:13+00:00	dgx-spark-02	True	1	cmtsqj5lz5qd42auh8vvrfn03
2026-09-09T13:01:15+00:00	dgx-spark-04	True	1	cmtpeql4y1etk2auhbk9668ry
2026-09-09T13:01:15+00:00	dgx-spark-03	True	1	cmtpsaud71whj2auh0k27ynki
2026-09-09T13:01:15+00:00	dgx-spark-02	True	1	cmtsqj5lz5qd42auh8vvrfn03
2026-09-09T13:01:17+00:00	dgx-spark-04	True	1	cmtpeql4y1etk2auhbk9668ry
2026-09-09T13:01:17+00:00	dgx-spark-03	True	1	cmtpsaud71whj2auh0k27ynki
2026-09-09T13:01:17+00:00	dgx-spark-02	True	1	cmtsqj5lz5qd42auh8vvrfn03
2026-09-09T13:01:19+00:00	dgx-spark-04	True	1	cmtpeql4y1etk2auhbk9668ry
2026-09-09T13:01:19+00:00	dgx-spark-03	True	1	cmtpsaud71whj2auh0k27ynki
2026-09-09T13:01:19+00:00	dgx-spark-02	True	1	cmtsqj5lz5qd42auh8vvrfn03
2026-09-09T13:01:21+00:00	dgx-spark-04	True	1	cmtpeql4y1etk2auhbk9668ry
2026-09-09T13:01:21+00:00	dgx-spark-03	True	1	cmtpsaud71whj2auh0k27ynki
2026-09-09T13:01:21+00:00	dgx-spark-02	True	1	cmtsqj5lz5qd42auh8vvrfn03
2026-09-09T13:01:23+00:00	dgx-spark-04	True	1	cmtpeql4y1etk2auhbk9668ry
2026-09-09T13:01:23+00:00	dgx-spark-03	True	1	cmtpsaud71whj2auh0k27ynki
2026-09-09T13:01:23+00:00	dgx-spark-02	True	1	cmtsqj5lz5qd42auh8vvrfn03
2026-09-09T13:01:25+00:00	dgx-spark-04	True	1	cmtpeql4y1etk2auhbk9668ry
2026-09-09T13:01:25+00:00	dgx-spark-03	True	1	cmtpsaud71whj2auh0k27ynki
2026-09-09T13:01:25+00:00	dgx-spark-02	True	1	cmtsqj5lz5qd42auh8vvrfn03
2026-09-09T13:01:27+00:00	dgx-spark-04	True	1	cmtpeql4y1etk2auhbk9668ry
2026-09-09T13:01:27+00:00	dgx-spark-03	True	1	cmtpsaud71whj2auh0k27ynki
2026-09-09T13:01:27+00:00	dgx-spark-02	True	1	cmtsqj5lz5qd42auh8vvrfn03
2026-09-09T13:01:29+00:00	dgx-spark-04	True	1	cmtpeql4y1etk2auhbk9668ry
2026-09-09T13:01:29+00:00	dgx-spark-03	True	1	cmtpsaud71whj2auh0k27ynki
2026-09-09T13:01:29+00:00	dgx-spark-02	True	1	cmtsqj5lz5qd42auh8vvrfn03
2026-09-09T13:01:31+00:00	dgx-spark-04	True	1	cmtpeql4y1etk2auhbk9668ry
2026-09-09T13:01:31+00:00	dgx-spark-03	True	1	cmtpsaud71whj2auh0k27ynki
2026-09-09T13:01:31+00:00	dgx-spark-02	True	1	cmtsqj5lz5qd42auh8vvrfn03
2026-09-09T13:01:33+00:00	dgx-spark-04	True	1	cmtpeql4y1etk2auhbk9668ry
2026-09-09T13:01:33+00:00	dgx-spark-03	True	1	cmtpsaud71whj2auh0k27ynki
2026-09-09T13:01:33+00:00	dgx-spark-02	True	1	cmtsqj5lz5qd42auh8vvrfn03
2026-09-09T13:01:36+00:00	dgx-spark-04	True	1	cmtpeql4y1etk2auhbk9668ry
2026-09-09T13:01:36+00:00	dgx-spark-03	True	1	cmtpsaud71whj2auh0k27ynki
2026-09-09T13:01:36+00:00	dgx-spark-02	True	1	cmtsqj5lz5qd42auh8vvrfn03
2026-09-09T13:01:38+00:00	dgx-spark-04	True	1	cmtpeql4y1etk2auhbk9668ry
2026-09-09T13:01:38+00:00	dgx-spark-03	True	1	cmtpsaud71whj2auh0k27ynki
2026-09-09T13:01:38+00:00	dgx-spark-02	True	1	cmtsqj5lz5qd42auh8vvrfn03
2026-09-09T13:01:40+00:00	dgx-spark-04	True	1	cmtpeql4y1etk2auhbk9668ry
2026-09-09T13:01:40+00:00	dgx-spark-03	True	1	cmtpsaud71whj2auh0k27ynki
2026-09-09T13:01:40+00:00	dgx-spark-02	True	1	cmtsqj5lz5qd42auh8vvrfn03
2026-09-09T13:01:42+00:00	dgx-spark-04	True	1	cmtpeql4y1etk2auhbk9668ry
2026-09-09T13:01:42+00:00	dgx-spark-03	True	1	cmtpsaud71whj2auh0k27ynki
2026-09-09T13:01:42+00:00	dgx-spark-02	True	1	cmtsqj5lz5qd42auh8vvrfn03
2026-09-09T13:01:44+00:00	dgx-spark-04	True	1	cmtpeql4y1etk2auhbk9668ry
2026-09-09T13:01:44+00:00	dgx-spark-03	True	1	cmtpsaud71whj2auh0k27ynki
2026-09-09T13:01:44+00:00	dgx-spark-02	True	1	cmtsqj5lz5qd42auh8vvrfn03
2026-09-09T13:01:46+00:00	dgx-spark-04	True	1	cmtpeql4y1etk2auhbk9668ry
2026-09-09T13:01:46+00:00	dgx-spark-03	True	1	cmtpsaud71whj2auh0k27ynki
2026-09-09T13:01:46+00:00	dgx-spark-02	True	1	cmtsqj5lz5qd42auh8vvrfn03
2026-09-09T13:01:48+00:00	dgx-spark-04	True	1	cmtpeql4y1etk2auhbk9668ry
2026-09-09T13:01:48+00:00	dgx-spark-03	True	1	cmtpsaud71whj2auh0k27ynki
2026-09-09T13:01:48+00:00	dgx-spark-02	True	1	cmtsqj5lz5qd42auh8vvrfn03
2026-09-09T13:01:50+00:00	dgx-spark-04	True	1	cmtpeql4y1etk2auhbk9668ry
2026-09-09T13:01:50+00:00	dgx-spark-03	True	1	cmtpsaud71whj2auh0k27ynki
2026-09-09T13:01:50+00:00	dgx-spark-02	True	1	cmtsqj5lz5qd42auh8vvrfn03
2026-09-09T13:01:52+00:00	dgx-spark-04	True	1	cmtpeql4y1etk2auhbk9668ry
2026-09-09T13:01:52+00:00	dgx-spark-03	True	1	cmtpsaud71whj2auh0k27ynki
2026-09-09T13:01:52+00:00	dgx-spark-02	True	1	cmtsqj5lz5qd42auh8vvrfn03
2026-09-09T13:01:54+00:00	dgx-spark-04	True	1	cmtpeql4y1etk2auhbk9668ry
2026-09-09T13:01:54+00:00	dgx-spark-03	True	1	cmtpsaud71whj2auh0k27ynki
2026-09-09T13:01:54+00:00	dgx-spark-02	True	1	cmtsqj5lz5qd42auh8vvrfn03
2026-09-09T13:01:56+00:00	dgx-spark-04	True	1	cmtpeql4y1etk2auhbk9668ry
2026-09-09T13:01:56+00:00	dgx-spark-03	True	1	cmtpsaud71whj2auh0k27ynki
2026-09-09T13:01:56+00:00	dgx-spark-02	True	1	cmtsqj5lz5qd42auh8vvrfn03
2026-09-09T13:01:58+00:00	dgx-spark-04	True	1	cmtpeql4y1etk2auhbk9668ry
2026-09-09T13:01:58+00:00	dgx-spark-03	True	1	cmtpsaud71whj2auh0k27ynki
2026-09-09T13:01:58+00:00	dgx-spark-02	True	1	cmtsqj5lz5qd42auh8vvrfn03
2026-09-09T13:02:00+00:00	dgx-spark-04	True	1	cmtpeql4y1etk2auhbk9668ry
2026-09-09T13:02:00+00:00	dgx-spark-03	True	1	cmtpsaud71whj2auh0k27ynki
2026-09-09T13:02:00+00:00	dgx-spark-02	True	1	cmtsqj5lz5qd42auh8vvrfn03
2026-09-09T13:02:02+00:00	dgx-spark-04	True	1	cmtpeql4y1etk2auhbk9668ry
2026-09-09T13:02:02+00:00	dgx-spark-03	True	1	cmtpsaud71whj2auh0k27ynki
2026-09-09T13:02:02+00:00	dgx-spark-02	True	1	cmtsqj5lz5qd42auh8vvrfn03
2026-09-09T13:02:04+00:00	dgx-spark-04	True	1	cmtpeql4y1etk2auhbk9668ry
2026-09-09T13:02:04+00:00	dgx-spark-03	True	1	cmtpsaud71whj2auh0k27ynki
2026-09-09T13:02:04+00:00	dgx-spark-02	True	1	cmtsqj5lz5qd42auh8vvrfn03
2026-09-09T13:02:06+00:00	dgx-spark-04	True	1	cmtpeql4y1etk2auhbk9668ry
2026-09-09T13:02:06+00:00	dgx-spark-03	True	1	cmtpsaud71whj2auh0k27ynki
2026-09-09T13:02:06+00:00	dgx-spark-02	True	1	cmtsqj5lz5qd42auh8vvrfn03
2026-09-09T13:02:08+00:00	dgx-spark-04	True	1	cmtpeql4y1etk2auhbk9668ry
2026-09-09T13:02:08+00:00	dgx-spark-03	True	1	cmtpsaud71whj2auh0k27ynki
2026-09-09T13:02:08+00:00	dgx-spark-02	True	1	cmtsqj5lz5qd42auh8vvrfn03
2026-09-09T13:02:10+00:00	dgx-spark-04	True	1	cmtpeql4y1etk2auhbk9668ry
2026-09-09T13:02:10+00:00	dgx-spark-03	True	1	cmtpsaud71whj2auh0k27ynki
2026-09-09T13:02:10+00:00	dgx-spark-02	True	1	cmtsqj5lz5qd42auh8vvrfn03
2026-09-09T13:02:12+00:00	dgx-spark-04	True	1	cmtpeql4y1etk2auhbk9668ry
2026-09-09T13:02:12+00:00	dgx-spark-03	True	1	cmtpsaud71whj2auh0k27ynki
2026-09-09T13:02:12+00:00	dgx-spark-02	True	1	cmtsqj5lz5qd42auh8vvrfn03
2026-09-09T13:02:14+00:00	dgx-spark-04	True	1	cmtpeql4y1etk2auhbk9668ry
2026-09-09T13:02:14+00:00	dgx-spark-03	True	1	cmtpsaud71whj2auh0k27ynki
2026-09-09T13:02:14+00:00	dgx-spark-02	True	1	cmtsqj5lz5qd42auh8vvrfn03
2026-09-09T13:02:16+00:00	dgx-spark-04	True	1	cmtpeql4y1etk2auhbk9668ry
2026-09-09T13:02:16+00:00	dgx-spark-03	True	1	cmtpsaud71whj2auh0k27ynki
2026-09-09T13:02:16+00:00	dgx-spark-02	True	1	cmtsqj5lz5qd42auh8vvrfn03
2026-09-09T13:02:18+00:00	dgx-spark-04	True	1	cmtpeql4y1etk2auhbk9668ry
2026-09-09T13:02:18+00:00	dgx-spark-03	True	1	cmtpsaud71whj2auh0k27ynki
2026-09-09T13:02:18+00:00	dgx-spark-02	True	1	cmtsqj5lz5qd42auh8vvrfn03
2026-09-09T13:02:20+00:00	dgx-spark-04	True	1	cmtpeql4y1etk2auhbk9668ry
2026-09-09T13:02:20+00:00	dgx-spark-03	True	1	cmtpsaud71whj2auh0k27ynki
2026-09-09T13:02:20+00:00	dgx-spark-02	True	1	cmtsqj5lz5qd42auh8vvrfn03
2026-09-09T13:02:22+00:00	dgx-spark-04	True	1	cmtpeql4y1etk2auhbk9668ry
2026-09-09T13:02:22+00:00	dgx-spark-03	True	1	cmtpsaud71whj2auh0k27ynki
2026-09-09T13:02:22+00:00	dgx-spark-02	True	1	cmtsqj5lz5qd42auh8vvrfn03
2026-09-09T13:02:24+00:00	dgx-spark-04	True	1	cmtpeql4y1etk2auhbk9668ry
2026-09-09T13:02:24+00:00	dgx-spark-03	True	1	cmtpsaud71whj2auh0k27ynki
2026-09-09T13:02:24+00:00	dgx-spark-02	True	1	cmtsqj5lz5qd42auh8vvrfn03
2026-09-09T13:02:26+00:00	dgx-spark-04	True	1	cmtpeql4y1etk2auhbk9668ry
2026-09-09T13:02:26+00:00	dgx-spark-03	True	1	cmtpsaud71whj2auh0k27ynki
2026-09-09T13:02:26+00:00	dgx-spark-02	True	1	cmtsqj5lz5qd42auh8vvrfn03
2026-09-09T13:02:28+00:00	dgx-spark-04	True	1	cmtpeql4y1etk2auhbk9668ry
2026-09-09T13:02:28+00:00	dgx-spark-03	True	1	cmtpsaud71whj2auh0k27ynki
2026-09-09T13:02:28+00:00	dgx-spark-02	True	1	cmtsqj5lz5qd42auh8vvrfn03
2026-09-09T13:02:30+00:00	dgx-spark-04	True	1	cmtpeql4y1etk2auhbk9668ry
2026-09-09T13:02:30+00:00	dgx-spark-03	True	1	cmtpsaud71whj2auh0k27ynki
2026-09-09T13:02:30+00:00	dgx-spark-02	True	1	cmtsqj5lz5qd42auh8vvrfn03
2026-09-09T13:02:32+00:00	dgx-spark-04	True	1	cmtpeql4y1etk2auhbk9668ry
2026-09-09T13:02:32+00:00	dgx-spark-03	True	1	cmtpsaud71whj2auh0k27ynki
2026-09-09T13:02:32+00:00	dgx-spark-02	True	1	cmtsqj5lz5qd42auh8vvrfn03
2026-09-09T13:02:34+00:00	dgx-spark-04	True	1	cmtpeql4y1etk2auhbk9668ry
2026-09-09T13:02:34+00:00	dgx-spark-03	True	1	cmtpsaud71whj2auh0k27ynki
2026-09-09T13:02:34+00:00	dgx-spark-02	True	1	cmtsqj5lz5qd42auh8vvrfn03
2026-09-09T13:02:36+00:00	dgx-spark-04	True	1	cmtpeql4y1etk2auhbk9668ry
2026-09-09T13:02:36+00:00	dgx-spark-03	True	1	cmtpsaud71whj2auh0k27ynki
2026-09-09T13:02:36+00:00	dgx-spark-02	True	1	cmtsqj5lz5qd42auh8vvrfn03
2026-09-09T13:02:38+00:00	dgx-spark-04	True	1	cmtpeql4y1etk2auhbk9668ry
2026-09-09T13:02:38+00:00	dgx-spark-03	True	1	cmtpsaud71whj2auh0k27ynki
2026-09-09T13:02:38+00:00	dgx-spark-02	True	1	cmtsqj5lz5qd42auh8vvrfn03
2026-09-09T13:02:40+00:00	dgx-spark-04	True	1	cmtpeql4y1etk2auhbk9668ry
2026-09-09T13:02:40+00:00	dgx-spark-03	True	1	cmtpsaud71whj2auh0k27ynki
2026-09-09T13:02:40+00:00	dgx-spark-02	True	1	cmtsqj5lz5qd42auh8vvrfn03
2026-09-09T13:02:42+00:00	dgx-spark-04	True	1	cmtpeql4y1etk2auhbk9668ry
2026-09-09T13:02:42+00:00	dgx-spark-03	True	1	cmtpsaud71whj2auh0k27ynki
2026-09-09T13:02:42+00:00	dgx-spark-02	True	1	cmtsqj5lz5qd42auh8vvrfn03
2026-09-09T13:02:44+00:00	dgx-spark-04	True	1	cmtpeql4y1etk2auhbk9668ry
2026-09-09T13:02:44+00:00	dgx-spark-03	True	1	cmtpsaud71whj2auh0k27ynki
2026-09-09T13:02:44+00:00	dgx-spark-02	True	1	cmtsqj5lz5qd42auh8vvrfn03
2026-09-09T13:02:46+00:00	dgx-spark-04	True	1	cmtpeql4y1etk2auhbk9668ry
2026-09-09T13:02:46+00:00	dgx-spark-03	True	1	cmtpsaud71whj2auh0k27ynki
2026-09-09T13:02:46+00:00	dgx-spark-02	True	1	cmtsqj5lz5qd42auh8vvrfn03
2026-09-09T13:02:48+00:00	dgx-spark-04	True	1	cmtpeql4y1etk2auhbk9668ry
2026-09-09T13:02:48+00:00	dgx-spark-03	True	1	cmtpsaud71whj2auh0k27ynki
2026-09-09T13:02:48+00:00	dgx-spark-02	True	1	cmtsqj5lz5qd42auh8vvrfn03
2026-09-09T13:02:50+00:00	dgx-spark-04	True	1	cmtpeql4y1etk2auhbk9668ry
2026-09-09T13:02:50+00:00	dgx-spark-03	True	1	cmtpsaud71whj2auh0k27ynki
2026-09-09T13:02:50+00:00	dgx-spark-02	True	1	cmtsqj5lz5qd42auh8vvrfn03
2026-09-09T13:02:52+00:00	dgx-spark-04	True	1	cmtpeql4y1etk2auhbk9668ry
2026-09-09T13:02:52+00:00	dgx-spark-03	True	1	cmtpsaud71whj2auh0k27ynki
2026-09-09T13:02:52+00:00	dgx-spark-02	True	1	cmtsqj5lz5qd42auh8vvrfn03
2026-09-09T13:02:54+00:00	dgx-spark-04	True	1	cmtpeql4y1etk2auhbk9668ry
2026-09-09T13:02:54+00:00	dgx-spark-03	True	1	cmtpsaud71whj2auh0k27ynki
2026-09-09T13:02:54+00:00	dgx-spark-02	True	1	cmtsqj5lz5qd42auh8vvrfn03
2026-09-09T13:02:56+00:00	dgx-spark-04	True	1	cmtpeql4y1etk2auhbk9668ry
2026-09-09T13:02:56+00:00	dgx-spark-03	True	1	cmtpsaud71whj2auh0k27ynki
2026-09-09T13:02:56+00:00	dgx-spark-02	True	1	cmtsqj5lz5qd42auh8vvrfn03
2026-09-09T13:02:58+00:00	dgx-spark-04	True	1	cmtpeql4y1etk2auhbk9668ry
2026-09-09T13:02:58+00:00	dgx-spark-03	True	1	cmtpsaud71whj2auh0k27ynki
2026-09-09T13:02:58+00:00	dgx-spark-02	True	1	cmtsqj5lz5qd42auh8vvrfn03
2026-09-09T13:03:00+00:00	dgx-spark-04	True	1	cmtpeql4y1etk2auhbk9668ry
2026-09-09T13:03:00+00:00	dgx-spark-03	True	1	cmtpsaud71whj2auh0k27ynki
2026-09-09T13:03:00+00:00	dgx-spark-02	True	1	cmtsqj5lz5qd42auh8vvrfn03
2026-09-09T13:03:02+00:00	dgx-spark-04	True	1	cmtpeql4y1etk2auhbk9668ry
2026-09-09T13:03:02+00:00	dgx-spark-03	True	1	cmtpsaud71whj2auh0k27ynki
2026-09-09T13:03:02+00:00	dgx-spark-02	True	1	cmtsqj5lz5qd42auh8vvrfn03
2026-09-09T13:03:04+00:00	dgx-spark-04	True	1	cmtpeql4y1etk2auhbk9668ry
2026-09-09T13:03:04+00:00	dgx-spark-03	True	1	cmtpsaud71whj2auh0k27ynki
2026-09-09T13:03:04+00:00	dgx-spark-02	True	1	cmtsqj5lz5qd42auh8vvrfn03
2026-09-09T13:03:06+00:00	dgx-spark-04	True	1	cmtpeql4y1etk2auhbk9668ry
2026-09-09T13:03:06+00:00	dgx-spark-03	True	1	cmtpsaud71whj2auh0k27ynki
2026-09-09T13:03:06+00:00	dgx-spark-02	True	1	cmtsqj5lz5qd42auh8vvrfn03
2026-09-09T13:03:09+00:00	dgx-spark-04	True	1	cmtpeql4y1etk2auhbk9668ry
2026-09-09T13:03:09+00:00	dgx-spark-03	True	1	cmtpsaud71whj2auh0k27ynki
2026-09-09T13:03:09+00:00	dgx-spark-02	True	1	cmtsqj5lz5qd42auh8vvrfn03
2026-09-09T13:03:11+00:00	dgx-spark-04	True	1	cmtpeql4y1etk2auhbk9668ry
2026-09-09T13:03:11+00:00	dgx-spark-03	True	1	cmtpsaud71whj2auh0k27ynki
2026-09-09T13:03:11+00:00	dgx-spark-02	True	1	cmtsqj5lz5qd42auh8vvrfn03
2026-09-09T13:03:13+00:00	dgx-spark-04	True	1	cmtpeql4y1etk2auhbk9668ry
2026-09-09T13:03:13+00:00	dgx-spark-03	True	1	cmtpsaud71whj2auh0k27ynki
2026-09-09T13:03:13+00:00	dgx-spark-02	True	1	cmtsqj5lz5qd42auh8vvrfn03
2026-09-09T13:03:15+00:00	dgx-spark-04	True	1	cmtpeql4y1etk2auhbk9668ry
2026-09-09T13:03:15+00:00	dgx-spark-03	True	1	cmtpsaud71whj2auh0k27ynki
2026-09-09T13:03:15+00:00	dgx-spark-02	True	1	cmtsqj5lz5qd42auh8vvrfn03
2026-09-09T13:03:17+00:00	dgx-spark-04	True	1	cmtpeql4y1etk2auhbk9668ry
2026-09-09T13:03:17+00:00	dgx-spark-03	True	1	cmtpsaud71whj2auh0k27ynki
2026-09-09T13:03:17+00:00	dgx-spark-02	True	1	cmtsqj5lz5qd42auh8vvrfn03
2026-09-09T13:03:19+00:00	dgx-spark-04	True	1	cmtpeql4y1etk2auhbk9668ry
2026-09-09T13:03:19+00:00	dgx-spark-03	True	1	cmtpsaud71whj2auh0k27ynki
2026-09-09T13:03:19+00:00	dgx-spark-02	True	1	cmtsqj5lz5qd42auh8vvrfn03
2026-09-09T13:03:21+00:00	dgx-spark-04	True	1	cmtpeql4y1etk2auhbk9668ry
2026-09-09T13:03:21+00:00	dgx-spark-03	True	1	cmtpsaud71whj2auh0k27ynki
2026-09-09T13:03:21+00:00	dgx-spark-02	True	1	cmtsqj5lz5qd42auh8vvrfn03
2026-09-09T13:03:23+00:00	dgx-spark-04	True	1	cmtpeql4y1etk2auhbk9668ry
2026-09-09T13:03:23+00:00	dgx-spark-03	True	1	cmtpsaud71whj2auh0k27ynki
2026-09-09T13:03:23+00:00	dgx-spark-02	True	1	cmtsqj5lz5qd42auh8vvrfn03
2026-09-09T13:03:25+00:00	dgx-spark-04	True	1	cmtpeql4y1etk2auhbk9668ry
2026-09-09T13:03:25+00:00	dgx-spark-03	True	1	cmtpsaud71whj2auh0k27ynki
2026-09-09T13:03:25+00:00	dgx-spark-02	True	1	cmtsqj5lz5qd42auh8vvrfn03
2026-09-09T13:03:27+00:00	dgx-spark-04	True	1	cmtpeql4y1etk2auhbk9668ry
2026-09-09T13:03:27+00:00	dgx-spark-03	True	1	cmtpsaud71whj2auh0k27ynki
2026-09-09T13:03:27+00:00	dgx-spark-02	True	1	cmtsqj5lz5qd42auh8vvrfn03
2026-09-09T13:03:29+00:00	dgx-spark-04	True	1	cmtpeql4y1etk2auhbk9668ry
2026-09-09T13:03:29+00:00	dgx-spark-03	True	1	cmtpsaud71whj2auh0k27ynki
2026-09-09T13:03:29+00:00	dgx-spark-02	True	1	cmtsqj5lz5qd42auh8vvrfn03
2026-09-09T13:03:31+00:00	dgx-spark-04	True	1	cmtpeql4y1etk2auhbk9668ry
2026-09-09T13:03:31+00:00	dgx-spark-03	True	1	cmtpsaud71whj2auh0k27ynki
2026-09-09T13:03:31+00:00	dgx-spark-02	True	1	cmtsqj5lz5qd42auh8vvrfn03
2026-09-09T13:03:33+00:00	dgx-spark-04	True	1	cmtpeql4y1etk2auhbk9668ry
2026-09-09T13:03:33+00:00	dgx-spark-03	True	1	cmtpsaud71whj2auh0k27ynki
2026-09-09T13:03:33+00:00	dgx-spark-02	True	1	cmtsqj5lz5qd42auh8vvrfn03
2026-09-09T13:03:35+00:00	dgx-spark-04	True	1	cmtpeql4y1etk2auhbk9668ry
2026-09-09T13:03:35+00:00	dgx-spark-03	True	1	cmtpsaud71whj2auh0k27ynki
2026-09-09T13:03:35+00:00	dgx-spark-02	True	1	cmtsqj5lz5qd42auh8vvrfn03
2026-09-09T13:03:37+00:00	dgx-spark-04	True	1	cmtpeql4y1etk2auhbk9668ry
2026-09-09T13:03:37+00:00	dgx-spark-03	True	1	cmtpsaud71whj2auh0k27ynki
2026-09-09T13:03:37+00:00	dgx-spark-02	True	1	cmtsqj5lz5qd42auh8vvrfn03
2026-09-09T13:03:39+00:00	dgx-spark-04	True	1	cmtpeql4y1etk2auhbk9668ry
2026-09-09T13:03:39+00:00	dgx-spark-03	True	1	cmtpsaud71whj2auh0k27ynki
2026-09-09T13:03:39+00:00	dgx-spark-02	True	1	cmtsqj5lz5qd42auh8vvrfn03
2026-09-09T13:03:41+00:00	dgx-spark-04	True	1	cmtpeql4y1etk2auhbk9668ry
2026-09-09T13:03:41+00:00	dgx-spark-03	True	1	cmtpsaud71whj2auh0k27ynki
2026-09-09T13:03:41+00:00	dgx-spark-02	True	1	cmtsqj5lz5qd42auh8vvrfn03
2026-09-09T13:03:43+00:00	dgx-spark-04	True	1	cmtpeql4y1etk2auhbk9668ry
2026-09-09T13:03:43+00:00	dgx-spark-03	True	1	cmtpsaud71whj2auh0k27ynki
2026-09-09T13:03:43+00:00	dgx-spark-02	True	1	cmtsqj5lz5qd42auh8vvrfn03
2026-09-09T13:03:45+00:00	dgx-spark-04	True	1	cmtpeql4y1etk2auhbk9668ry
2026-09-09T13:03:45+00:00	dgx-spark-03	True	1	cmtpsaud71whj2auh0k27ynki
2026-09-09T13:03:45+00:00	dgx-spark-02	True	1	cmtsqj5lz5qd42auh8vvrfn03
2026-09-09T13:03:47+00:00	dgx-spark-04	True	1	cmtpeql4y1etk2auhbk9668ry
2026-09-09T13:03:47+00:00	dgx-spark-03	True	1	cmtpsaud71whj2auh0k27ynki
2026-09-09T13:03:47+00:00	dgx-spark-02	True	1	cmtsqj5lz5qd42auh8vvrfn03
2026-09-09T13:03:49+00:00	dgx-spark-04	True	1	cmtpeql4y1etk2auhbk9668ry
2026-09-09T13:03:49+00:00	dgx-spark-03	True	1	cmtpsaud71whj2auh0k27ynki
2026-09-09T13:03:49+00:00	dgx-spark-02	True	1	cmtsqj5lz5qd42auh8vvrfn03
2026-09-09T13:03:51+00:00	dgx-spark-04	True	1	cmtpeql4y1etk2auhbk9668ry
2026-09-09T13:03:51+00:00	dgx-spark-03	True	1	cmtpsaud71whj2auh0k27ynki
2026-09-09T13:03:51+00:00	dgx-spark-02	True	1	cmtsqj5lz5qd42auh8vvrfn03
2026-09-09T13:03:53+00:00	dgx-spark-04	True	1	cmtpeql4y1etk2auhbk9668ry
2026-09-09T13:03:53+00:00	dgx-spark-03	True	1	cmtpsaud71whj2auh0k27ynki
2026-09-09T13:03:53+00:00	dgx-spark-02	True	1	cmtsqj5lz5qd42auh8vvrfn03
2026-09-09T13:03:55+00:00	dgx-spark-04	True	1	cmtpeql4y1etk2auhbk9668ry
2026-09-09T13:03:55+00:00	dgx-spark-03	True	1	cmtpsaud71whj2auh0k27ynki
2026-09-09T13:03:55+00:00	dgx-spark-02	True	1	cmtsqj5lz5qd42auh8vvrfn03
2026-09-09T13:03:57+00:00	dgx-spark-04	True	1	cmtpeql4y1etk2auhbk9668ry
2026-09-09T13:03:57+00:00	dgx-spark-03	True	1	cmtpsaud71whj2auh0k27ynki
2026-09-09T13:03:57+00:00	dgx-spark-02	True	0	cmtsqj5lz5qd42auh8vvrfn03
2026-09-09T13:03:59+00:00	dgx-spark-04	True	1	cmtpeql4y1etk2auhbk9668ry
2026-09-09T13:03:59+00:00	dgx-spark-03	True	1	cmtpsaud71whj2auh0k27ynki
2026-09-09T13:03:59+00:00	dgx-spark-02	True	1	cmtsqj5lz5qd42auh8vvrfn03
2026-09-09T13:04:01+00:00	dgx-spark-04	True	1	cmtpeql4y1etk2auhbk9668ry
2026-09-09T13:04:01+00:00	dgx-spark-03	True	1	cmtpsaud71whj2auh0k27ynki
2026-09-09T13:04:01+00:00	dgx-spark-02	True	1	cmtsqj5lz5qd42auh8vvrfn03
2026-09-09T13:04:03+00:00	dgx-spark-04	True	1	cmtpeql4y1etk2auhbk9668ry
2026-09-09T13:04:03+00:00	dgx-spark-03	True	1	cmtpsaud71whj2auh0k27ynki
2026-09-09T13:04:03+00:00	dgx-spark-02	True	1	cmtsqj5lz5qd42auh8vvrfn03
2026-09-09T13:04:05+00:00	dgx-spark-04	True	1	cmtpeql4y1etk2auhbk9668ry
2026-09-09T13:04:05+00:00	dgx-spark-03	True	1	cmtpsaud71whj2auh0k27ynki
2026-09-09T13:04:05+00:00	dgx-spark-02	True	1	cmtsqj5lz5qd42auh8vvrfn03
2026-09-09T13:04:07+00:00	dgx-spark-04	True	1	cmtpeql4y1etk2auhbk9668ry
2026-09-09T13:04:07+00:00	dgx-spark-03	True	1	cmtpsaud71whj2auh0k27ynki
2026-09-09T13:04:07+00:00	dgx-spark-02	True	1	cmtsqj5lz5qd42auh8vvrfn03
2026-09-09T13:04:09+00:00	dgx-spark-04	True	1	cmtpeql4y1etk2auhbk9668ry
2026-09-09T13:04:09+00:00	dgx-spark-03	True	1	cmtpsaud71whj2auh0k27ynki
2026-09-09T13:04:09+00:00	dgx-spark-02	True	1	cmtsqj5lz5qd42auh8vvrfn03
2026-09-09T13:04:11+00:00	dgx-spark-04	True	1	cmtpeql4y1etk2auhbk9668ry
2026-09-09T13:04:11+00:00	dgx-spark-03	True	1	cmtpsaud71whj2auh0k27ynki
2026-09-09T13:04:11+00:00	dgx-spark-02	True	1	cmtsqj5lz5qd42auh8vvrfn03
2026-09-09T13:04:13+00:00	dgx-spark-04	True	1	cmtpeql4y1etk2auhbk9668ry
2026-09-09T13:04:13+00:00	dgx-spark-03	True	1	cmtpsaud71whj2auh0k27ynki
2026-09-09T13:04:13+00:00	dgx-spark-02	True	1	cmtsqj5lz5qd42auh8vvrfn03
2026-09-09T13:04:15+00:00	dgx-spark-04	True	1	cmtpeql4y1etk2auhbk9668ry
2026-09-09T13:04:15+00:00	dgx-spark-03	True	1	cmtpsaud71whj2auh0k27ynki
2026-09-09T13:04:15+00:00	dgx-spark-02	True	1	cmtsqj5lz5qd42auh8vvrfn03
2026-09-09T13:04:17+00:00	dgx-spark-04	True	1	cmtpeql4y1etk2auhbk9668ry
2026-09-09T13:04:17+00:00	dgx-spark-03	True	1	cmtpsaud71whj2auh0k27ynki
2026-09-09T13:04:17+00:00	dgx-spark-02	True	1	cmtsqj5lz5qd42auh8vvrfn03
2026-09-09T13:04:19+00:00	dgx-spark-04	True	1	cmtpeql4y1etk2auhbk9668ry
2026-09-09T13:04:19+00:00	dgx-spark-03	True	1	cmtpsaud71whj2auh0k27ynki
2026-09-09T13:04:19+00:00	dgx-spark-02	True	1	cmtsqj5lz5qd42auh8vvrfn03
2026-09-09T13:04:21+00:00	dgx-spark-04	True	1	cmtpeql4y1etk2auhbk9668ry
2026-09-09T13:04:21+00:00	dgx-spark-03	True	1	cmtpsaud71whj2auh0k27ynki
2026-09-09T13:04:21+00:00	dgx-spark-02	True	1	cmtsqj5lz5qd42auh8vvrfn03
2026-09-09T13:04:23+00:00	dgx-spark-04	True	1	cmtpeql4y1etk2auhbk9668ry
2026-09-09T13:04:23+00:00	dgx-spark-03	True	1	cmtpsaud71whj2auh0k27ynki
2026-09-09T13:04:23+00:00	dgx-spark-02	True	1	cmtsqj5lz5qd42auh8vvrfn03
2026-09-09T13:04:25+00:00	dgx-spark-04	True	1	cmtpeql4y1etk2auhbk9668ry
2026-09-09T13:04:25+00:00	dgx-spark-03	True	1	cmtpsaud71whj2auh0k27ynki
2026-09-09T13:04:25+00:00	dgx-spark-02	True	1	cmtsqj5lz5qd42auh8vvrfn03
2026-09-09T13:04:27+00:00	dgx-spark-04	True	1	cmtpeql4y1etk2auhbk9668ry
2026-09-09T13:04:27+00:00	dgx-spark-03	True	1	cmtpsaud71whj2auh0k27ynki
2026-09-09T13:04:27+00:00	dgx-spark-02	True	1	cmtsqj5lz5qd42auh8vvrfn03
2026-09-09T13:04:29+00:00	dgx-spark-04	True	1	cmtpeql4y1etk2auhbk9668ry
2026-09-09T13:04:29+00:00	dgx-spark-03	True	1	cmtpsaud71whj2auh0k27ynki
2026-09-09T13:04:29+00:00	dgx-spark-02	True	1	cmtsqj5lz5qd42auh8vvrfn03
2026-09-09T13:04:31+00:00	dgx-spark-04	True	1	cmtpeql4y1etk2auhbk9668ry
2026-09-09T13:04:31+00:00	dgx-spark-03	True	1	cmtpsaud71whj2auh0k27ynki
2026-09-09T13:04:31+00:00	dgx-spark-02	True	1	cmtsqj5lz5qd42auh8vvrfn03
2026-09-09T13:04:33+00:00	dgx-spark-04	True	1	cmtpeql4y1etk2auhbk9668ry
2026-09-09T13:04:33+00:00	dgx-spark-03	True	1	cmtpsaud71whj2auh0k27ynki
2026-09-09T13:04:33+00:00	dgx-spark-02	True	1	cmtsqj5lz5qd42auh8vvrfn03
2026-09-09T13:04:35+00:00	dgx-spark-04	True	1	cmtpeql4y1etk2auhbk9668ry
2026-09-09T13:04:35+00:00	dgx-spark-03	True	1	cmtpsaud71whj2auh0k27ynki
2026-09-09T13:04:35+00:00	dgx-spark-02	True	1	cmtsqj5lz5qd42auh8vvrfn03
2026-09-09T13:04:37+00:00	dgx-spark-04	True	1	cmtpeql4y1etk2auhbk9668ry
2026-09-09T13:04:37+00:00	dgx-spark-03	True	1	cmtpsaud71whj2auh0k27ynki
2026-09-09T13:04:37+00:00	dgx-spark-02	True	1	cmtsqj5lz5qd42auh8vvrfn03
2026-09-09T13:04:39+00:00	dgx-spark-04	True	1	cmtpeql4y1etk2auhbk9668ry
2026-09-09T13:04:39+00:00	dgx-spark-03	True	1	cmtpsaud71whj2auh0k27ynki
2026-09-09T13:04:39+00:00	dgx-spark-02	True	1	cmtsqj5lz5qd42auh8vvrfn03
2026-09-09T13:04:41+00:00	dgx-spark-04	True	1	cmtpeql4y1etk2auhbk9668ry
2026-09-09T13:04:41+00:00	dgx-spark-03	True	1	cmtpsaud71whj2auh0k27ynki
2026-09-09T13:04:41+00:00	dgx-spark-02	True	1	cmtsqj5lz5qd42auh8vvrfn03
2026-09-09T13:04:43+00:00	dgx-spark-04	True	1	cmtpeql4y1etk2auhbk9668ry
2026-09-09T13:04:43+00:00	dgx-spark-03	True	1	cmtpsaud71whj2auh0k27ynki
2026-09-09T13:04:43+00:00	dgx-spark-02	True	1	cmtsqj5lz5qd42auh8vvrfn03
2026-09-09T13:04:45+00:00	dgx-spark-04	True	1	cmtpeql4y1etk2auhbk9668ry
2026-09-09T13:04:45+00:00	dgx-spark-03	True	1	cmtpsaud71whj2auh0k27ynki
2026-09-09T13:04:45+00:00	dgx-spark-02	True	1	cmtsqj5lz5qd42auh8vvrfn03
2026-09-09T13:04:48+00:00	dgx-spark-04	True	1	cmtpeql4y1etk2auhbk9668ry
2026-09-09T13:04:48+00:00	dgx-spark-03	True	1	cmtpsaud71whj2auh0k27ynki
2026-09-09T13:04:48+00:00	dgx-spark-02	True	1	cmtsqj5lz5qd42auh8vvrfn03
2026-09-09T13:04:50+00:00	dgx-spark-04	True	1	cmtpeql4y1etk2auhbk9668ry
2026-09-09T13:04:50+00:00	dgx-spark-03	True	1	cmtpsaud71whj2auh0k27ynki
2026-09-09T13:04:50+00:00	dgx-spark-02	True	1	cmtsqj5lz5qd42auh8vvrfn03
2026-09-09T13:04:52+00:00	dgx-spark-04	True	1	cmtpeql4y1etk2auhbk9668ry
2026-09-09T13:04:52+00:00	dgx-spark-03	True	1	cmtpsaud71whj2auh0k27ynki
2026-09-09T13:04:52+00:00	dgx-spark-02	True	1	cmtsqj5lz5qd42auh8vvrfn03
2026-09-09T13:04:54+00:00	dgx-spark-04	True	1	cmtpeql4y1etk2auhbk9668ry
2026-09-09T13:04:54+00:00	dgx-spark-03	True	1	cmtpsaud71whj2auh0k27ynki
2026-09-09T13:04:54+00:00	dgx-spark-02	True	1	cmtsqj5lz5qd42auh8vvrfn03
2026-09-09T13:04:56+00:00	dgx-spark-04	True	1	cmtpeql4y1etk2auhbk9668ry
2026-09-09T13:04:56+00:00	dgx-spark-03	True	1	cmtpsaud71whj2auh0k27ynki
2026-09-09T13:04:56+00:00	dgx-spark-02	True	1	cmtsqj5lz5qd42auh8vvrfn03
2026-09-09T13:04:58+00:00	dgx-spark-04	True	1	cmtpeql4y1etk2auhbk9668ry
2026-09-09T13:04:58+00:00	dgx-spark-03	True	1	cmtpsaud71whj2auh0k27ynki
2026-09-09T13:04:58+00:00	dgx-spark-02	True	1	cmtsqj5lz5qd42auh8vvrfn03
2026-09-09T13:05:00+00:00	dgx-spark-04	True	1	cmtpeql4y1etk2auhbk9668ry
2026-09-09T13:05:00+00:00	dgx-spark-03	True	1	cmtpsaud71whj2auh0k27ynki
2026-09-09T13:05:00+00:00	dgx-spark-02	True	1	cmtsqj5lz5qd42auh8vvrfn03
2026-09-09T13:05:02+00:00	dgx-spark-04	True	1	cmtpeql4y1etk2auhbk9668ry
2026-09-09T13:05:02+00:00	dgx-spark-03	True	1	cmtpsaud71whj2auh0k27ynki
2026-09-09T13:05:02+00:00	dgx-spark-02	True	1	cmtsqj5lz5qd42auh8vvrfn03
2026-09-09T13:05:04+00:00	dgx-spark-04	True	1	cmtpeql4y1etk2auhbk9668ry
2026-09-09T13:05:04+00:00	dgx-spark-03	True	1	cmtpsaud71whj2auh0k27ynki
2026-09-09T13:05:04+00:00	dgx-spark-02	True	1	cmtsqj5lz5qd42auh8vvrfn03
2026-09-09T13:05:06+00:00	dgx-spark-04	True	1	cmtpeql4y1etk2auhbk9668ry
2026-09-09T13:05:06+00:00	dgx-spark-03	True	1	cmtpsaud71whj2auh0k27ynki
2026-09-09T13:05:06+00:00	dgx-spark-02	True	1	cmtsqj5lz5qd42auh8vvrfn03
2026-09-09T13:05:08+00:00	dgx-spark-04	True	1	cmtpeql4y1etk2auhbk9668ry
2026-09-09T13:05:08+00:00	dgx-spark-03	True	1	cmtpsaud71whj2auh0k27ynki
2026-09-09T13:05:08+00:00	dgx-spark-02	True	0	cmtsqj5lz5qd42auh8vvrfn03
2026-09-09T13:05:10+00:00	dgx-spark-04	True	1	cmtpeql4y1etk2auhbk9668ry
2026-09-09T13:05:10+00:00	dgx-spark-03	True	1	cmtpsaud71whj2auh0k27ynki
2026-09-09T13:05:10+00:00	dgx-spark-02	True	1	cmtsqj5lz5qd42auh8vvrfn03
2026-09-09T13:05:12+00:00	dgx-spark-04	True	1	cmtpeql4y1etk2auhbk9668ry
2026-09-09T13:05:12+00:00	dgx-spark-03	True	1	cmtpsaud71whj2auh0k27ynki
2026-09-09T13:05:12+00:00	dgx-spark-02	True	1	cmtsqj5lz5qd42auh8vvrfn03
2026-09-09T13:05:14+00:00	dgx-spark-04	True	1	cmtpeql4y1etk2auhbk9668ry
2026-09-09T13:05:14+00:00	dgx-spark-03	True	1	cmtpsaud71whj2auh0k27ynki
2026-09-09T13:05:14+00:00	dgx-spark-02	True	1	cmtsqj5lz5qd42auh8vvrfn03
2026-09-09T13:05:16+00:00	dgx-spark-04	True	1	cmtpeql4y1etk2auhbk9668ry
2026-09-09T13:05:16+00:00	dgx-spark-03	True	1	cmtpsaud71whj2auh0k27ynki
2026-09-09T13:05:16+00:00	dgx-spark-02	True	1	cmtsqj5lz5qd42auh8vvrfn03
2026-09-09T13:05:18+00:00	dgx-spark-04	True	1	cmtpeql4y1etk2auhbk9668ry
2026-09-09T13:05:18+00:00	dgx-spark-03	True	1	cmtpsaud71whj2auh0k27ynki
2026-09-09T13:05:18+00:00	dgx-spark-02	True	1	cmtsqj5lz5qd42auh8vvrfn03
2026-09-09T13:05:20+00:00	dgx-spark-04	True	1	cmtpeql4y1etk2auhbk9668ry
2026-09-09T13:05:20+00:00	dgx-spark-03	True	1	cmtpsaud71whj2auh0k27ynki
2026-09-09T13:05:20+00:00	dgx-spark-02	True	1	cmtsqj5lz5qd42auh8vvrfn03
2026-09-09T13:05:22+00:00	dgx-spark-04	True	1	cmtpeql4y1etk2auhbk9668ry
2026-09-09T13:05:22+00:00	dgx-spark-03	True	1	cmtpsaud71whj2auh0k27ynki
2026-09-09T13:05:22+00:00	dgx-spark-02	True	1	cmtsqj5lz5qd42auh8vvrfn03
2026-09-09T13:05:24+00:00	dgx-spark-04	True	1	cmtpeql4y1etk2auhbk9668ry
2026-09-09T13:05:24+00:00	dgx-spark-03	True	1	cmtpsaud71whj2auh0k27ynki
2026-09-09T13:05:24+00:00	dgx-spark-02	True	1	cmtsqj5lz5qd42auh8vvrfn03
2026-09-09T13:05:26+00:00	dgx-spark-04	True	1	cmtpeql4y1etk2auhbk9668ry
2026-09-09T13:05:26+00:00	dgx-spark-03	True	1	cmtpsaud71whj2auh0k27ynki
2026-09-09T13:05:26+00:00	dgx-spark-02	True	1	cmtsqj5lz5qd42auh8vvrfn03
2026-09-09T13:05:28+00:00	dgx-spark-04	True	1	cmtpeql4y1etk2auhbk9668ry
2026-09-09T13:05:28+00:00	dgx-spark-03	True	1	cmtpsaud71whj2auh0k27ynki
2026-09-09T13:05:28+00:00	dgx-spark-02	True	1	cmtsqj5lz5qd42auh8vvrfn03
2026-09-09T13:05:30+00:00	dgx-spark-04	True	1	cmtpeql4y1etk2auhbk9668ry
2026-09-09T13:05:30+00:00	dgx-spark-03	True	1	cmtpsaud71whj2auh0k27ynki
2026-09-09T13:05:30+00:00	dgx-spark-02	True	1	cmtsqj5lz5qd42auh8vvrfn03
2026-09-09T13:05:32+00:00	dgx-spark-04	True	1	cmtpeql4y1etk2auhbk9668ry
2026-09-09T13:05:32+00:00	dgx-spark-03	True	1	cmtpsaud71whj2auh0k27ynki
2026-09-09T13:05:32+00:00	dgx-spark-02	True	1	cmtsqj5lz5qd42auh8vvrfn03
2026-09-09T13:05:34+00:00	dgx-spark-04	True	1	cmtpeql4y1etk2auhbk9668ry
2026-09-09T13:05:34+00:00	dgx-spark-03	True	1	cmtpsaud71whj2auh0k27ynki
2026-09-09T13:05:34+00:00	dgx-spark-02	True	1	cmtsqj5lz5qd42auh8vvrfn03
2026-09-09T13:05:36+00:00	dgx-spark-04	True	1	cmtpeql4y1etk2auhbk9668ry
2026-09-09T13:05:36+00:00	dgx-spark-03	True	1	cmtpsaud71whj2auh0k27ynki
2026-09-09T13:05:36+00:00	dgx-spark-02	True	1	cmtsqj5lz5qd42auh8vvrfn03
2026-09-09T13:05:38+00:00	dgx-spark-04	True	1	cmtpeql4y1etk2auhbk9668ry
2026-09-09T13:05:38+00:00	dgx-spark-03	True	1	cmtpsaud71whj2auh0k27ynki
2026-09-09T13:05:38+00:00	dgx-spark-02	True	1	cmtsqj5lz5qd42auh8vvrfn03
2026-09-09T13:05:40+00:00	dgx-spark-04	True	1	cmtpeql4y1etk2auhbk9668ry
2026-09-09T13:05:40+00:00	dgx-spark-03	True	1	cmtpsaud71whj2auh0k27ynki
2026-09-09T13:05:40+00:00	dgx-spark-02	True	1	cmtsqj5lz5qd42auh8vvrfn03
2026-09-09T13:05:42+00:00	dgx-spark-04	True	1	cmtpeql4y1etk2auhbk9668ry
2026-09-09T13:05:42+00:00	dgx-spark-03	True	1	cmtpsaud71whj2auh0k27ynki
2026-09-09T13:05:42+00:00	dgx-spark-02	True	1	cmtsqj5lz5qd42auh8vvrfn03
2026-09-09T13:05:44+00:00	dgx-spark-04	True	1	cmtpeql4y1etk2auhbk9668ry
2026-09-09T13:05:44+00:00	dgx-spark-03	True	1	cmtpsaud71whj2auh0k27ynki
2026-09-09T13:05:44+00:00	dgx-spark-02	True	1	cmtsqj5lz5qd42auh8vvrfn03
2026-09-09T13:05:46+00:00	dgx-spark-04	True	1	cmtpeql4y1etk2auhbk9668ry
2026-09-09T13:05:46+00:00	dgx-spark-03	True	1	cmtpsaud71whj2auh0k27ynki
2026-09-09T13:05:46+00:00	dgx-spark-02	True	1	cmtsqj5lz5qd42auh8vvrfn03
2026-09-09T13:05:48+00:00	dgx-spark-04	True	1	cmtpeql4y1etk2auhbk9668ry
2026-09-09T13:05:48+00:00	dgx-spark-03	True	1	cmtpsaud71whj2auh0k27ynki
2026-09-09T13:05:48+00:00	dgx-spark-02	True	1	cmtsqj5lz5qd42auh8vvrfn03
2026-09-09T13:05:50+00:00	dgx-spark-04	True	1	cmtpeql4y1etk2auhbk9668ry
2026-09-09T13:05:50+00:00	dgx-spark-03	True	1	cmtpsaud71whj2auh0k27ynki
2026-09-09T13:05:50+00:00	dgx-spark-02	True	1	cmtsqj5lz5qd42auh8vvrfn03
2026-09-09T13:05:52+00:00	dgx-spark-04	True	1	cmtpeql4y1etk2auhbk9668ry
2026-09-09T13:05:52+00:00	dgx-spark-03	True	1	cmtpsaud71whj2auh0k27ynki
2026-09-09T13:05:52+00:00	dgx-spark-02	True	1	cmtsqj5lz5qd42auh8vvrfn03
2026-09-09T13:05:54+00:00	dgx-spark-04	True	1	cmtpeql4y1etk2auhbk9668ry
2026-09-09T13:05:54+00:00	dgx-spark-03	True	1	cmtpsaud71whj2auh0k27ynki
2026-09-09T13:05:54+00:00	dgx-spark-02	True	1	cmtsqj5lz5qd42auh8vvrfn03
2026-09-09T13:05:56+00:00	dgx-spark-04	True	1	cmtpeql4y1etk2auhbk9668ry
2026-09-09T13:05:56+00:00	dgx-spark-03	True	1	cmtpsaud71whj2auh0k27ynki
2026-09-09T13:05:56+00:00	dgx-spark-02	True	1	cmtsqj5lz5qd42auh8vvrfn03
2026-09-09T13:05:58+00:00	dgx-spark-04	True	1	cmtpeql4y1etk2auhbk9668ry
2026-09-09T13:05:58+00:00	dgx-spark-03	True	1	cmtpsaud71whj2auh0k27ynki
2026-09-09T13:05:58+00:00	dgx-spark-02	True	1	cmtsqj5lz5qd42auh8vvrfn03
2026-09-09T13:06:00+00:00	dgx-spark-04	True	1	cmtpeql4y1etk2auhbk9668ry
2026-09-09T13:06:00+00:00	dgx-spark-03	True	1	cmtpsaud71whj2auh0k27ynki
2026-09-09T13:06:00+00:00	dgx-spark-02	True	1	cmtsqj5lz5qd42auh8vvrfn03
2026-09-09T13:06:02+00:00	dgx-spark-04	True	1	cmtpeql4y1etk2auhbk9668ry
2026-09-09T13:06:02+00:00	dgx-spark-03	True	1	cmtpsaud71whj2auh0k27ynki
2026-09-09T13:06:02+00:00	dgx-spark-02	True	1	cmtsqj5lz5qd42auh8vvrfn03
2026-09-09T13:06:04+00:00	dgx-spark-04	True	1	cmtpeql4y1etk2auhbk9668ry
2026-09-09T13:06:04+00:00	dgx-spark-03	True	1	cmtpsaud71whj2auh0k27ynki
2026-09-09T13:06:04+00:00	dgx-spark-02	True	1	cmtsqj5lz5qd42auh8vvrfn03
2026-09-09T13:06:06+00:00	dgx-spark-04	True	1	cmtpeql4y1etk2auhbk9668ry
2026-09-09T13:06:06+00:00	dgx-spark-03	True	1	cmtpsaud71whj2auh0k27ynki
2026-09-09T13:06:06+00:00	dgx-spark-02	True	1	cmtsqj5lz5qd42auh8vvrfn03
2026-09-09T13:06:08+00:00	dgx-spark-04	True	1	cmtpeql4y1etk2auhbk9668ry
2026-09-09T13:06:08+00:00	dgx-spark-03	True	1	cmtpsaud71whj2auh0k27ynki
2026-09-09T13:06:08+00:00	dgx-spark-02	True	1	cmtsqj5lz5qd42auh8vvrfn03
2026-09-09T13:06:10+00:00	dgx-spark-04	True	1	cmtpeql4y1etk2auhbk9668ry
2026-09-09T13:06:10+00:00	dgx-spark-03	True	1	cmtpsaud71whj2auh0k27ynki
2026-09-09T13:06:10+00:00	dgx-spark-02	True	1	cmtsqj5lz5qd42auh8vvrfn03
2026-09-09T13:06:12+00:00	dgx-spark-04	True	1	cmtpeql4y1etk2auhbk9668ry
2026-09-09T13:06:12+00:00	dgx-spark-03	True	1	cmtpsaud71whj2auh0k27ynki
2026-09-09T13:06:12+00:00	dgx-spark-02	True	1	cmtsqj5lz5qd42auh8vvrfn03
2026-09-09T13:06:14+00:00	dgx-spark-04	True	1	cmtpeql4y1etk2auhbk9668ry
2026-09-09T13:06:14+00:00	dgx-spark-03	True	1	cmtpsaud71whj2auh0k27ynki
2026-09-09T13:06:14+00:00	dgx-spark-02	True	1	cmtsqj5lz5qd42auh8vvrfn03
2026-09-09T13:06:16+00:00	dgx-spark-04	True	1	cmtpeql4y1etk2auhbk9668ry
2026-09-09T13:06:16+00:00	dgx-spark-03	True	1	cmtpsaud71whj2auh0k27ynki
2026-09-09T13:06:16+00:00	dgx-spark-02	True	1	cmtsqj5lz5qd42auh8vvrfn03
2026-09-09T13:06:18+00:00	dgx-spark-04	True	1	cmtpeql4y1etk2auhbk9668ry
2026-09-09T13:06:18+00:00	dgx-spark-03	True	1	cmtpsaud71whj2auh0k27ynki
2026-09-09T13:06:18+00:00	dgx-spark-02	True	1	cmtsqj5lz5qd42auh8vvrfn03
2026-09-09T13:06:20+00:00	dgx-spark-04	True	1	cmtpeql4y1etk2auhbk9668ry
2026-09-09T13:06:20+00:00	dgx-spark-03	True	1	cmtpsaud71whj2auh0k27ynki
2026-09-09T13:06:20+00:00	dgx-spark-02	True	1	cmtsqj5lz5qd42auh8vvrfn03
2026-09-09T13:06:23+00:00	dgx-spark-04	True	1	cmtpeql4y1etk2auhbk9668ry
2026-09-09T13:06:23+00:00	dgx-spark-03	True	1	cmtpsaud71whj2auh0k27ynki
2026-09-09T13:06:23+00:00	dgx-spark-02	True	1	cmtsqj5lz5qd42auh8vvrfn03
2026-09-09T13:06:25+00:00	dgx-spark-04	True	1	cmtpeql4y1etk2auhbk9668ry
2026-09-09T13:06:25+00:00	dgx-spark-03	True	1	cmtpsaud71whj2auh0k27ynki
2026-09-09T13:06:25+00:00	dgx-spark-02	True	1	cmtsqj5lz5qd42auh8vvrfn03
2026-09-09T13:06:27+00:00	dgx-spark-04	True	1	cmtpeql4y1etk2auhbk9668ry
2026-09-09T13:06:27+00:00	dgx-spark-03	True	1	cmtpsaud71whj2auh0k27ynki
2026-09-09T13:06:27+00:00	dgx-spark-02	True	1	cmtsqj5lz5qd42auh8vvrfn03
2026-09-09T13:06:29+00:00	dgx-spark-04	True	1	cmtpeql4y1etk2auhbk9668ry
2026-09-09T13:06:29+00:00	dgx-spark-03	True	1	cmtpsaud71whj2auh0k27ynki
2026-09-09T13:06:29+00:00	dgx-spark-02	True	1	cmtsqj5lz5qd42auh8vvrfn03
2026-09-09T13:06:31+00:00	dgx-spark-04	True	1	cmtpeql4y1etk2auhbk9668ry
2026-09-09T13:06:31+00:00	dgx-spark-03	True	1	cmtpsaud71whj2auh0k27ynki
2026-09-09T13:06:31+00:00	dgx-spark-02	True	1	cmtsqj5lz5qd42auh8vvrfn03
2026-09-09T13:06:33+00:00	dgx-spark-04	True	1	cmtpeql4y1etk2auhbk9668ry
2026-09-09T13:06:33+00:00	dgx-spark-03	True	1	cmtpsaud71whj2auh0k27ynki
2026-09-09T13:06:33+00:00	dgx-spark-02	True	1	cmtsqj5lz5qd42auh8vvrfn03
2026-09-09T13:06:35+00:00	dgx-spark-04	True	1	cmtpeql4y1etk2auhbk9668ry
2026-09-09T13:06:35+00:00	dgx-spark-03	True	1	cmtpsaud71whj2auh0k27ynki
2026-09-09T13:06:35+00:00	dgx-spark-02	True	1	cmtsqj5lz5qd42auh8vvrfn03
2026-09-09T13:06:37+00:00	dgx-spark-04	True	1	cmtpeql4y1etk2auhbk9668ry
2026-09-09T13:06:37+00:00	dgx-spark-03	True	1	cmtpsaud71whj2auh0k27ynki
2026-09-09T13:06:37+00:00	dgx-spark-02	True	1	cmtsqj5lz5qd42auh8vvrfn03
2026-09-09T13:06:39+00:00	dgx-spark-04	True	1	cmtpeql4y1etk2auhbk9668ry
2026-09-09T13:06:39+00:00	dgx-spark-03	True	1	cmtpsaud71whj2auh0k27ynki
2026-09-09T13:06:39+00:00	dgx-spark-02	True	1	cmtsqj5lz5qd42auh8vvrfn03
2026-09-09T13:06:41+00:00	dgx-spark-04	True	1	cmtpeql4y1etk2auhbk9668ry
2026-09-09T13:06:41+00:00	dgx-spark-03	True	1	cmtpsaud71whj2auh0k27ynki
2026-09-09T13:06:41+00:00	dgx-spark-02	True	1	cmtsqj5lz5qd42auh8vvrfn03
2026-09-09T13:06:43+00:00	dgx-spark-04	True	0	cmtpeql4y1etk2auhbk9668ry
2026-09-09T13:06:43+00:00	dgx-spark-03	True	1	cmtpsaud71whj2auh0k27ynki
2026-09-09T13:06:43+00:00	dgx-spark-02	True	1	cmtsqj5lz5qd42auh8vvrfn03
2026-09-09T13:06:45+00:00	dgx-spark-04	True	1	cmtpeql4y1etk2auhbk9668ry
2026-09-09T13:06:45+00:00	dgx-spark-03	True	1	cmtpsaud71whj2auh0k27ynki
2026-09-09T13:06:45+00:00	dgx-spark-02	True	1	cmtsqj5lz5qd42auh8vvrfn03
2026-09-09T13:06:47+00:00	dgx-spark-04	True	1	cmtpeql4y1etk2auhbk9668ry
2026-09-09T13:06:47+00:00	dgx-spark-03	True	1	cmtpsaud71whj2auh0k27ynki
2026-09-09T13:06:47+00:00	dgx-spark-02	True	1	cmtsqj5lz5qd42auh8vvrfn03
2026-09-09T13:06:49+00:00	dgx-spark-04	True	1	cmtpeql4y1etk2auhbk9668ry
2026-09-09T13:06:49+00:00	dgx-spark-03	True	1	cmtpsaud71whj2auh0k27ynki
2026-09-09T13:06:49+00:00	dgx-spark-02	True	1	cmtsqj5lz5qd42auh8vvrfn03
2026-09-09T13:06:51+00:00	dgx-spark-04	True	1	cmtpeql4y1etk2auhbk9668ry
2026-09-09T13:06:51+00:00	dgx-spark-03	True	1	cmtpsaud71whj2auh0k27ynki
2026-09-09T13:06:51+00:00	dgx-spark-02	True	1	cmtsqj5lz5qd42auh8vvrfn03
2026-09-09T13:06:53+00:00	dgx-spark-04	True	1	cmtpeql4y1etk2auhbk9668ry
2026-09-09T13:06:53+00:00	dgx-spark-03	True	1	cmtpsaud71whj2auh0k27ynki
2026-09-09T13:06:53+00:00	dgx-spark-02	True	1	cmtsqj5lz5qd42auh8vvrfn03
2026-09-09T13:06:55+00:00	dgx-spark-04	True	1	cmtpeql4y1etk2auhbk9668ry
2026-09-09T13:06:55+00:00	dgx-spark-03	True	1	cmtpsaud71whj2auh0k27ynki
2026-09-09T13:06:55+00:00	dgx-spark-02	True	1	cmtsqj5lz5qd42auh8vvrfn03
2026-09-09T13:06:57+00:00	dgx-spark-04	True	1	cmtpeql4y1etk2auhbk9668ry
2026-09-09T13:06:57+00:00	dgx-spark-03	True	1	cmtpsaud71whj2auh0k27ynki
2026-09-09T13:06:57+00:00	dgx-spark-02	True	1	cmtsqj5lz5qd42auh8vvrfn03
2026-09-09T13:06:59+00:00	dgx-spark-04	True	1	cmtpeql4y1etk2auhbk9668ry
2026-09-09T13:06:59+00:00	dgx-spark-03	True	1	cmtpsaud71whj2auh0k27ynki
2026-09-09T13:06:59+00:00	dgx-spark-02	True	1	cmtsqj5lz5qd42auh8vvrfn03
2026-09-09T13:07:01+00:00	dgx-spark-04	True	1	cmtpeql4y1etk2auhbk9668ry
2026-09-09T13:07:01+00:00	dgx-spark-03	True	1	cmtpsaud71whj2auh0k27ynki
2026-09-09T13:07:01+00:00	dgx-spark-02	True	1	cmtsqj5lz5qd42auh8vvrfn03
2026-09-09T13:07:03+00:00	dgx-spark-04	True	1	cmtpeql4y1etk2auhbk9668ry
2026-09-09T13:07:03+00:00	dgx-spark-03	True	1	cmtpsaud71whj2auh0k27ynki
2026-09-09T13:07:03+00:00	dgx-spark-02	True	1	cmtsqj5lz5qd42auh8vvrfn03
2026-09-09T13:07:05+00:00	dgx-spark-04	True	1	cmtpeql4y1etk2auhbk9668ry
2026-09-09T13:07:05+00:00	dgx-spark-03	True	1	cmtpsaud71whj2auh0k27ynki
2026-09-09T13:07:05+00:00	dgx-spark-02	True	1	cmtsqj5lz5qd42auh8vvrfn03
2026-09-09T13:07:07+00:00	dgx-spark-04	True	1	cmtpeql4y1etk2auhbk9668ry
2026-09-09T13:07:07+00:00	dgx-spark-03	True	1	cmtpsaud71whj2auh0k27ynki
2026-09-09T13:07:07+00:00	dgx-spark-02	True	1	cmtsqj5lz5qd42auh8vvrfn03
2026-09-09T13:07:09+00:00	dgx-spark-04	True	1	cmtpeql4y1etk2auhbk9668ry
2026-09-09T13:07:09+00:00	dgx-spark-03	True	1	cmtpsaud71whj2auh0k27ynki
2026-09-09T13:07:09+00:00	dgx-spark-02	True	1	cmtsqj5lz5qd42auh8vvrfn03
2026-09-09T13:07:11+00:00	dgx-spark-04	True	1	cmtpeql4y1etk2auhbk9668ry
2026-09-09T13:07:11+00:00	dgx-spark-03	True	1	cmtpsaud71whj2auh0k27ynki
2026-09-09T13:07:11+00:00	dgx-spark-02	True	1	cmtsqj5lz5qd42auh8vvrfn03
2026-09-09T13:07:13+00:00	dgx-spark-04	True	1	cmtpeql4y1etk2auhbk9668ry
2026-09-09T13:07:13+00:00	dgx-spark-03	True	1	cmtpsaud71whj2auh0k27ynki
2026-09-09T13:07:13+00:00	dgx-spark-02	True	1	cmtsqj5lz5qd42auh8vvrfn03
2026-09-09T13:07:15+00:00	dgx-spark-04	True	1	cmtpeql4y1etk2auhbk9668ry
2026-09-09T13:07:15+00:00	dgx-spark-03	True	1	cmtpsaud71whj2auh0k27ynki
2026-09-09T13:07:15+00:00	dgx-spark-02	True	1	cmtsqj5lz5qd42auh8vvrfn03
2026-09-09T13:07:17+00:00	dgx-spark-04	True	1	cmtpeql4y1etk2auhbk9668ry
2026-09-09T13:07:17+00:00	dgx-spark-03	True	1	cmtpsaud71whj2auh0k27ynki
2026-09-09T13:07:17+00:00	dgx-spark-02	True	1	cmtsqj5lz5qd42auh8vvrfn03
2026-09-09T13:07:19+00:00	dgx-spark-04	True	1	cmtpeql4y1etk2auhbk9668ry
2026-09-09T13:07:19+00:00	dgx-spark-03	True	1	cmtpsaud71whj2auh0k27ynki
2026-09-09T13:07:19+00:00	dgx-spark-02	True	1	cmtsqj5lz5qd42auh8vvrfn03
2026-09-09T13:07:21+00:00	dgx-spark-04	True	1	cmtpeql4y1etk2auhbk9668ry
2026-09-09T13:07:21+00:00	dgx-spark-03	True	1	cmtpsaud71whj2auh0k27ynki
2026-09-09T13:07:21+00:00	dgx-spark-02	True	0	cmtsqj5lz5qd42auh8vvrfn03
2026-09-09T13:07:23+00:00	dgx-spark-04	True	1	cmtpeql4y1etk2auhbk9668ry
2026-09-09T13:07:23+00:00	dgx-spark-03	True	1	cmtpsaud71whj2auh0k27ynki
2026-09-09T13:07:23+00:00	dgx-spark-02	True	1	cmtsqj5lz5qd42auh8vvrfn03
2026-09-09T13:07:25+00:00	dgx-spark-04	True	1	cmtpeql4y1etk2auhbk9668ry
2026-09-09T13:07:25+00:00	dgx-spark-03	True	1	cmtpsaud71whj2auh0k27ynki
2026-09-09T13:07:25+00:00	dgx-spark-02	True	1	cmtsqj5lz5qd42auh8vvrfn03
2026-09-09T13:07:27+00:00	dgx-spark-04	True	1	cmtpeql4y1etk2auhbk9668ry
2026-09-09T13:07:27+00:00	dgx-spark-03	True	1	cmtpsaud71whj2auh0k27ynki
2026-09-09T13:07:27+00:00	dgx-spark-02	True	1	cmtsqj5lz5qd42auh8vvrfn03
2026-09-09T13:07:29+00:00	dgx-spark-04	True	1	cmtpeql4y1etk2auhbk9668ry
2026-09-09T13:07:29+00:00	dgx-spark-03	True	1	cmtpsaud71whj2auh0k27ynki
2026-09-09T13:07:29+00:00	dgx-spark-02	True	1	cmtsqj5lz5qd42auh8vvrfn03
2026-09-09T13:07:31+00:00	dgx-spark-04	True	1	cmtpeql4y1etk2auhbk9668ry
2026-09-09T13:07:31+00:00	dgx-spark-03	True	1	cmtpsaud71whj2auh0k27ynki
2026-09-09T13:07:31+00:00	dgx-spark-02	True	1	cmtsqj5lz5qd42auh8vvrfn03
2026-09-09T13:07:33+00:00	dgx-spark-04	True	1	cmtpeql4y1etk2auhbk9668ry
2026-09-09T13:07:33+00:00	dgx-spark-03	True	1	cmtpsaud71whj2auh0k27ynki
2026-09-09T13:07:33+00:00	dgx-spark-02	True	1	cmtsqj5lz5qd42auh8vvrfn03
2026-09-09T13:07:35+00:00	dgx-spark-04	True	1	cmtpeql4y1etk2auhbk9668ry
2026-09-09T13:07:35+00:00	dgx-spark-03	True	1	cmtpsaud71whj2auh0k27ynki
2026-09-09T13:07:35+00:00	dgx-spark-02	True	1	cmtsqj5lz5qd42auh8vvrfn03
2026-09-09T13:07:37+00:00	dgx-spark-04	True	1	cmtpeql4y1etk2auhbk9668ry
2026-09-09T13:07:37+00:00	dgx-spark-03	True	1	cmtpsaud71whj2auh0k27ynki
2026-09-09T13:07:37+00:00	dgx-spark-02	True	1	cmtsqj5lz5qd42auh8vvrfn03
2026-09-09T13:07:39+00:00	dgx-spark-04	True	1	cmtpeql4y1etk2auhbk9668ry
2026-09-09T13:07:39+00:00	dgx-spark-03	True	1	cmtpsaud71whj2auh0k27ynki
2026-09-09T13:07:39+00:00	dgx-spark-02	True	1	cmtsqj5lz5qd42auh8vvrfn03
2026-09-09T13:07:41+00:00	dgx-spark-04	True	1	cmtpeql4y1etk2auhbk9668ry
2026-09-09T13:07:41+00:00	dgx-spark-03	True	1	cmtpsaud71whj2auh0k27ynki
2026-09-09T13:07:41+00:00	dgx-spark-02	True	1	cmtsqj5lz5qd42auh8vvrfn03
2026-09-09T13:07:43+00:00	dgx-spark-04	True	1	cmtpeql4y1etk2auhbk9668ry
2026-09-09T13:07:43+00:00	dgx-spark-03	True	1	cmtpsaud71whj2auh0k27ynki
2026-09-09T13:07:43+00:00	dgx-spark-02	True	1	cmtsqj5lz5qd42auh8vvrfn03
2026-09-09T13:07:45+00:00	dgx-spark-04	True	1	cmtpeql4y1etk2auhbk9668ry
2026-09-09T13:07:45+00:00	dgx-spark-03	True	1	cmtpsaud71whj2auh0k27ynki
2026-09-09T13:07:45+00:00	dgx-spark-02	True	1	cmtsqj5lz5qd42auh8vvrfn03
2026-09-09T13:07:47+00:00	dgx-spark-04	True	1	cmtpeql4y1etk2auhbk9668ry
2026-09-09T13:07:47+00:00	dgx-spark-03	True	1	cmtpsaud71whj2auh0k27ynki
2026-09-09T13:07:47+00:00	dgx-spark-02	True	1	cmtsqj5lz5qd42auh8vvrfn03
2026-09-09T13:07:50+00:00	dgx-spark-04	True	1	cmtpeql4y1etk2auhbk9668ry
2026-09-09T13:07:50+00:00	dgx-spark-03	True	1	cmtpsaud71whj2auh0k27ynki
2026-09-09T13:07:50+00:00	dgx-spark-02	True	1	cmtsqj5lz5qd42auh8vvrfn03
2026-09-09T13:07:52+00:00	dgx-spark-04	True	1	cmtpeql4y1etk2auhbk9668ry
2026-09-09T13:07:52+00:00	dgx-spark-03	True	1	cmtpsaud71whj2auh0k27ynki
2026-09-09T13:07:52+00:00	dgx-spark-02	True	1	cmtsqj5lz5qd42auh8vvrfn03
2026-09-09T13:07:54+00:00	dgx-spark-04	True	1	cmtpeql4y1etk2auhbk9668ry
2026-09-09T13:07:54+00:00	dgx-spark-03	True	1	cmtpsaud71whj2auh0k27ynki
2026-09-09T13:07:54+00:00	dgx-spark-02	True	1	cmtsqj5lz5qd42auh8vvrfn03
2026-09-09T13:07:56+00:00	dgx-spark-04	True	1	cmtpeql4y1etk2auhbk9668ry
2026-09-09T13:07:56+00:00	dgx-spark-03	True	1	cmtpsaud71whj2auh0k27ynki
2026-09-09T13:07:56+00:00	dgx-spark-02	True	1	cmtsqj5lz5qd42auh8vvrfn03
2026-09-09T13:07:58+00:00	dgx-spark-04	True	1	cmtpeql4y1etk2auhbk9668ry
2026-09-09T13:07:58+00:00	dgx-spark-03	True	1	cmtpsaud71whj2auh0k27ynki
2026-09-09T13:07:58+00:00	dgx-spark-02	True	1	cmtsqj5lz5qd42auh8vvrfn03
2026-09-09T13:08:00+00:00	dgx-spark-04	True	1	cmtpeql4y1etk2auhbk9668ry
2026-09-09T13:08:00+00:00	dgx-spark-03	True	1	cmtpsaud71whj2auh0k27ynki
2026-09-09T13:08:00+00:00	dgx-spark-02	True	1	cmtsqj5lz5qd42auh8vvrfn03
2026-09-09T13:08:02+00:00	dgx-spark-04	True	1	cmtpeql4y1etk2auhbk9668ry
2026-09-09T13:08:02+00:00	dgx-spark-03	True	1	cmtpsaud71whj2auh0k27ynki
2026-09-09T13:08:02+00:00	dgx-spark-02	True	1	cmtsqj5lz5qd42auh8vvrfn03
2026-09-09T13:08:04+00:00	dgx-spark-04	True	1	cmtpeql4y1etk2auhbk9668ry
2026-09-09T13:08:04+00:00	dgx-spark-03	True	1	cmtpsaud71whj2auh0k27ynki
2026-09-09T13:08:04+00:00	dgx-spark-02	True	1	cmtsqj5lz5qd42auh8vvrfn03
2026-09-09T13:08:06+00:00	dgx-spark-04	True	1	cmtpeql4y1etk2auhbk9668ry
2026-09-09T13:08:06+00:00	dgx-spark-03	True	1	cmtpsaud71whj2auh0k27ynki
2026-09-09T13:08:06+00:00	dgx-spark-02	True	1	cmtsqj5lz5qd42auh8vvrfn03
2026-09-09T13:08:08+00:00	dgx-spark-04	True	1	cmtpeql4y1etk2auhbk9668ry
2026-09-09T13:08:08+00:00	dgx-spark-03	True	1	cmtpsaud71whj2auh0k27ynki
2026-09-09T13:08:08+00:00	dgx-spark-02	True	1	cmtsqj5lz5qd42auh8vvrfn03
2026-09-09T13:08:10+00:00	dgx-spark-04	True	1	cmtpeql4y1etk2auhbk9668ry
2026-09-09T13:08:10+00:00	dgx-spark-03	True	1	cmtpsaud71whj2auh0k27ynki
2026-09-09T13:08:10+00:00	dgx-spark-02	True	1	cmtsqj5lz5qd42auh8vvrfn03
2026-09-09T13:08:12+00:00	dgx-spark-04	True	1	cmtpeql4y1etk2auhbk9668ry
2026-09-09T13:08:12+00:00	dgx-spark-03	True	1	cmtpsaud71whj2auh0k27ynki
2026-09-09T13:08:12+00:00	dgx-spark-02	True	1	cmtsqj5lz5qd42auh8vvrfn03
2026-09-09T13:08:14+00:00	dgx-spark-04	True	1	cmtpeql4y1etk2auhbk9668ry
2026-09-09T13:08:14+00:00	dgx-spark-03	True	1	cmtpsaud71whj2auh0k27ynki
2026-09-09T13:08:14+00:00	dgx-spark-02	True	1	cmtsqj5lz5qd42auh8vvrfn03
2026-09-09T13:08:16+00:00	dgx-spark-04	True	1	cmtpeql4y1etk2auhbk9668ry
2026-09-09T13:08:16+00:00	dgx-spark-03	True	1	cmtpsaud71whj2auh0k27ynki
2026-09-09T13:08:16+00:00	dgx-spark-02	True	1	cmtsqj5lz5qd42auh8vvrfn03
2026-09-09T13:08:18+00:00	dgx-spark-04	True	1	cmtpeql4y1etk2auhbk9668ry
2026-09-09T13:08:18+00:00	dgx-spark-03	True	1	cmtpsaud71whj2auh0k27ynki
2026-09-09T13:08:18+00:00	dgx-spark-02	True	1	cmtsqj5lz5qd42auh8vvrfn03
2026-09-09T13:08:20+00:00	dgx-spark-04	True	1	cmtpeql4y1etk2auhbk9668ry
2026-09-09T13:08:20+00:00	dgx-spark-03	True	1	cmtpsaud71whj2auh0k27ynki
2026-09-09T13:08:20+00:00	dgx-spark-02	True	1	cmtsqj5lz5qd42auh8vvrfn03
2026-09-09T13:08:22+00:00	dgx-spark-04	True	1	cmtpeql4y1etk2auhbk9668ry
2026-09-09T13:08:22+00:00	dgx-spark-03	True	1	cmtpsaud71whj2auh0k27ynki
2026-09-09T13:08:22+00:00	dgx-spark-02	True	1	cmtsqj5lz5qd42auh8vvrfn03
2026-09-09T13:08:24+00:00	dgx-spark-04	True	1	cmtpeql4y1etk2auhbk9668ry
2026-09-09T13:08:24+00:00	dgx-spark-03	True	1	cmtpsaud71whj2auh0k27ynki
2026-09-09T13:08:24+00:00	dgx-spark-02	True	1	cmtsqj5lz5qd42auh8vvrfn03
2026-09-09T13:08:26+00:00	dgx-spark-04	True	1	cmtpeql4y1etk2auhbk9668ry
2026-09-09T13:08:26+00:00	dgx-spark-03	True	1	cmtpsaud71whj2auh0k27ynki
2026-09-09T13:08:26+00:00	dgx-spark-02	True	1	cmtsqj5lz5qd42auh8vvrfn03
2026-09-09T13:08:28+00:00	dgx-spark-04	True	1	cmtpeql4y1etk2auhbk9668ry
2026-09-09T13:08:28+00:00	dgx-spark-03	True	1	cmtpsaud71whj2auh0k27ynki
2026-09-09T13:08:28+00:00	dgx-spark-02	True	1	cmtsqj5lz5qd42auh8vvrfn03
2026-09-09T13:08:30+00:00	dgx-spark-04	True	1	cmtpeql4y1etk2auhbk9668ry
2026-09-09T13:08:30+00:00	dgx-spark-03	True	1	cmtpsaud71whj2auh0k27ynki
2026-09-09T13:08:30+00:00	dgx-spark-02	True	1	cmtsqj5lz5qd42auh8vvrfn03
2026-09-09T13:08:32+00:00	dgx-spark-04	True	1	cmtpeql4y1etk2auhbk9668ry
2026-09-09T13:08:32+00:00	dgx-spark-03	True	1	cmtpsaud71whj2auh0k27ynki
2026-09-09T13:08:32+00:00	dgx-spark-02	True	1	cmtsqj5lz5qd42auh8vvrfn03
2026-09-09T13:08:34+00:00	dgx-spark-04	True	1	cmtpeql4y1etk2auhbk9668ry
2026-09-09T13:08:34+00:00	dgx-spark-03	True	1	cmtpsaud71whj2auh0k27ynki
2026-09-09T13:08:34+00:00	dgx-spark-02	True	1	cmtsqj5lz5qd42auh8vvrfn03
2026-09-09T13:08:36+00:00	dgx-spark-04	True	1	cmtpeql4y1etk2auhbk9668ry
2026-09-09T13:08:36+00:00	dgx-spark-03	True	1	cmtpsaud71whj2auh0k27ynki
2026-09-09T13:08:36+00:00	dgx-spark-02	True	1	cmtsqj5lz5qd42auh8vvrfn03
2026-09-09T13:08:38+00:00	dgx-spark-04	True	1	cmtpeql4y1etk2auhbk9668ry
2026-09-09T13:08:38+00:00	dgx-spark-03	True	1	cmtpsaud71whj2auh0k27ynki
2026-09-09T13:08:38+00:00	dgx-spark-02	True	1	cmtsqj5lz5qd42auh8vvrfn03
2026-09-09T13:08:40+00:00	dgx-spark-04	True	1	cmtpeql4y1etk2auhbk9668ry
2026-09-09T13:08:40+00:00	dgx-spark-03	True	1	cmtpsaud71whj2auh0k27ynki
2026-09-09T13:08:40+00:00	dgx-spark-02	True	1	cmtsqj5lz5qd42auh8vvrfn03
2026-09-09T13:08:42+00:00	dgx-spark-04	True	1	cmtpeql4y1etk2auhbk9668ry
2026-09-09T13:08:42+00:00	dgx-spark-03	True	1	cmtpsaud71whj2auh0k27ynki
2026-09-09T13:08:42+00:00	dgx-spark-02	True	1	cmtsqj5lz5qd42auh8vvrfn03
2026-09-09T13:08:44+00:00	dgx-spark-04	True	1	cmtpeql4y1etk2auhbk9668ry
2026-09-09T13:08:44+00:00	dgx-spark-03	True	1	cmtpsaud71whj2auh0k27ynki
2026-09-09T13:08:44+00:00	dgx-spark-02	True	1	cmtsqj5lz5qd42auh8vvrfn03
2026-09-09T13:08:46+00:00	dgx-spark-04	True	1	cmtpeql4y1etk2auhbk9668ry
2026-09-09T13:08:46+00:00	dgx-spark-03	True	1	cmtpsaud71whj2auh0k27ynki
2026-09-09T13:08:46+00:00	dgx-spark-02	True	1	cmtsqj5lz5qd42auh8vvrfn03
2026-09-09T13:08:48+00:00	dgx-spark-04	True	1	cmtpeql4y1etk2auhbk9668ry
2026-09-09T13:08:48+00:00	dgx-spark-03	True	1	cmtpsaud71whj2auh0k27ynki
2026-09-09T13:08:48+00:00	dgx-spark-02	True	1	cmtsqj5lz5qd42auh8vvrfn03
2026-09-09T13:08:50+00:00	dgx-spark-04	True	1	cmtpeql4y1etk2auhbk9668ry
2026-09-09T13:08:50+00:00	dgx-spark-03	True	1	cmtpsaud71whj2auh0k27ynki
2026-09-09T13:08:50+00:00	dgx-spark-02	True	1	cmtsqj5lz5qd42auh8vvrfn03
2026-09-09T13:08:52+00:00	dgx-spark-04	True	1	cmtpeql4y1etk2auhbk9668ry
2026-09-09T13:08:52+00:00	dgx-spark-03	True	1	cmtpsaud71whj2auh0k27ynki
2026-09-09T13:08:52+00:00	dgx-spark-02	True	1	cmtsqj5lz5qd42auh8vvrfn03
2026-09-09T13:08:54+00:00	dgx-spark-04	True	1	cmtpeql4y1etk2auhbk9668ry
2026-09-09T13:08:54+00:00	dgx-spark-03	True	1	cmtpsaud71whj2auh0k27ynki
2026-09-09T13:08:54+00:00	dgx-spark-02	True	1	cmtsqj5lz5qd42auh8vvrfn03
2026-09-09T13:08:56+00:00	dgx-spark-04	True	1	cmtpeql4y1etk2auhbk9668ry
2026-09-09T13:08:56+00:00	dgx-spark-03	True	1	cmtpsaud71whj2auh0k27ynki
2026-09-09T13:08:56+00:00	dgx-spark-02	True	1	cmtsqj5lz5qd42auh8vvrfn03
2026-09-09T13:08:58+00:00	dgx-spark-04	True	1	cmtpeql4y1etk2auhbk9668ry
2026-09-09T13:08:58+00:00	dgx-spark-03	True	1	cmtpsaud71whj2auh0k27ynki
2026-09-09T13:08:58+00:00	dgx-spark-02	True	1	cmtsqj5lz5qd42auh8vvrfn03
2026-09-09T13:09:00+00:00	dgx-spark-04	True	1	cmtpeql4y1etk2auhbk9668ry
2026-09-09T13:09:00+00:00	dgx-spark-03	True	1	cmtpsaud71whj2auh0k27ynki
2026-09-09T13:09:00+00:00	dgx-spark-02	True	1	cmtsqj5lz5qd42auh8vvrfn03
2026-09-09T13:09:02+00:00	dgx-spark-04	True	0	cmtpeql4y1etk2auhbk9668ry
2026-09-09T13:09:02+00:00	dgx-spark-03	True	1	cmtpsaud71whj2auh0k27ynki
2026-09-09T13:09:02+00:00	dgx-spark-02	True	1	cmtsqj5lz5qd42auh8vvrfn03
2026-09-09T13:09:04+00:00	dgx-spark-04	True	1	cmtpeql4y1etk2auhbk9668ry
2026-09-09T13:09:04+00:00	dgx-spark-03	True	1	cmtpsaud71whj2auh0k27ynki
2026-09-09T13:09:04+00:00	dgx-spark-02	True	1	cmtsqj5lz5qd42auh8vvrfn03
2026-09-09T13:09:06+00:00	dgx-spark-04	True	1	cmtpeql4y1etk2auhbk9668ry
2026-09-09T13:09:06+00:00	dgx-spark-03	True	1	cmtpsaud71whj2auh0k27ynki
2026-09-09T13:09:06+00:00	dgx-spark-02	True	1	cmtsqj5lz5qd42auh8vvrfn03
2026-09-09T13:09:08+00:00	dgx-spark-04	True	1	cmtpeql4y1etk2auhbk9668ry
2026-09-09T13:09:08+00:00	dgx-spark-03	True	1	cmtpsaud71whj2auh0k27ynki
2026-09-09T13:09:08+00:00	dgx-spark-02	True	1	cmtsqj5lz5qd42auh8vvrfn03
2026-09-09T13:09:10+00:00	dgx-spark-04	True	1	cmtpeql4y1etk2auhbk9668ry
2026-09-09T13:09:10+00:00	dgx-spark-03	True	1	cmtpsaud71whj2auh0k27ynki
2026-09-09T13:09:10+00:00	dgx-spark-02	True	1	cmtsqj5lz5qd42auh8vvrfn03
2026-09-09T13:09:12+00:00	dgx-spark-04	True	1	cmtpeql4y1etk2auhbk9668ry
2026-09-09T13:09:12+00:00	dgx-spark-03	True	1	cmtpsaud71whj2auh0k27ynki
2026-09-09T13:09:12+00:00	dgx-spark-02	True	1	cmtsqj5lz5qd42auh8vvrfn03
2026-09-09T13:09:14+00:00	dgx-spark-04	True	1	cmtpeql4y1etk2auhbk9668ry
2026-09-09T13:09:14+00:00	dgx-spark-03	True	1	cmtpsaud71whj2auh0k27ynki
2026-09-09T13:09:14+00:00	dgx-spark-02	True	1	cmtsqj5lz5qd42auh8vvrfn03
2026-09-09T13:09:16+00:00	dgx-spark-04	True	1	cmtpeql4y1etk2auhbk9668ry
2026-09-09T13:09:16+00:00	dgx-spark-03	True	1	cmtpsaud71whj2auh0k27ynki
2026-09-09T13:09:16+00:00	dgx-spark-02	True	1	cmtsqj5lz5qd42auh8vvrfn03
2026-09-09T13:09:18+00:00	dgx-spark-04	True	1	cmtpeql4y1etk2auhbk9668ry
2026-09-09T13:09:18+00:00	dgx-spark-03	True	1	cmtpsaud71whj2auh0k27ynki
2026-09-09T13:09:18+00:00	dgx-spark-02	True	1	cmtsqj5lz5qd42auh8vvrfn03
2026-09-09T13:09:20+00:00	dgx-spark-04	True	1	cmtpeql4y1etk2auhbk9668ry
2026-09-09T13:09:20+00:00	dgx-spark-03	True	1	cmtpsaud71whj2auh0k27ynki
2026-09-09T13:09:20+00:00	dgx-spark-02	True	1	cmtsqj5lz5qd42auh8vvrfn03
2026-09-09T13:09:22+00:00	dgx-spark-04	True	1	cmtpeql4y1etk2auhbk9668ry
2026-09-09T13:09:22+00:00	dgx-spark-03	True	1	cmtpsaud71whj2auh0k27ynki
2026-09-09T13:09:22+00:00	dgx-spark-02	True	1	cmtsqj5lz5qd42auh8vvrfn03
2026-09-09T13:09:25+00:00	dgx-spark-04	True	1	cmtpeql4y1etk2auhbk9668ry
2026-09-09T13:09:25+00:00	dgx-spark-03	True	1	cmtpsaud71whj2auh0k27ynki
2026-09-09T13:09:25+00:00	dgx-spark-02	True	1	cmtsqj5lz5qd42auh8vvrfn03
2026-09-09T13:09:27+00:00	dgx-spark-04	True	1	cmtpeql4y1etk2auhbk9668ry
2026-09-09T13:09:27+00:00	dgx-spark-03	True	1	cmtpsaud71whj2auh0k27ynki
2026-09-09T13:09:27+00:00	dgx-spark-02	True	1	cmtsqj5lz5qd42auh8vvrfn03
2026-09-09T13:09:29+00:00	dgx-spark-04	True	1	cmtpeql4y1etk2auhbk9668ry
2026-09-09T13:09:29+00:00	dgx-spark-03	True	1	cmtpsaud71whj2auh0k27ynki
2026-09-09T13:09:29+00:00	dgx-spark-02	True	1	cmtsqj5lz5qd42auh8vvrfn03
2026-09-09T13:09:31+00:00	dgx-spark-04	True	1	cmtpeql4y1etk2auhbk9668ry
2026-09-09T13:09:31+00:00	dgx-spark-03	True	1	cmtpsaud71whj2auh0k27ynki
2026-09-09T13:09:31+00:00	dgx-spark-02	True	1	cmtsqj5lz5qd42auh8vvrfn03
2026-09-09T13:09:33+00:00	dgx-spark-04	True	1	cmtpeql4y1etk2auhbk9668ry
2026-09-09T13:09:33+00:00	dgx-spark-03	True	1	cmtpsaud71whj2auh0k27ynki
2026-09-09T13:09:33+00:00	dgx-spark-02	True	1	cmtsqj5lz5qd42auh8vvrfn03
2026-09-09T13:09:35+00:00	dgx-spark-04	True	1	cmtpeql4y1etk2auhbk9668ry
2026-09-09T13:09:35+00:00	dgx-spark-03	True	1	cmtpsaud71whj2auh0k27ynki
2026-09-09T13:09:35+00:00	dgx-spark-02	True	1	cmtsqj5lz5qd42auh8vvrfn03
2026-09-09T13:09:37+00:00	dgx-spark-04	True	1	cmtpeql4y1etk2auhbk9668ry
2026-09-09T13:09:37+00:00	dgx-spark-03	True	1	cmtpsaud71whj2auh0k27ynki
2026-09-09T13:09:37+00:00	dgx-spark-02	True	1	cmtsqj5lz5qd42auh8vvrfn03
2026-09-09T13:09:39+00:00	dgx-spark-04	True	1	cmtpeql4y1etk2auhbk9668ry
2026-09-09T13:09:39+00:00	dgx-spark-03	True	1	cmtpsaud71whj2auh0k27ynki
2026-09-09T13:09:39+00:00	dgx-spark-02	True	1	cmtsqj5lz5qd42auh8vvrfn03
2026-09-09T13:09:41+00:00	dgx-spark-04	True	1	cmtpeql4y1etk2auhbk9668ry
2026-09-09T13:09:41+00:00	dgx-spark-03	True	1	cmtpsaud71whj2auh0k27ynki
2026-09-09T13:09:41+00:00	dgx-spark-02	True	1	cmtsqj5lz5qd42auh8vvrfn03
2026-09-09T13:09:43+00:00	dgx-spark-04	True	1	cmtpeql4y1etk2auhbk9668ry
2026-09-09T13:09:43+00:00	dgx-spark-03	True	1	cmtpsaud71whj2auh0k27ynki
2026-09-09T13:09:43+00:00	dgx-spark-02	True	1	cmtsqj5lz5qd42auh8vvrfn03
2026-09-09T13:09:45+00:00	dgx-spark-04	True	1	cmtpeql4y1etk2auhbk9668ry
2026-09-09T13:09:45+00:00	dgx-spark-03	True	1	cmtpsaud71whj2auh0k27ynki
2026-09-09T13:09:45+00:00	dgx-spark-02	True	1	cmtsqj5lz5qd42auh8vvrfn03
2026-09-09T13:09:47+00:00	dgx-spark-04	True	1	cmtpeql4y1etk2auhbk9668ry
2026-09-09T13:09:47+00:00	dgx-spark-03	True	1	cmtpsaud71whj2auh0k27ynki
2026-09-09T13:09:47+00:00	dgx-spark-02	True	1	cmtsqj5lz5qd42auh8vvrfn03
2026-09-09T13:09:49+00:00	dgx-spark-04	True	1	cmtpeql4y1etk2auhbk9668ry
2026-09-09T13:09:49+00:00	dgx-spark-03	True	1	cmtpsaud71whj2auh0k27ynki
2026-09-09T13:09:49+00:00	dgx-spark-02	True	1	cmtsqj5lz5qd42auh8vvrfn03
2026-09-09T13:09:51+00:00	dgx-spark-04	True	1	cmtpeql4y1etk2auhbk9668ry
2026-09-09T13:09:51+00:00	dgx-spark-03	True	1	cmtpsaud71whj2auh0k27ynki
2026-09-09T13:09:51+00:00	dgx-spark-02	True	1	cmtsqj5lz5qd42auh8vvrfn03
2026-09-09T13:09:53+00:00	dgx-spark-04	True	1	cmtpeql4y1etk2auhbk9668ry
2026-09-09T13:09:53+00:00	dgx-spark-03	True	1	cmtpsaud71whj2auh0k27ynki
2026-09-09T13:09:53+00:00	dgx-spark-02	True	1	cmtsqj5lz5qd42auh8vvrfn03
2026-09-09T13:09:55+00:00	dgx-spark-04	True	1	cmtpeql4y1etk2auhbk9668ry
2026-09-09T13:09:55+00:00	dgx-spark-03	True	1	cmtpsaud71whj2auh0k27ynki
2026-09-09T13:09:55+00:00	dgx-spark-02	True	1	cmtsqj5lz5qd42auh8vvrfn03
2026-09-09T13:09:57+00:00	dgx-spark-04	True	1	cmtpeql4y1etk2auhbk9668ry
2026-09-09T13:09:57+00:00	dgx-spark-03	True	1	cmtpsaud71whj2auh0k27ynki
2026-09-09T13:09:57+00:00	dgx-spark-02	True	1	cmtsqj5lz5qd42auh8vvrfn03
2026-09-09T13:09:59+00:00	dgx-spark-04	True	1	cmtpeql4y1etk2auhbk9668ry
2026-09-09T13:09:59+00:00	dgx-spark-03	True	1	cmtpsaud71whj2auh0k27ynki
2026-09-09T13:09:59+00:00	dgx-spark-02	True	1	cmtsqj5lz5qd42auh8vvrfn03
2026-09-09T13:10:01+00:00	dgx-spark-04	True	1	cmtpeql4y1etk2auhbk9668ry
2026-09-09T13:10:01+00:00	dgx-spark-03	True	1	cmtpsaud71whj2auh0k27ynki
2026-09-09T13:10:01+00:00	dgx-spark-02	True	1	cmtsqj5lz5qd42auh8vvrfn03
2026-09-09T13:10:03+00:00	dgx-spark-04	True	1	cmtpeql4y1etk2auhbk9668ry
2026-09-09T13:10:03+00:00	dgx-spark-03	True	1	cmtpsaud71whj2auh0k27ynki
2026-09-09T13:10:03+00:00	dgx-spark-02	True	1	cmtsqj5lz5qd42auh8vvrfn03
2026-09-09T13:10:05+00:00	dgx-spark-04	True	1	cmtpeql4y1etk2auhbk9668ry
2026-09-09T13:10:05+00:00	dgx-spark-03	True	1	cmtpsaud71whj2auh0k27ynki
2026-09-09T13:10:05+00:00	dgx-spark-02	True	1	cmtsqj5lz5qd42auh8vvrfn03
2026-09-09T13:10:07+00:00	dgx-spark-04	True	1	cmtpeql4y1etk2auhbk9668ry
2026-09-09T13:10:07+00:00	dgx-spark-03	True	1	cmtpsaud71whj2auh0k27ynki
2026-09-09T13:10:07+00:00	dgx-spark-02	True	1	cmtsqj5lz5qd42auh8vvrfn03
2026-09-09T13:10:09+00:00	dgx-spark-04	True	1	cmtpeql4y1etk2auhbk9668ry
2026-09-09T13:10:09+00:00	dgx-spark-03	True	1	cmtpsaud71whj2auh0k27ynki
2026-09-09T13:10:09+00:00	dgx-spark-02	True	1	cmtsqj5lz5qd42auh8vvrfn03
2026-09-09T13:10:11+00:00	dgx-spark-04	True	1	cmtpeql4y1etk2auhbk9668ry
2026-09-09T13:10:11+00:00	dgx-spark-03	True	1	cmtpsaud71whj2auh0k27ynki
2026-09-09T13:10:11+00:00	dgx-spark-02	True	1	cmtsqj5lz5qd42auh8vvrfn03
2026-09-09T13:10:13+00:00	dgx-spark-04	True	1	cmtpeql4y1etk2auhbk9668ry
2026-09-09T13:10:13+00:00	dgx-spark-03	True	1	cmtpsaud71whj2auh0k27ynki
2026-09-09T13:10:13+00:00	dgx-spark-02	True	1	cmtsqj5lz5qd42auh8vvrfn03
2026-09-09T13:10:15+00:00	dgx-spark-04	True	1	cmtpeql4y1etk2auhbk9668ry
2026-09-09T13:10:15+00:00	dgx-spark-03	True	1	cmtpsaud71whj2auh0k27ynki
2026-09-09T13:10:15+00:00	dgx-spark-02	True	1	cmtsqj5lz5qd42auh8vvrfn03
2026-09-09T13:10:18+00:00	dgx-spark-04	True	1	cmtpeql4y1etk2auhbk9668ry
2026-09-09T13:10:18+00:00	dgx-spark-03	True	1	cmtpsaud71whj2auh0k27ynki
2026-09-09T13:10:18+00:00	dgx-spark-02	True	1	cmtsqj5lz5qd42auh8vvrfn03
2026-09-09T13:10:20+00:00	dgx-spark-04	True	1	cmtpeql4y1etk2auhbk9668ry
2026-09-09T13:10:20+00:00	dgx-spark-03	True	1	cmtpsaud71whj2auh0k27ynki
2026-09-09T13:10:20+00:00	dgx-spark-02	True	1	cmtsqj5lz5qd42auh8vvrfn03
2026-09-09T13:10:22+00:00	dgx-spark-04	True	1	cmtpeql4y1etk2auhbk9668ry
2026-09-09T13:10:22+00:00	dgx-spark-03	True	1	cmtpsaud71whj2auh0k27ynki
2026-09-09T13:10:22+00:00	dgx-spark-02	True	1	cmtsqj5lz5qd42auh8vvrfn03
2026-09-09T13:10:24+00:00	dgx-spark-04	True	1	cmtpeql4y1etk2auhbk9668ry
2026-09-09T13:10:24+00:00	dgx-spark-03	True	1	cmtpsaud71whj2auh0k27ynki
2026-09-09T13:10:24+00:00	dgx-spark-02	True	1	cmtsqj5lz5qd42auh8vvrfn03
2026-09-09T13:10:26+00:00	dgx-spark-04	True	1	cmtpeql4y1etk2auhbk9668ry
2026-09-09T13:10:26+00:00	dgx-spark-03	True	1	cmtpsaud71whj2auh0k27ynki
2026-09-09T13:10:26+00:00	dgx-spark-02	True	1	cmtsqj5lz5qd42auh8vvrfn03
2026-09-09T13:10:28+00:00	dgx-spark-04	True	1	cmtpeql4y1etk2auhbk9668ry
2026-09-09T13:10:28+00:00	dgx-spark-03	True	1	cmtpsaud71whj2auh0k27ynki
2026-09-09T13:10:28+00:00	dgx-spark-02	True	1	cmtsqj5lz5qd42auh8vvrfn03
2026-09-09T13:10:30+00:00	dgx-spark-04	True	1	cmtpeql4y1etk2auhbk9668ry
2026-09-09T13:10:30+00:00	dgx-spark-03	True	1	cmtpsaud71whj2auh0k27ynki
2026-09-09T13:10:30+00:00	dgx-spark-02	True	1	cmtsqj5lz5qd42auh8vvrfn03
2026-09-09T13:10:32+00:00	dgx-spark-04	True	1	cmtpeql4y1etk2auhbk9668ry
2026-09-09T13:10:32+00:00	dgx-spark-03	True	1	cmtpsaud71whj2auh0k27ynki
2026-09-09T13:10:32+00:00	dgx-spark-02	True	1	cmtsqj5lz5qd42auh8vvrfn03
2026-09-09T13:10:34+00:00	dgx-spark-04	True	1	cmtpeql4y1etk2auhbk9668ry
2026-09-09T13:10:34+00:00	dgx-spark-03	True	1	cmtpsaud71whj2auh0k27ynki
2026-09-09T13:10:34+00:00	dgx-spark-02	True	1	cmtsqj5lz5qd42auh8vvrfn03
2026-09-09T13:10:36+00:00	dgx-spark-04	True	1	cmtpeql4y1etk2auhbk9668ry
2026-09-09T13:10:36+00:00	dgx-spark-03	True	1	cmtpsaud71whj2auh0k27ynki
2026-09-09T13:10:36+00:00	dgx-spark-02	True	1	cmtsqj5lz5qd42auh8vvrfn03
2026-09-09T13:10:38+00:00	dgx-spark-04	True	1	cmtpeql4y1etk2auhbk9668ry
2026-09-09T13:10:38+00:00	dgx-spark-03	True	1	cmtpsaud71whj2auh0k27ynki
2026-09-09T13:10:38+00:00	dgx-spark-02	True	1	cmtsqj5lz5qd42auh8vvrfn03
2026-09-09T13:10:40+00:00	dgx-spark-04	True	1	cmtpeql4y1etk2auhbk9668ry
2026-09-09T13:10:40+00:00	dgx-spark-03	True	1	cmtpsaud71whj2auh0k27ynki
2026-09-09T13:10:40+00:00	dgx-spark-02	True	1	cmtsqj5lz5qd42auh8vvrfn03
2026-09-09T13:10:42+00:00	dgx-spark-04	True	1	cmtpeql4y1etk2auhbk9668ry
2026-09-09T13:10:42+00:00	dgx-spark-03	True	1	cmtpsaud71whj2auh0k27ynki
2026-09-09T13:10:42+00:00	dgx-spark-02	True	1	cmtsqj5lz5qd42auh8vvrfn03
2026-09-09T13:10:45+00:00	dgx-spark-04	True	1	cmtpeql4y1etk2auhbk9668ry
2026-09-09T13:10:45+00:00	dgx-spark-03	True	1	cmtpsaud71whj2auh0k27ynki
2026-09-09T13:10:45+00:00	dgx-spark-02	True	1	cmtsqj5lz5qd42auh8vvrfn03
2026-09-09T13:10:47+00:00	dgx-spark-04	True	1	cmtpeql4y1etk2auhbk9668ry
2026-09-09T13:10:47+00:00	dgx-spark-03	True	1	cmtpsaud71whj2auh0k27ynki
2026-09-09T13:10:47+00:00	dgx-spark-02	True	1	cmtsqj5lz5qd42auh8vvrfn03
2026-09-09T13:10:49+00:00	dgx-spark-04	True	1	cmtpeql4y1etk2auhbk9668ry
2026-09-09T13:10:49+00:00	dgx-spark-03	True	1	cmtpsaud71whj2auh0k27ynki
2026-09-09T13:10:49+00:00	dgx-spark-02	True	1	cmtsqj5lz5qd42auh8vvrfn03
2026-09-09T13:10:51+00:00	dgx-spark-04	True	1	cmtpeql4y1etk2auhbk9668ry
2026-09-09T13:10:51+00:00	dgx-spark-03	True	1	cmtpsaud71whj2auh0k27ynki
2026-09-09T13:10:51+00:00	dgx-spark-02	True	1	cmtsqj5lz5qd42auh8vvrfn03
2026-09-09T13:10:53+00:00	dgx-spark-04	True	1	cmtpeql4y1etk2auhbk9668ry
2026-09-09T13:10:53+00:00	dgx-spark-03	True	0	cmtpsaud71whj2auh0k27ynki
2026-09-09T13:10:53+00:00	dgx-spark-02	True	1	cmtsqj5lz5qd42auh8vvrfn03
2026-09-09T13:10:55+00:00	dgx-spark-04	True	1	cmtpeql4y1etk2auhbk9668ry
2026-09-09T13:10:55+00:00	dgx-spark-03	True	1	cmtpsaud71whj2auh0k27ynki
2026-09-09T13:10:55+00:00	dgx-spark-02	True	1	cmtsqj5lz5qd42auh8vvrfn03
2026-09-09T13:10:57+00:00	dgx-spark-04	True	1	cmtpeql4y1etk2auhbk9668ry
2026-09-09T13:10:57+00:00	dgx-spark-03	True	1	cmtpsaud71whj2auh0k27ynki
2026-09-09T13:10:57+00:00	dgx-spark-02	True	1	cmtsqj5lz5qd42auh8vvrfn03
2026-09-09T13:10:59+00:00	dgx-spark-04	True	1	cmtpeql4y1etk2auhbk9668ry
2026-09-09T13:10:59+00:00	dgx-spark-03	True	1	cmtpsaud71whj2auh0k27ynki
2026-09-09T13:10:59+00:00	dgx-spark-02	True	1	cmtsqj5lz5qd42auh8vvrfn03
2026-09-09T13:11:01+00:00	dgx-spark-04	True	1	cmtpeql4y1etk2auhbk9668ry
2026-09-09T13:11:01+00:00	dgx-spark-03	True	1	cmtpsaud71whj2auh0k27ynki
2026-09-09T13:11:01+00:00	dgx-spark-02	True	1	cmtsqj5lz5qd42auh8vvrfn03
2026-09-09T13:11:03+00:00	dgx-spark-04	True	1	cmtpeql4y1etk2auhbk9668ry
2026-09-09T13:11:03+00:00	dgx-spark-03	True	1	cmtpsaud71whj2auh0k27ynki
2026-09-09T13:11:03+00:00	dgx-spark-02	True	1	cmtsqj5lz5qd42auh8vvrfn03
2026-09-09T13:11:06+00:00	dgx-spark-04	True	1	cmtpeql4y1etk2auhbk9668ry
2026-09-09T13:11:06+00:00	dgx-spark-03	True	1	cmtpsaud71whj2auh0k27ynki
2026-09-09T13:11:06+00:00	dgx-spark-02	True	1	cmtsqj5lz5qd42auh8vvrfn03
2026-09-09T13:11:08+00:00	dgx-spark-04	True	1	cmtpeql4y1etk2auhbk9668ry
2026-09-09T13:11:08+00:00	dgx-spark-03	True	1	cmtpsaud71whj2auh0k27ynki
2026-09-09T13:11:08+00:00	dgx-spark-02	True	1	cmtsqj5lz5qd42auh8vvrfn03
2026-09-09T13:11:10+00:00	dgx-spark-04	True	1	cmtpeql4y1etk2auhbk9668ry
2026-09-09T13:11:10+00:00	dgx-spark-03	True	1	cmtpsaud71whj2auh0k27ynki
2026-09-09T13:11:10+00:00	dgx-spark-02	True	1	cmtsqj5lz5qd42auh8vvrfn03
2026-09-09T13:11:12+00:00	dgx-spark-04	True	1	cmtpeql4y1etk2auhbk9668ry
2026-09-09T13:11:12+00:00	dgx-spark-03	True	1	cmtpsaud71whj2auh0k27ynki
2026-09-09T13:11:12+00:00	dgx-spark-02	True	1	cmtsqj5lz5qd42auh8vvrfn03
2026-09-09T13:11:14+00:00	dgx-spark-04	True	1	cmtpeql4y1etk2auhbk9668ry
2026-09-09T13:11:14+00:00	dgx-spark-03	True	1	cmtpsaud71whj2auh0k27ynki
2026-09-09T13:11:14+00:00	dgx-spark-02	True	1	cmtsqj5lz5qd42auh8vvrfn03
2026-09-09T13:11:16+00:00	dgx-spark-04	True	1	cmtpeql4y1etk2auhbk9668ry
2026-09-09T13:11:16+00:00	dgx-spark-03	True	1	cmtpsaud71whj2auh0k27ynki
2026-09-09T13:11:16+00:00	dgx-spark-02	True	1	cmtsqj5lz5qd42auh8vvrfn03
2026-09-09T13:11:18+00:00	dgx-spark-04	True	1	cmtpeql4y1etk2auhbk9668ry
2026-09-09T13:11:18+00:00	dgx-spark-03	True	1	cmtpsaud71whj2auh0k27ynki
2026-09-09T13:11:18+00:00	dgx-spark-02	True	1	cmtsqj5lz5qd42auh8vvrfn03
2026-09-09T13:11:20+00:00	dgx-spark-04	True	1	cmtpeql4y1etk2auhbk9668ry
2026-09-09T13:11:20+00:00	dgx-spark-03	True	1	cmtpsaud71whj2auh0k27ynki
2026-09-09T13:11:20+00:00	dgx-spark-02	True	1	cmtsqj5lz5qd42auh8vvrfn03
2026-09-09T13:11:22+00:00	dgx-spark-04	True	1	cmtpeql4y1etk2auhbk9668ry
2026-09-09T13:11:22+00:00	dgx-spark-03	True	1	cmtpsaud71whj2auh0k27ynki
2026-09-09T13:11:22+00:00	dgx-spark-02	True	1	cmtsqj5lz5qd42auh8vvrfn03
2026-09-09T13:11:25+00:00	dgx-spark-04	True	1	cmtpeql4y1etk2auhbk9668ry
2026-09-09T13:11:25+00:00	dgx-spark-03	True	1	cmtpsaud71whj2auh0k27ynki
2026-09-09T13:11:25+00:00	dgx-spark-02	True	1	cmtsqj5lz5qd42auh8vvrfn03
2026-09-09T13:11:27+00:00	dgx-spark-04	True	1	cmtpeql4y1etk2auhbk9668ry
2026-09-09T13:11:27+00:00	dgx-spark-03	True	1	cmtpsaud71whj2auh0k27ynki
2026-09-09T13:11:27+00:00	dgx-spark-02	True	1	cmtsqj5lz5qd42auh8vvrfn03
2026-09-09T13:11:29+00:00	dgx-spark-04	True	1	cmtpeql4y1etk2auhbk9668ry
2026-09-09T13:11:29+00:00	dgx-spark-03	True	1	cmtpsaud71whj2auh0k27ynki
2026-09-09T13:11:29+00:00	dgx-spark-02	True	1	cmtsqj5lz5qd42auh8vvrfn03
2026-09-09T13:11:31+00:00	dgx-spark-04	True	1	cmtpeql4y1etk2auhbk9668ry
2026-09-09T13:11:31+00:00	dgx-spark-03	True	1	cmtpsaud71whj2auh0k27ynki
2026-09-09T13:11:31+00:00	dgx-spark-02	True	1	cmtsqj5lz5qd42auh8vvrfn03
2026-09-09T13:11:33+00:00	dgx-spark-04	True	1	cmtpeql4y1etk2auhbk9668ry
2026-09-09T13:11:33+00:00	dgx-spark-03	True	1	cmtpsaud71whj2auh0k27ynki
2026-09-09T13:11:33+00:00	dgx-spark-02	True	1	cmtsqj5lz5qd42auh8vvrfn03
2026-09-09T13:11:35+00:00	dgx-spark-04	True	1	cmtpeql4y1etk2auhbk9668ry
2026-09-09T13:11:35+00:00	dgx-spark-03	True	1	cmtpsaud71whj2auh0k27ynki
2026-09-09T13:11:35+00:00	dgx-spark-02	True	1	cmtsqj5lz5qd42auh8vvrfn03
2026-09-09T13:11:37+00:00	dgx-spark-04	True	1	cmtpeql4y1etk2auhbk9668ry
2026-09-09T13:11:37+00:00	dgx-spark-03	True	1	cmtpsaud71whj2auh0k27ynki
2026-09-09T13:11:37+00:00	dgx-spark-02	True	1	cmtsqj5lz5qd42auh8vvrfn03
2026-09-09T13:11:39+00:00	dgx-spark-04	True	1	cmtpeql4y1etk2auhbk9668ry
2026-09-09T13:11:39+00:00	dgx-spark-03	True	1	cmtpsaud71whj2auh0k27ynki
2026-09-09T13:11:39+00:00	dgx-spark-02	True	1	cmtsqj5lz5qd42auh8vvrfn03
2026-09-09T13:11:41+00:00	dgx-spark-04	True	1	cmtpeql4y1etk2auhbk9668ry
2026-09-09T13:11:41+00:00	dgx-spark-03	True	1	cmtpsaud71whj2auh0k27ynki
2026-09-09T13:11:41+00:00	dgx-spark-02	True	1	cmtsqj5lz5qd42auh8vvrfn03
2026-09-09T13:11:43+00:00	dgx-spark-04	True	1	cmtpeql4y1etk2auhbk9668ry
2026-09-09T13:11:43+00:00	dgx-spark-03	True	1	cmtpsaud71whj2auh0k27ynki
2026-09-09T13:11:43+00:00	dgx-spark-02	True	1	cmtsqj5lz5qd42auh8vvrfn03
2026-09-09T13:11:45+00:00	dgx-spark-04	True	1	cmtpeql4y1etk2auhbk9668ry
2026-09-09T13:11:45+00:00	dgx-spark-03	True	1	cmtpsaud71whj2auh0k27ynki
2026-09-09T13:11:45+00:00	dgx-spark-02	True	1	cmtsqj5lz5qd42auh8vvrfn03
2026-09-09T13:11:47+00:00	dgx-spark-04	True	1	cmtpeql4y1etk2auhbk9668ry
2026-09-09T13:11:47+00:00	dgx-spark-03	True	1	cmtpsaud71whj2auh0k27ynki
2026-09-09T13:11:47+00:00	dgx-spark-02	True	1	cmtsqj5lz5qd42auh8vvrfn03
2026-09-09T13:11:49+00:00	dgx-spark-04	True	1	cmtpeql4y1etk2auhbk9668ry
2026-09-09T13:11:49+00:00	dgx-spark-03	True	1	cmtpsaud71whj2auh0k27ynki
2026-09-09T13:11:49+00:00	dgx-spark-02	True	1	cmtsqj5lz5qd42auh8vvrfn03
2026-09-09T13:11:51+00:00	dgx-spark-04	True	1	cmtpeql4y1etk2auhbk9668ry
2026-09-09T13:11:51+00:00	dgx-spark-03	True	1	cmtpsaud71whj2auh0k27ynki
2026-09-09T13:11:51+00:00	dgx-spark-02	True	1	cmtsqj5lz5qd42auh8vvrfn03
2026-09-09T13:11:53+00:00	dgx-spark-04	True	1	cmtpeql4y1etk2auhbk9668ry
2026-09-09T13:11:53+00:00	dgx-spark-03	True	1	cmtpsaud71whj2auh0k27ynki
2026-09-09T13:11:53+00:00	dgx-spark-02	True	1	cmtsqj5lz5qd42auh8vvrfn03
2026-09-09T13:11:55+00:00	dgx-spark-04	True	1	cmtpeql4y1etk2auhbk9668ry
2026-09-09T13:11:55+00:00	dgx-spark-03	True	1	cmtpsaud71whj2auh0k27ynki
2026-09-09T13:11:55+00:00	dgx-spark-02	True	1	cmtsqj5lz5qd42auh8vvrfn03
2026-09-09T13:11:57+00:00	dgx-spark-04	True	1	cmtpeql4y1etk2auhbk9668ry
2026-09-09T13:11:57+00:00	dgx-spark-03	True	1	cmtpsaud71whj2auh0k27ynki
2026-09-09T13:11:57+00:00	dgx-spark-02	True	1	cmtsqj5lz5qd42auh8vvrfn03
2026-09-09T13:11:59+00:00	dgx-spark-04	True	1	cmtpeql4y1etk2auhbk9668ry
2026-09-09T13:11:59+00:00	dgx-spark-03	True	1	cmtpsaud71whj2auh0k27ynki
2026-09-09T13:11:59+00:00	dgx-spark-02	True	1	cmtsqj5lz5qd42auh8vvrfn03
2026-09-09T13:12:01+00:00	dgx-spark-04	True	1	cmtpeql4y1etk2auhbk9668ry
2026-09-09T13:12:01+00:00	dgx-spark-03	True	1	cmtpsaud71whj2auh0k27ynki
2026-09-09T13:12:01+00:00	dgx-spark-02	True	1	cmtsqj5lz5qd42auh8vvrfn03
2026-09-09T13:12:03+00:00	dgx-spark-04	True	1	cmtpeql4y1etk2auhbk9668ry
2026-09-09T13:12:03+00:00	dgx-spark-03	True	1	cmtpsaud71whj2auh0k27ynki
2026-09-09T13:12:03+00:00	dgx-spark-02	True	1	cmtsqj5lz5qd42auh8vvrfn03
2026-09-09T13:12:05+00:00	dgx-spark-04	True	1	cmtpeql4y1etk2auhbk9668ry
2026-09-09T13:12:05+00:00	dgx-spark-03	True	1	cmtpsaud71whj2auh0k27ynki
2026-09-09T13:12:05+00:00	dgx-spark-02	True	1	cmtsqj5lz5qd42auh8vvrfn03
2026-09-09T13:12:07+00:00	dgx-spark-04	True	1	cmtpeql4y1etk2auhbk9668ry
2026-09-09T13:12:07+00:00	dgx-spark-03	True	1	cmtpsaud71whj2auh0k27ynki
2026-09-09T13:12:07+00:00	dgx-spark-02	True	1	cmtsqj5lz5qd42auh8vvrfn03
2026-09-09T13:12:09+00:00	dgx-spark-04	True	1	cmtpeql4y1etk2auhbk9668ry
2026-09-09T13:12:09+00:00	dgx-spark-03	True	1	cmtpsaud71whj2auh0k27ynki
2026-09-09T13:12:09+00:00	dgx-spark-02	True	1	cmtsqj5lz5qd42auh8vvrfn03
2026-09-09T13:12:11+00:00	dgx-spark-04	True	1	cmtpeql4y1etk2auhbk9668ry
2026-09-09T13:12:11+00:00	dgx-spark-03	True	1	cmtpsaud71whj2auh0k27ynki
2026-09-09T13:12:11+00:00	dgx-spark-02	True	1	cmtsqj5lz5qd42auh8vvrfn03
2026-09-09T13:12:13+00:00	dgx-spark-04	True	1	cmtpeql4y1etk2auhbk9668ry
2026-09-09T13:12:13+00:00	dgx-spark-03	True	1	cmtpsaud71whj2auh0k27ynki
2026-09-09T13:12:13+00:00	dgx-spark-02	True	1	cmtsqj5lz5qd42auh8vvrfn03
2026-09-09T13:12:15+00:00	dgx-spark-04	True	0	cmtpeql4y1etk2auhbk9668ry
2026-09-09T13:12:15+00:00	dgx-spark-03	True	1	cmtpsaud71whj2auh0k27ynki
2026-09-09T13:12:15+00:00	dgx-spark-02	True	1	cmtsqj5lz5qd42auh8vvrfn03
2026-09-09T13:12:17+00:00	dgx-spark-04	True	1	cmtpeql4y1etk2auhbk9668ry
2026-09-09T13:12:17+00:00	dgx-spark-03	True	1	cmtpsaud71whj2auh0k27ynki
2026-09-09T13:12:17+00:00	dgx-spark-02	True	1	cmtsqj5lz5qd42auh8vvrfn03
2026-09-09T13:12:19+00:00	dgx-spark-04	True	1	cmtpeql4y1etk2auhbk9668ry
2026-09-09T13:12:19+00:00	dgx-spark-03	True	1	cmtpsaud71whj2auh0k27ynki
2026-09-09T13:12:19+00:00	dgx-spark-02	True	1	cmtsqj5lz5qd42auh8vvrfn03
2026-09-09T13:12:21+00:00	dgx-spark-04	True	1	cmtpeql4y1etk2auhbk9668ry
2026-09-09T13:12:21+00:00	dgx-spark-03	True	1	cmtpsaud71whj2auh0k27ynki
2026-09-09T13:12:21+00:00	dgx-spark-02	True	1	cmtsqj5lz5qd42auh8vvrfn03
2026-09-09T13:12:23+00:00	dgx-spark-04	True	1	cmtpeql4y1etk2auhbk9668ry
2026-09-09T13:12:23+00:00	dgx-spark-03	True	1	cmtpsaud71whj2auh0k27ynki
2026-09-09T13:12:23+00:00	dgx-spark-02	True	1	cmtsqj5lz5qd42auh8vvrfn03
2026-09-09T13:12:25+00:00	dgx-spark-04	True	1	cmtpeql4y1etk2auhbk9668ry
2026-09-09T13:12:25+00:00	dgx-spark-03	True	1	cmtpsaud71whj2auh0k27ynki
2026-09-09T13:12:25+00:00	dgx-spark-02	True	1	cmtsqj5lz5qd42auh8vvrfn03
2026-09-09T13:12:27+00:00	dgx-spark-04	True	1	cmtpeql4y1etk2auhbk9668ry
2026-09-09T13:12:27+00:00	dgx-spark-03	True	1	cmtpsaud71whj2auh0k27ynki
2026-09-09T13:12:27+00:00	dgx-spark-02	True	1	cmtsqj5lz5qd42auh8vvrfn03
2026-09-09T13:12:29+00:00	dgx-spark-04	True	1	cmtpeql4y1etk2auhbk9668ry
2026-09-09T13:12:29+00:00	dgx-spark-03	True	1	cmtpsaud71whj2auh0k27ynki
2026-09-09T13:12:29+00:00	dgx-spark-02	True	1	cmtsqj5lz5qd42auh8vvrfn03
2026-09-09T13:12:31+00:00	dgx-spark-04	True	1	cmtpeql4y1etk2auhbk9668ry
2026-09-09T13:12:31+00:00	dgx-spark-03	True	1	cmtpsaud71whj2auh0k27ynki
2026-09-09T13:12:31+00:00	dgx-spark-02	True	1	cmtsqj5lz5qd42auh8vvrfn03
2026-09-09T13:12:33+00:00	dgx-spark-04	True	1	cmtpeql4y1etk2auhbk9668ry
2026-09-09T13:12:33+00:00	dgx-spark-03	True	1	cmtpsaud71whj2auh0k27ynki
2026-09-09T13:12:33+00:00	dgx-spark-02	True	1	cmtsqj5lz5qd42auh8vvrfn03
2026-09-09T13:12:35+00:00	dgx-spark-04	True	1	cmtpeql4y1etk2auhbk9668ry
2026-09-09T13:12:35+00:00	dgx-spark-03	True	1	cmtpsaud71whj2auh0k27ynki
2026-09-09T13:12:35+00:00	dgx-spark-02	True	1	cmtsqj5lz5qd42auh8vvrfn03
2026-09-09T13:12:37+00:00	dgx-spark-04	True	1	cmtpeql4y1etk2auhbk9668ry
2026-09-09T13:12:37+00:00	dgx-spark-03	True	1	cmtpsaud71whj2auh0k27ynki
2026-09-09T13:12:37+00:00	dgx-spark-02	True	1	cmtsqj5lz5qd42auh8vvrfn03
2026-09-09T13:12:39+00:00	dgx-spark-04	True	1	cmtpeql4y1etk2auhbk9668ry
2026-09-09T13:12:39+00:00	dgx-spark-03	True	1	cmtpsaud71whj2auh0k27ynki
2026-09-09T13:12:39+00:00	dgx-spark-02	True	1	cmtsqj5lz5qd42auh8vvrfn03
2026-09-09T13:12:41+00:00	dgx-spark-04	True	1	cmtpeql4y1etk2auhbk9668ry
2026-09-09T13:12:41+00:00	dgx-spark-03	True	1	cmtpsaud71whj2auh0k27ynki
2026-09-09T13:12:41+00:00	dgx-spark-02	True	1	cmtsqj5lz5qd42auh8vvrfn03
2026-09-09T13:12:43+00:00	dgx-spark-04	True	1	cmtpeql4y1etk2auhbk9668ry
2026-09-09T13:12:43+00:00	dgx-spark-03	True	1	cmtpsaud71whj2auh0k27ynki
2026-09-09T13:12:43+00:00	dgx-spark-02	True	1	cmtsqj5lz5qd42auh8vvrfn03
2026-09-09T13:12:45+00:00	dgx-spark-04	True	1	cmtpeql4y1etk2auhbk9668ry
2026-09-09T13:12:45+00:00	dgx-spark-03	True	1	cmtpsaud71whj2auh0k27ynki
2026-09-09T13:12:45+00:00	dgx-spark-02	True	1	cmtsqj5lz5qd42auh8vvrfn03
2026-09-09T13:12:47+00:00	dgx-spark-04	True	1	cmtpeql4y1etk2auhbk9668ry
2026-09-09T13:12:47+00:00	dgx-spark-03	True	1	cmtpsaud71whj2auh0k27ynki
2026-09-09T13:12:47+00:00	dgx-spark-02	True	1	cmtsqj5lz5qd42auh8vvrfn03
2026-09-09T13:12:49+00:00	dgx-spark-04	True	1	cmtpeql4y1etk2auhbk9668ry
2026-09-09T13:12:49+00:00	dgx-spark-03	True	1	cmtpsaud71whj2auh0k27ynki
2026-09-09T13:12:49+00:00	dgx-spark-02	True	1	cmtsqj5lz5qd42auh8vvrfn03
2026-09-09T13:12:51+00:00	dgx-spark-04	True	1	cmtpeql4y1etk2auhbk9668ry
2026-09-09T13:12:51+00:00	dgx-spark-03	True	1	cmtpsaud71whj2auh0k27ynki
2026-09-09T13:12:51+00:00	dgx-spark-02	True	1	cmtsqj5lz5qd42auh8vvrfn03
2026-09-09T13:12:53+00:00	dgx-spark-04	True	1	cmtpeql4y1etk2auhbk9668ry
2026-09-09T13:12:53+00:00	dgx-spark-03	True	1	cmtpsaud71whj2auh0k27ynki
2026-09-09T13:12:53+00:00	dgx-spark-02	True	1	cmtsqj5lz5qd42auh8vvrfn03
2026-09-09T13:12:55+00:00	dgx-spark-04	True	1	cmtpeql4y1etk2auhbk9668ry
2026-09-09T13:12:55+00:00	dgx-spark-03	True	1	cmtpsaud71whj2auh0k27ynki
2026-09-09T13:12:55+00:00	dgx-spark-02	True	1	cmtsqj5lz5qd42auh8vvrfn03
2026-09-09T13:12:57+00:00	dgx-spark-04	True	1	cmtpeql4y1etk2auhbk9668ry
2026-09-09T13:12:57+00:00	dgx-spark-03	True	1	cmtpsaud71whj2auh0k27ynki
2026-09-09T13:12:57+00:00	dgx-spark-02	True	1	cmtsqj5lz5qd42auh8vvrfn03
2026-09-09T13:12:59+00:00	dgx-spark-04	True	1	cmtpeql4y1etk2auhbk9668ry
2026-09-09T13:12:59+00:00	dgx-spark-03	True	1	cmtpsaud71whj2auh0k27ynki
2026-09-09T13:12:59+00:00	dgx-spark-02	True	1	cmtsqj5lz5qd42auh8vvrfn03
2026-09-09T13:13:01+00:00	dgx-spark-04	True	1	cmtpeql4y1etk2auhbk9668ry
2026-09-09T13:13:01+00:00	dgx-spark-03	True	1	cmtpsaud71whj2auh0k27ynki
2026-09-09T13:13:01+00:00	dgx-spark-02	True	1	cmtsqj5lz5qd42auh8vvrfn03
2026-09-09T13:13:03+00:00	dgx-spark-04	True	1	cmtpeql4y1etk2auhbk9668ry
2026-09-09T13:13:03+00:00	dgx-spark-03	True	1	cmtpsaud71whj2auh0k27ynki
2026-09-09T13:13:03+00:00	dgx-spark-02	True	1	cmtsqj5lz5qd42auh8vvrfn03
2026-09-09T13:13:05+00:00	dgx-spark-04	True	1	cmtpeql4y1etk2auhbk9668ry
2026-09-09T13:13:05+00:00	dgx-spark-03	True	1	cmtpsaud71whj2auh0k27ynki
2026-09-09T13:13:05+00:00	dgx-spark-02	True	1	cmtsqj5lz5qd42auh8vvrfn03
2026-09-09T13:13:07+00:00	dgx-spark-04	True	1	cmtpeql4y1etk2auhbk9668ry
2026-09-09T13:13:07+00:00	dgx-spark-03	True	1	cmtpsaud71whj2auh0k27ynki
2026-09-09T13:13:07+00:00	dgx-spark-02	True	1	cmtsqj5lz5qd42auh8vvrfn03
2026-09-09T13:13:09+00:00	dgx-spark-04	True	1	cmtpeql4y1etk2auhbk9668ry
2026-09-09T13:13:09+00:00	dgx-spark-03	True	1	cmtpsaud71whj2auh0k27ynki
2026-09-09T13:13:09+00:00	dgx-spark-02	True	1	cmtsqj5lz5qd42auh8vvrfn03
2026-09-09T13:13:11+00:00	dgx-spark-04	True	1	cmtpeql4y1etk2auhbk9668ry
2026-09-09T13:13:11+00:00	dgx-spark-03	True	1	cmtpsaud71whj2auh0k27ynki
2026-09-09T13:13:11+00:00	dgx-spark-02	True	1	cmtsqj5lz5qd42auh8vvrfn03
2026-09-09T13:13:14+00:00	dgx-spark-04	True	1	cmtpeql4y1etk2auhbk9668ry
2026-09-09T13:13:14+00:00	dgx-spark-03	True	1	cmtpsaud71whj2auh0k27ynki
2026-09-09T13:13:14+00:00	dgx-spark-02	True	1	cmtsqj5lz5qd42auh8vvrfn03
2026-09-09T13:13:16+00:00	dgx-spark-04	True	1	cmtpeql4y1etk2auhbk9668ry
2026-09-09T13:13:16+00:00	dgx-spark-03	True	1	cmtpsaud71whj2auh0k27ynki
2026-09-09T13:13:16+00:00	dgx-spark-02	True	1	cmtsqj5lz5qd42auh8vvrfn03
2026-09-09T13:13:18+00:00	dgx-spark-04	True	1	cmtpeql4y1etk2auhbk9668ry
2026-09-09T13:13:18+00:00	dgx-spark-03	True	1	cmtpsaud71whj2auh0k27ynki
2026-09-09T13:13:18+00:00	dgx-spark-02	True	1	cmtsqj5lz5qd42auh8vvrfn03
2026-09-09T13:13:20+00:00	dgx-spark-04	True	1	cmtpeql4y1etk2auhbk9668ry
2026-09-09T13:13:20+00:00	dgx-spark-03	True	1	cmtpsaud71whj2auh0k27ynki
2026-09-09T13:13:20+00:00	dgx-spark-02	True	1	cmtsqj5lz5qd42auh8vvrfn03
2026-09-09T13:13:22+00:00	dgx-spark-04	True	1	cmtpeql4y1etk2auhbk9668ry
2026-09-09T13:13:22+00:00	dgx-spark-03	True	1	cmtpsaud71whj2auh0k27ynki
2026-09-09T13:13:22+00:00	dgx-spark-02	True	1	cmtsqj5lz5qd42auh8vvrfn03
2026-09-09T13:13:24+00:00	dgx-spark-04	True	1	cmtpeql4y1etk2auhbk9668ry
2026-09-09T13:13:24+00:00	dgx-spark-03	True	1	cmtpsaud71whj2auh0k27ynki
2026-09-09T13:13:24+00:00	dgx-spark-02	True	1	cmtsqj5lz5qd42auh8vvrfn03
2026-09-09T13:13:26+00:00	dgx-spark-04	True	1	cmtpeql4y1etk2auhbk9668ry
2026-09-09T13:13:26+00:00	dgx-spark-03	True	1	cmtpsaud71whj2auh0k27ynki
2026-09-09T13:13:26+00:00	dgx-spark-02	True	1	cmtsqj5lz5qd42auh8vvrfn03
2026-09-09T13:13:28+00:00	dgx-spark-04	True	1	cmtpeql4y1etk2auhbk9668ry
2026-09-09T13:13:28+00:00	dgx-spark-03	True	1	cmtpsaud71whj2auh0k27ynki
2026-09-09T13:13:28+00:00	dgx-spark-02	True	1	cmtsqj5lz5qd42auh8vvrfn03
2026-09-09T13:13:30+00:00	dgx-spark-04	True	1	cmtpeql4y1etk2auhbk9668ry
2026-09-09T13:13:30+00:00	dgx-spark-03	True	1	cmtpsaud71whj2auh0k27ynki
2026-09-09T13:13:30+00:00	dgx-spark-02	True	1	cmtsqj5lz5qd42auh8vvrfn03
2026-09-09T13:13:32+00:00	dgx-spark-04	True	1	cmtpeql4y1etk2auhbk9668ry
2026-09-09T13:13:32+00:00	dgx-spark-03	True	1	cmtpsaud71whj2auh0k27ynki
2026-09-09T13:13:32+00:00	dgx-spark-02	True	1	cmtsqj5lz5qd42auh8vvrfn03
2026-09-09T13:13:34+00:00	dgx-spark-04	True	1	cmtpeql4y1etk2auhbk9668ry
2026-09-09T13:13:34+00:00	dgx-spark-03	True	1	cmtpsaud71whj2auh0k27ynki
2026-09-09T13:13:34+00:00	dgx-spark-02	True	1	cmtsqj5lz5qd42auh8vvrfn03
2026-09-09T13:13:36+00:00	dgx-spark-04	True	1	cmtpeql4y1etk2auhbk9668ry
2026-09-09T13:13:36+00:00	dgx-spark-03	True	1	cmtpsaud71whj2auh0k27ynki
2026-09-09T13:13:36+00:00	dgx-spark-02	True	1	cmtsqj5lz5qd42auh8vvrfn03
2026-09-09T13:13:38+00:00	dgx-spark-04	True	1	cmtpeql4y1etk2auhbk9668ry
2026-09-09T13:13:38+00:00	dgx-spark-03	True	1	cmtpsaud71whj2auh0k27ynki
2026-09-09T13:13:38+00:00	dgx-spark-02	True	1	cmtsqj5lz5qd42auh8vvrfn03
2026-09-09T13:13:40+00:00	dgx-spark-04	True	1	cmtpeql4y1etk2auhbk9668ry
2026-09-09T13:13:40+00:00	dgx-spark-03	True	1	cmtpsaud71whj2auh0k27ynki
2026-09-09T13:13:40+00:00	dgx-spark-02	True	1	cmtsqj5lz5qd42auh8vvrfn03
2026-09-09T13:13:42+00:00	dgx-spark-04	True	1	cmtpeql4y1etk2auhbk9668ry
2026-09-09T13:13:42+00:00	dgx-spark-03	True	1	cmtpsaud71whj2auh0k27ynki
2026-09-09T13:13:42+00:00	dgx-spark-02	True	1	cmtsqj5lz5qd42auh8vvrfn03
2026-09-09T13:13:44+00:00	dgx-spark-04	True	1	cmtpeql4y1etk2auhbk9668ry
2026-09-09T13:13:44+00:00	dgx-spark-03	True	1	cmtpsaud71whj2auh0k27ynki
2026-09-09T13:13:44+00:00	dgx-spark-02	True	1	cmtsqj5lz5qd42auh8vvrfn03
2026-09-09T13:13:46+00:00	dgx-spark-04	True	1	cmtpeql4y1etk2auhbk9668ry
2026-09-09T13:13:46+00:00	dgx-spark-03	True	1	cmtpsaud71whj2auh0k27ynki
2026-09-09T13:13:46+00:00	dgx-spark-02	True	1	cmtsqj5lz5qd42auh8vvrfn03
2026-09-09T13:13:48+00:00	dgx-spark-04	True	1	cmtpeql4y1etk2auhbk9668ry
2026-09-09T13:13:48+00:00	dgx-spark-03	True	1	cmtpsaud71whj2auh0k27ynki
2026-09-09T13:13:48+00:00	dgx-spark-02	True	1	cmtsqj5lz5qd42auh8vvrfn03
2026-09-09T13:13:50+00:00	dgx-spark-04	True	1	cmtpeql4y1etk2auhbk9668ry
2026-09-09T13:13:50+00:00	dgx-spark-03	True	1	cmtpsaud71whj2auh0k27ynki
2026-09-09T13:13:50+00:00	dgx-spark-02	True	1	cmtsqj5lz5qd42auh8vvrfn03
2026-09-09T13:13:52+00:00	dgx-spark-04	True	1	cmtpeql4y1etk2auhbk9668ry
2026-09-09T13:13:52+00:00	dgx-spark-03	True	1	cmtpsaud71whj2auh0k27ynki
2026-09-09T13:13:52+00:00	dgx-spark-02	True	1	cmtsqj5lz5qd42auh8vvrfn03
2026-09-09T13:13:54+00:00	dgx-spark-04	True	1	cmtpeql4y1etk2auhbk9668ry
2026-09-09T13:13:54+00:00	dgx-spark-03	True	1	cmtpsaud71whj2auh0k27ynki
2026-09-09T13:13:54+00:00	dgx-spark-02	True	1	cmtsqj5lz5qd42auh8vvrfn03
2026-09-09T13:13:56+00:00	dgx-spark-04	True	1	cmtpeql4y1etk2auhbk9668ry
2026-09-09T13:13:56+00:00	dgx-spark-03	True	1	cmtpsaud71whj2auh0k27ynki
2026-09-09T13:13:56+00:00	dgx-spark-02	True	1	cmtsqj5lz5qd42auh8vvrfn03
2026-09-09T13:13:59+00:00	dgx-spark-04	True	1	cmtpeql4y1etk2auhbk9668ry
2026-09-09T13:13:59+00:00	dgx-spark-03	True	1	cmtpsaud71whj2auh0k27ynki
2026-09-09T13:13:59+00:00	dgx-spark-02	True	1	cmtsqj5lz5qd42auh8vvrfn03
2026-09-09T13:14:01+00:00	dgx-spark-04	True	1	cmtpeql4y1etk2auhbk9668ry
2026-09-09T13:14:01+00:00	dgx-spark-03	True	1	cmtpsaud71whj2auh0k27ynki
2026-09-09T13:14:01+00:00	dgx-spark-02	True	1	cmtsqj5lz5qd42auh8vvrfn03
2026-09-09T13:14:03+00:00	dgx-spark-04	True	1	cmtpeql4y1etk2auhbk9668ry
2026-09-09T13:14:03+00:00	dgx-spark-03	True	1	cmtpsaud71whj2auh0k27ynki
2026-09-09T13:14:03+00:00	dgx-spark-02	True	1	cmtsqj5lz5qd42auh8vvrfn03
2026-09-09T13:14:05+00:00	dgx-spark-04	True	1	cmtpeql4y1etk2auhbk9668ry
2026-09-09T13:14:05+00:00	dgx-spark-03	True	1	cmtpsaud71whj2auh0k27ynki
2026-09-09T13:14:05+00:00	dgx-spark-02	True	1	cmtsqj5lz5qd42auh8vvrfn03
2026-09-09T13:14:07+00:00	dgx-spark-04	True	1	cmtpeql4y1etk2auhbk9668ry
2026-09-09T13:14:07+00:00	dgx-spark-03	True	1	cmtpsaud71whj2auh0k27ynki
2026-09-09T13:14:07+00:00	dgx-spark-02	True	1	cmtsqj5lz5qd42auh8vvrfn03
2026-09-09T13:14:09+00:00	dgx-spark-04	True	1	cmtpeql4y1etk2auhbk9668ry
2026-09-09T13:14:09+00:00	dgx-spark-03	True	1	cmtpsaud71whj2auh0k27ynki
2026-09-09T13:14:09+00:00	dgx-spark-02	True	1	cmtsqj5lz5qd42auh8vvrfn03
2026-09-09T13:14:11+00:00	dgx-spark-04	True	0	cmtpeql4y1etk2auhbk9668ry
2026-09-09T13:14:11+00:00	dgx-spark-03	True	1	cmtpsaud71whj2auh0k27ynki
2026-09-09T13:14:11+00:00	dgx-spark-02	True	1	cmtsqj5lz5qd42auh8vvrfn03
2026-09-09T13:14:13+00:00	dgx-spark-04	True	1	cmtpeql4y1etk2auhbk9668ry
2026-09-09T13:14:13+00:00	dgx-spark-03	True	1	cmtpsaud71whj2auh0k27ynki
2026-09-09T13:14:13+00:00	dgx-spark-02	True	1	cmtsqj5lz5qd42auh8vvrfn03
2026-09-09T13:14:15+00:00	dgx-spark-04	True	1	cmtpeql4y1etk2auhbk9668ry
2026-09-09T13:14:15+00:00	dgx-spark-03	True	1	cmtpsaud71whj2auh0k27ynki
2026-09-09T13:14:15+00:00	dgx-spark-02	True	1	cmtsqj5lz5qd42auh8vvrfn03
2026-09-09T13:14:17+00:00	dgx-spark-04	True	1	cmtpeql4y1etk2auhbk9668ry
2026-09-09T13:14:17+00:00	dgx-spark-03	True	1	cmtpsaud71whj2auh0k27ynki
2026-09-09T13:14:17+00:00	dgx-spark-02	True	1	cmtsqj5lz5qd42auh8vvrfn03
2026-09-09T13:14:19+00:00	dgx-spark-04	True	1	cmtpeql4y1etk2auhbk9668ry
2026-09-09T13:14:19+00:00	dgx-spark-03	True	1	cmtpsaud71whj2auh0k27ynki
2026-09-09T13:14:19+00:00	dgx-spark-02	True	1	cmtsqj5lz5qd42auh8vvrfn03
2026-09-09T13:14:22+00:00	dgx-spark-04	True	1	cmtpeql4y1etk2auhbk9668ry
2026-09-09T13:14:22+00:00	dgx-spark-03	True	1	cmtpsaud71whj2auh0k27ynki
2026-09-09T13:14:22+00:00	dgx-spark-02	True	1	cmtsqj5lz5qd42auh8vvrfn03
2026-09-09T13:14:24+00:00	dgx-spark-04	True	1	cmtpeql4y1etk2auhbk9668ry
2026-09-09T13:14:24+00:00	dgx-spark-03	True	1	cmtpsaud71whj2auh0k27ynki
2026-09-09T13:14:24+00:00	dgx-spark-02	True	1	cmtsqj5lz5qd42auh8vvrfn03
2026-09-09T13:14:26+00:00	dgx-spark-04	True	1	cmtpeql4y1etk2auhbk9668ry
2026-09-09T13:14:26+00:00	dgx-spark-03	True	1	cmtpsaud71whj2auh0k27ynki
2026-09-09T13:14:26+00:00	dgx-spark-02	True	1	cmtsqj5lz5qd42auh8vvrfn03
2026-09-09T13:14:28+00:00	dgx-spark-04	True	1	cmtpeql4y1etk2auhbk9668ry
2026-09-09T13:14:28+00:00	dgx-spark-03	True	1	cmtpsaud71whj2auh0k27ynki
2026-09-09T13:14:28+00:00	dgx-spark-02	True	1	cmtsqj5lz5qd42auh8vvrfn03
2026-09-09T13:14:30+00:00	dgx-spark-04	True	1	cmtpeql4y1etk2auhbk9668ry
2026-09-09T13:14:30+00:00	dgx-spark-03	True	1	cmtpsaud71whj2auh0k27ynki
2026-09-09T13:14:30+00:00	dgx-spark-02	True	1	cmtsqj5lz5qd42auh8vvrfn03
2026-09-09T13:14:32+00:00	dgx-spark-04	True	1	cmtpeql4y1etk2auhbk9668ry
2026-09-09T13:14:32+00:00	dgx-spark-03	True	1	cmtpsaud71whj2auh0k27ynki
2026-09-09T13:14:32+00:00	dgx-spark-02	True	1	cmtsqj5lz5qd42auh8vvrfn03
2026-09-09T13:14:34+00:00	dgx-spark-04	True	1	cmtpeql4y1etk2auhbk9668ry
2026-09-09T13:14:34+00:00	dgx-spark-03	True	1	cmtpsaud71whj2auh0k27ynki
2026-09-09T13:14:34+00:00	dgx-spark-02	True	1	cmtsqj5lz5qd42auh8vvrfn03
2026-09-09T13:14:36+00:00	dgx-spark-04	True	1	cmtpeql4y1etk2auhbk9668ry
2026-09-09T13:14:36+00:00	dgx-spark-03	True	1	cmtpsaud71whj2auh0k27ynki
2026-09-09T13:14:36+00:00	dgx-spark-02	True	1	cmtsqj5lz5qd42auh8vvrfn03
2026-09-09T13:14:38+00:00	dgx-spark-04	True	1	cmtpeql4y1etk2auhbk9668ry
2026-09-09T13:14:38+00:00	dgx-spark-03	True	1	cmtpsaud71whj2auh0k27ynki
2026-09-09T13:14:38+00:00	dgx-spark-02	True	1	cmtsqj5lz5qd42auh8vvrfn03
2026-09-09T13:14:41+00:00	dgx-spark-04	True	1	cmtpeql4y1etk2auhbk9668ry
2026-09-09T13:14:41+00:00	dgx-spark-03	True	1	cmtpsaud71whj2auh0k27ynki
2026-09-09T13:14:41+00:00	dgx-spark-02	True	1	cmtsqj5lz5qd42auh8vvrfn03
2026-09-09T13:14:43+00:00	dgx-spark-04	True	1	cmtpeql4y1etk2auhbk9668ry
2026-09-09T13:14:43+00:00	dgx-spark-03	True	1	cmtpsaud71whj2auh0k27ynki
2026-09-09T13:14:43+00:00	dgx-spark-02	True	1	cmtsqj5lz5qd42auh8vvrfn03
2026-09-09T13:14:45+00:00	dgx-spark-04	True	1	cmtpeql4y1etk2auhbk9668ry
2026-09-09T13:14:45+00:00	dgx-spark-03	True	1	cmtpsaud71whj2auh0k27ynki
2026-09-09T13:14:45+00:00	dgx-spark-02	True	1	cmtsqj5lz5qd42auh8vvrfn03
2026-09-09T13:14:47+00:00	dgx-spark-04	True	1	cmtpeql4y1etk2auhbk9668ry
2026-09-09T13:14:47+00:00	dgx-spark-03	True	1	cmtpsaud71whj2auh0k27ynki
2026-09-09T13:14:47+00:00	dgx-spark-02	True	1	cmtsqj5lz5qd42auh8vvrfn03
2026-09-09T13:14:49+00:00	dgx-spark-04	True	1	cmtpeql4y1etk2auhbk9668ry
2026-09-09T13:14:49+00:00	dgx-spark-03	True	1	cmtpsaud71whj2auh0k27ynki
2026-09-09T13:14:49+00:00	dgx-spark-02	True	1	cmtsqj5lz5qd42auh8vvrfn03
2026-09-09T13:14:51+00:00	dgx-spark-04	True	1	cmtpeql4y1etk2auhbk9668ry
2026-09-09T13:14:51+00:00	dgx-spark-03	True	1	cmtpsaud71whj2auh0k27ynki
2026-09-09T13:14:51+00:00	dgx-spark-02	True	1	cmtsqj5lz5qd42auh8vvrfn03
2026-09-09T13:14:53+00:00	dgx-spark-04	True	1	cmtpeql4y1etk2auhbk9668ry
2026-09-09T13:14:53+00:00	dgx-spark-03	True	1	cmtpsaud71whj2auh0k27ynki
2026-09-09T13:14:53+00:00	dgx-spark-02	True	1	cmtsqj5lz5qd42auh8vvrfn03
2026-09-09T13:14:55+00:00	dgx-spark-04	True	1	cmtpeql4y1etk2auhbk9668ry
2026-09-09T13:14:55+00:00	dgx-spark-03	True	1	cmtpsaud71whj2auh0k27ynki
2026-09-09T13:14:55+00:00	dgx-spark-02	True	1	cmtsqj5lz5qd42auh8vvrfn03
2026-09-09T13:14:57+00:00	dgx-spark-04	True	1	cmtpeql4y1etk2auhbk9668ry
2026-09-09T13:14:57+00:00	dgx-spark-03	True	1	cmtpsaud71whj2auh0k27ynki
2026-09-09T13:14:57+00:00	dgx-spark-02	True	1	cmtsqj5lz5qd42auh8vvrfn03
2026-09-09T13:14:59+00:00	dgx-spark-04	True	1	cmtpeql4y1etk2auhbk9668ry
2026-09-09T13:14:59+00:00	dgx-spark-03	True	1	cmtpsaud71whj2auh0k27ynki
2026-09-09T13:14:59+00:00	dgx-spark-02	True	1	cmtsqj5lz5qd42auh8vvrfn03
2026-09-09T13:15:01+00:00	dgx-spark-04	True	1	cmtpeql4y1etk2auhbk9668ry
2026-09-09T13:15:01+00:00	dgx-spark-03	True	0	cmtpsaud71whj2auh0k27ynki
2026-09-09T13:15:01+00:00	dgx-spark-02	True	1	cmtsqj5lz5qd42auh8vvrfn03
2026-09-09T13:15:03+00:00	dgx-spark-04	True	1	cmtpeql4y1etk2auhbk9668ry
2026-09-09T13:15:03+00:00	dgx-spark-03	True	1	cmtpsaud71whj2auh0k27ynki
2026-09-09T13:15:03+00:00	dgx-spark-02	True	1	cmtsqj5lz5qd42auh8vvrfn03
2026-09-09T13:15:05+00:00	dgx-spark-04	True	1	cmtpeql4y1etk2auhbk9668ry
2026-09-09T13:15:05+00:00	dgx-spark-03	True	1	cmtpsaud71whj2auh0k27ynki
2026-09-09T13:15:05+00:00	dgx-spark-02	True	1	cmtsqj5lz5qd42auh8vvrfn03
2026-09-09T13:15:07+00:00	dgx-spark-04	True	1	cmtpeql4y1etk2auhbk9668ry
2026-09-09T13:15:07+00:00	dgx-spark-03	True	1	cmtpsaud71whj2auh0k27ynki
2026-09-09T13:15:07+00:00	dgx-spark-02	True	1	cmtsqj5lz5qd42auh8vvrfn03
2026-09-09T13:15:09+00:00	dgx-spark-04	True	1	cmtpeql4y1etk2auhbk9668ry
2026-09-09T13:15:09+00:00	dgx-spark-03	True	1	cmtpsaud71whj2auh0k27ynki
2026-09-09T13:15:09+00:00	dgx-spark-02	True	1	cmtsqj5lz5qd42auh8vvrfn03
2026-09-09T13:15:11+00:00	dgx-spark-04	True	1	cmtpeql4y1etk2auhbk9668ry
2026-09-09T13:15:11+00:00	dgx-spark-03	True	1	cmtpsaud71whj2auh0k27ynki
2026-09-09T13:15:11+00:00	dgx-spark-02	True	1	cmtsqj5lz5qd42auh8vvrfn03
2026-09-09T13:15:13+00:00	dgx-spark-04	True	1	cmtpeql4y1etk2auhbk9668ry
2026-09-09T13:15:13+00:00	dgx-spark-03	True	1	cmtpsaud71whj2auh0k27ynki
2026-09-09T13:15:13+00:00	dgx-spark-02	True	1	cmtsqj5lz5qd42auh8vvrfn03
2026-09-09T13:15:15+00:00	dgx-spark-04	True	1	cmtpeql4y1etk2auhbk9668ry
2026-09-09T13:15:15+00:00	dgx-spark-03	True	1	cmtpsaud71whj2auh0k27ynki
2026-09-09T13:15:15+00:00	dgx-spark-02	True	1	cmtsqj5lz5qd42auh8vvrfn03
2026-09-09T13:15:17+00:00	dgx-spark-04	True	1	cmtpeql4y1etk2auhbk9668ry
2026-09-09T13:15:17+00:00	dgx-spark-03	True	1	cmtpsaud71whj2auh0k27ynki
2026-09-09T13:15:17+00:00	dgx-spark-02	True	1	cmtsqj5lz5qd42auh8vvrfn03
2026-09-09T13:15:19+00:00	dgx-spark-04	True	1	cmtpeql4y1etk2auhbk9668ry
2026-09-09T13:15:19+00:00	dgx-spark-03	True	1	cmtpsaud71whj2auh0k27ynki
2026-09-09T13:15:19+00:00	dgx-spark-02	True	1	cmtsqj5lz5qd42auh8vvrfn03
2026-09-09T13:15:21+00:00	dgx-spark-04	True	1	cmtpeql4y1etk2auhbk9668ry
2026-09-09T13:15:21+00:00	dgx-spark-03	True	1	cmtpsaud71whj2auh0k27ynki
2026-09-09T13:15:21+00:00	dgx-spark-02	True	1	cmtsqj5lz5qd42auh8vvrfn03
2026-09-09T13:15:23+00:00	dgx-spark-04	True	1	cmtpeql4y1etk2auhbk9668ry
2026-09-09T13:15:23+00:00	dgx-spark-03	True	1	cmtpsaud71whj2auh0k27ynki
2026-09-09T13:15:23+00:00	dgx-spark-02	True	1	cmtsqj5lz5qd42auh8vvrfn03
2026-09-09T13:15:25+00:00	dgx-spark-04	True	1	cmtpeql4y1etk2auhbk9668ry
2026-09-09T13:15:25+00:00	dgx-spark-03	True	1	cmtpsaud71whj2auh0k27ynki
2026-09-09T13:15:25+00:00	dgx-spark-02	True	1	cmtsqj5lz5qd42auh8vvrfn03
2026-09-09T13:15:27+00:00	dgx-spark-04	True	1	cmtpeql4y1etk2auhbk9668ry
2026-09-09T13:15:27+00:00	dgx-spark-03	True	1	cmtpsaud71whj2auh0k27ynki
2026-09-09T13:15:27+00:00	dgx-spark-02	True	1	cmtsqj5lz5qd42auh8vvrfn03
2026-09-09T13:15:29+00:00	dgx-spark-04	True	1	cmtpeql4y1etk2auhbk9668ry
2026-09-09T13:15:29+00:00	dgx-spark-03	True	1	cmtpsaud71whj2auh0k27ynki
2026-09-09T13:15:29+00:00	dgx-spark-02	True	1	cmtsqj5lz5qd42auh8vvrfn03
2026-09-09T13:15:31+00:00	dgx-spark-04	True	1	cmtpeql4y1etk2auhbk9668ry
2026-09-09T13:15:31+00:00	dgx-spark-03	True	1	cmtpsaud71whj2auh0k27ynki
2026-09-09T13:15:31+00:00	dgx-spark-02	True	1	cmtsqj5lz5qd42auh8vvrfn03
2026-09-09T13:15:33+00:00	dgx-spark-04	True	1	cmtpeql4y1etk2auhbk9668ry
2026-09-09T13:15:33+00:00	dgx-spark-03	True	1	cmtpsaud71whj2auh0k27ynki
2026-09-09T13:15:33+00:00	dgx-spark-02	True	1	cmtsqj5lz5qd42auh8vvrfn03
2026-09-09T13:15:35+00:00	dgx-spark-04	True	1	cmtpeql4y1etk2auhbk9668ry
2026-09-09T13:15:35+00:00	dgx-spark-03	True	1	cmtpsaud71whj2auh0k27ynki
2026-09-09T13:15:35+00:00	dgx-spark-02	True	1	cmtsqj5lz5qd42auh8vvrfn03
2026-09-09T13:15:37+00:00	dgx-spark-04	True	1	cmtpeql4y1etk2auhbk9668ry
2026-09-09T13:15:37+00:00	dgx-spark-03	True	1	cmtpsaud71whj2auh0k27ynki
2026-09-09T13:15:37+00:00	dgx-spark-02	True	1	cmtsqj5lz5qd42auh8vvrfn03
2026-09-09T13:15:39+00:00	dgx-spark-04	True	1	cmtpeql4y1etk2auhbk9668ry
2026-09-09T13:15:39+00:00	dgx-spark-03	True	1	cmtpsaud71whj2auh0k27ynki
2026-09-09T13:15:39+00:00	dgx-spark-02	True	1	cmtsqj5lz5qd42auh8vvrfn03
2026-09-09T13:15:41+00:00	dgx-spark-04	True	1	cmtpeql4y1etk2auhbk9668ry
2026-09-09T13:15:41+00:00	dgx-spark-03	True	1	cmtpsaud71whj2auh0k27ynki
2026-09-09T13:15:41+00:00	dgx-spark-02	True	1	cmtsqj5lz5qd42auh8vvrfn03
2026-09-09T13:15:43+00:00	dgx-spark-04	True	1	cmtpeql4y1etk2auhbk9668ry
2026-09-09T13:15:43+00:00	dgx-spark-03	True	1	cmtpsaud71whj2auh0k27ynki
2026-09-09T13:15:43+00:00	dgx-spark-02	True	1	cmtsqj5lz5qd42auh8vvrfn03
2026-09-09T13:15:45+00:00	dgx-spark-04	True	1	cmtpeql4y1etk2auhbk9668ry
2026-09-09T13:15:45+00:00	dgx-spark-03	True	1	cmtpsaud71whj2auh0k27ynki
2026-09-09T13:15:45+00:00	dgx-spark-02	True	1	cmtsqj5lz5qd42auh8vvrfn03
2026-09-09T13:15:47+00:00	dgx-spark-04	True	1	cmtpeql4y1etk2auhbk9668ry
2026-09-09T13:15:47+00:00	dgx-spark-03	True	1	cmtpsaud71whj2auh0k27ynki
2026-09-09T13:15:47+00:00	dgx-spark-02	True	1	cmtsqj5lz5qd42auh8vvrfn03
2026-09-09T13:15:49+00:00	dgx-spark-04	True	1	cmtpeql4y1etk2auhbk9668ry
2026-09-09T13:15:49+00:00	dgx-spark-03	True	1	cmtpsaud71whj2auh0k27ynki
2026-09-09T13:15:49+00:00	dgx-spark-02	True	1	cmtsqj5lz5qd42auh8vvrfn03
2026-09-09T13:15:51+00:00	dgx-spark-04	True	1	cmtpeql4y1etk2auhbk9668ry
2026-09-09T13:15:51+00:00	dgx-spark-03	True	1	cmtpsaud71whj2auh0k27ynki
2026-09-09T13:15:51+00:00	dgx-spark-02	True	1	cmtsqj5lz5qd42auh8vvrfn03
2026-09-09T13:15:53+00:00	dgx-spark-04	True	1	cmtpeql4y1etk2auhbk9668ry
2026-09-09T13:15:53+00:00	dgx-spark-03	True	1	cmtpsaud71whj2auh0k27ynki
2026-09-09T13:15:53+00:00	dgx-spark-02	True	1	cmtsqj5lz5qd42auh8vvrfn03
2026-09-09T13:15:55+00:00	dgx-spark-04	True	1	cmtpeql4y1etk2auhbk9668ry
2026-09-09T13:15:55+00:00	dgx-spark-03	True	1	cmtpsaud71whj2auh0k27ynki
2026-09-09T13:15:55+00:00	dgx-spark-02	True	1	cmtsqj5lz5qd42auh8vvrfn03
2026-09-09T13:15:57+00:00	dgx-spark-04	True	1	cmtpeql4y1etk2auhbk9668ry
2026-09-09T13:15:57+00:00	dgx-spark-03	True	1	cmtpsaud71whj2auh0k27ynki
2026-09-09T13:15:57+00:00	dgx-spark-02	True	1	cmtsqj5lz5qd42auh8vvrfn03
2026-09-09T13:15:59+00:00	dgx-spark-04	True	1	cmtpeql4y1etk2auhbk9668ry
2026-09-09T13:15:59+00:00	dgx-spark-03	True	1	cmtpsaud71whj2auh0k27ynki
2026-09-09T13:15:59+00:00	dgx-spark-02	True	1	cmtsqj5lz5qd42auh8vvrfn03
2026-09-09T13:16:01+00:00	dgx-spark-04	True	1	cmtpeql4y1etk2auhbk9668ry
2026-09-09T13:16:01+00:00	dgx-spark-03	True	1	cmtpsaud71whj2auh0k27ynki
2026-09-09T13:16:01+00:00	dgx-spark-02	True	1	cmtsqj5lz5qd42auh8vvrfn03
2026-09-09T13:16:04+00:00	dgx-spark-04	True	1	cmtpeql4y1etk2auhbk9668ry
2026-09-09T13:16:04+00:00	dgx-spark-03	True	1	cmtpsaud71whj2auh0k27ynki
2026-09-09T13:16:04+00:00	dgx-spark-02	True	1	cmtsqj5lz5qd42auh8vvrfn03
2026-09-09T13:16:06+00:00	dgx-spark-04	True	1	cmtpeql4y1etk2auhbk9668ry
2026-09-09T13:16:06+00:00	dgx-spark-03	True	1	cmtpsaud71whj2auh0k27ynki
2026-09-09T13:16:06+00:00	dgx-spark-02	True	1	cmtsqj5lz5qd42auh8vvrfn03
2026-09-09T13:16:08+00:00	dgx-spark-04	True	1	cmtpeql4y1etk2auhbk9668ry
2026-09-09T13:16:08+00:00	dgx-spark-03	True	1	cmtpsaud71whj2auh0k27ynki
2026-09-09T13:16:08+00:00	dgx-spark-02	True	1	cmtsqj5lz5qd42auh8vvrfn03
2026-09-09T13:16:10+00:00	dgx-spark-04	True	1	cmtpeql4y1etk2auhbk9668ry
2026-09-09T13:16:10+00:00	dgx-spark-03	True	1	cmtpsaud71whj2auh0k27ynki
2026-09-09T13:16:10+00:00	dgx-spark-02	True	1	cmtsqj5lz5qd42auh8vvrfn03
2026-09-09T13:16:12+00:00	dgx-spark-04	True	1	cmtpeql4y1etk2auhbk9668ry
2026-09-09T13:16:12+00:00	dgx-spark-03	True	1	cmtpsaud71whj2auh0k27ynki
2026-09-09T13:16:12+00:00	dgx-spark-02	True	1	cmtsqj5lz5qd42auh8vvrfn03
2026-09-09T13:16:14+00:00	dgx-spark-04	True	1	cmtpeql4y1etk2auhbk9668ry
2026-09-09T13:16:14+00:00	dgx-spark-03	True	1	cmtpsaud71whj2auh0k27ynki
2026-09-09T13:16:14+00:00	dgx-spark-02	True	1	cmtsqj5lz5qd42auh8vvrfn03
2026-09-09T13:16:16+00:00	dgx-spark-04	True	1	cmtpeql4y1etk2auhbk9668ry
2026-09-09T13:16:16+00:00	dgx-spark-03	True	1	cmtpsaud71whj2auh0k27ynki
2026-09-09T13:16:16+00:00	dgx-spark-02	True	1	cmtsqj5lz5qd42auh8vvrfn03
2026-09-09T13:16:18+00:00	dgx-spark-04	True	1	cmtpeql4y1etk2auhbk9668ry
2026-09-09T13:16:18+00:00	dgx-spark-03	True	1	cmtpsaud71whj2auh0k27ynki
2026-09-09T13:16:18+00:00	dgx-spark-02	True	1	cmtsqj5lz5qd42auh8vvrfn03
2026-09-09T13:16:20+00:00	dgx-spark-04	True	1	cmtpeql4y1etk2auhbk9668ry
2026-09-09T13:16:20+00:00	dgx-spark-03	True	1	cmtpsaud71whj2auh0k27ynki
2026-09-09T13:16:20+00:00	dgx-spark-02	True	1	cmtsqj5lz5qd42auh8vvrfn03
2026-09-09T13:16:22+00:00	dgx-spark-04	True	1	cmtpeql4y1etk2auhbk9668ry
2026-09-09T13:16:22+00:00	dgx-spark-03	True	1	cmtpsaud71whj2auh0k27ynki
2026-09-09T13:16:22+00:00	dgx-spark-02	True	1	cmtsqj5lz5qd42auh8vvrfn03
2026-09-09T13:16:24+00:00	dgx-spark-04	True	1	cmtpeql4y1etk2auhbk9668ry
2026-09-09T13:16:24+00:00	dgx-spark-03	True	1	cmtpsaud71whj2auh0k27ynki
2026-09-09T13:16:24+00:00	dgx-spark-02	True	1	cmtsqj5lz5qd42auh8vvrfn03
2026-09-09T13:16:26+00:00	dgx-spark-04	True	1	cmtpeql4y1etk2auhbk9668ry
2026-09-09T13:16:26+00:00	dgx-spark-03	True	1	cmtpsaud71whj2auh0k27ynki
2026-09-09T13:16:26+00:00	dgx-spark-02	True	1	cmtsqj5lz5qd42auh8vvrfn03
2026-09-09T13:16:28+00:00	dgx-spark-04	True	1	cmtpeql4y1etk2auhbk9668ry
2026-09-09T13:16:28+00:00	dgx-spark-03	True	1	cmtpsaud71whj2auh0k27ynki
2026-09-09T13:16:28+00:00	dgx-spark-02	True	1	cmtsqj5lz5qd42auh8vvrfn03
2026-09-09T13:16:30+00:00	dgx-spark-04	True	1	cmtpeql4y1etk2auhbk9668ry
2026-09-09T13:16:30+00:00	dgx-spark-03	True	1	cmtpsaud71whj2auh0k27ynki
2026-09-09T13:16:30+00:00	dgx-spark-02	True	1	cmtsqj5lz5qd42auh8vvrfn03
2026-09-09T13:16:32+00:00	dgx-spark-04	True	1	cmtpeql4y1etk2auhbk9668ry
2026-09-09T13:16:32+00:00	dgx-spark-03	True	1	cmtpsaud71whj2auh0k27ynki
2026-09-09T13:16:32+00:00	dgx-spark-02	True	1	cmtsqj5lz5qd42auh8vvrfn03
2026-09-09T13:16:34+00:00	dgx-spark-04	True	1	cmtpeql4y1etk2auhbk9668ry
2026-09-09T13:16:34+00:00	dgx-spark-03	True	1	cmtpsaud71whj2auh0k27ynki
2026-09-09T13:16:34+00:00	dgx-spark-02	True	1	cmtsqj5lz5qd42auh8vvrfn03
2026-09-09T13:16:36+00:00	dgx-spark-04	True	1	cmtpeql4y1etk2auhbk9668ry
2026-09-09T13:16:36+00:00	dgx-spark-03	True	1	cmtpsaud71whj2auh0k27ynki
2026-09-09T13:16:36+00:00	dgx-spark-02	True	1	cmtsqj5lz5qd42auh8vvrfn03
2026-09-09T13:16:38+00:00	dgx-spark-04	True	1	cmtpeql4y1etk2auhbk9668ry
2026-09-09T13:16:38+00:00	dgx-spark-03	True	1	cmtpsaud71whj2auh0k27ynki
2026-09-09T13:16:38+00:00	dgx-spark-02	True	1	cmtsqj5lz5qd42auh8vvrfn03
2026-09-09T13:16:40+00:00	dgx-spark-04	True	1	cmtpeql4y1etk2auhbk9668ry
2026-09-09T13:16:40+00:00	dgx-spark-03	True	1	cmtpsaud71whj2auh0k27ynki
2026-09-09T13:16:40+00:00	dgx-spark-02	True	1	cmtsqj5lz5qd42auh8vvrfn03
2026-09-09T13:16:42+00:00	dgx-spark-04	True	1	cmtpeql4y1etk2auhbk9668ry
2026-09-09T13:16:42+00:00	dgx-spark-03	True	1	cmtpsaud71whj2auh0k27ynki
2026-09-09T13:16:42+00:00	dgx-spark-02	True	1	cmtsqj5lz5qd42auh8vvrfn03
2026-09-09T13:16:44+00:00	dgx-spark-04	True	1	cmtpeql4y1etk2auhbk9668ry
2026-09-09T13:16:44+00:00	dgx-spark-03	True	1	cmtpsaud71whj2auh0k27ynki
2026-09-09T13:16:44+00:00	dgx-spark-02	True	1	cmtsqj5lz5qd42auh8vvrfn03
2026-09-09T13:16:46+00:00	dgx-spark-04	True	1	cmtpeql4y1etk2auhbk9668ry
2026-09-09T13:16:46+00:00	dgx-spark-03	True	1	cmtpsaud71whj2auh0k27ynki
2026-09-09T13:16:46+00:00	dgx-spark-02	True	1	cmtsqj5lz5qd42auh8vvrfn03
2026-09-09T13:16:48+00:00	dgx-spark-04	True	1	cmtpeql4y1etk2auhbk9668ry
2026-09-09T13:16:48+00:00	dgx-spark-03	True	1	cmtpsaud71whj2auh0k27ynki
2026-09-09T13:16:48+00:00	dgx-spark-02	True	1	cmtsqj5lz5qd42auh8vvrfn03
2026-09-09T13:16:50+00:00	dgx-spark-04	True	1	cmtpeql4y1etk2auhbk9668ry
2026-09-09T13:16:50+00:00	dgx-spark-03	True	1	cmtpsaud71whj2auh0k27ynki
2026-09-09T13:16:50+00:00	dgx-spark-02	True	1	cmtsqj5lz5qd42auh8vvrfn03
2026-09-09T13:16:52+00:00	dgx-spark-04	True	1	cmtpeql4y1etk2auhbk9668ry
2026-09-09T13:16:52+00:00	dgx-spark-03	True	1	cmtpsaud71whj2auh0k27ynki
2026-09-09T13:16:52+00:00	dgx-spark-02	True	1	cmtsqj5lz5qd42auh8vvrfn03
2026-09-09T13:16:54+00:00	dgx-spark-04	True	1	cmtpeql4y1etk2auhbk9668ry
2026-09-09T13:16:54+00:00	dgx-spark-03	True	1	cmtpsaud71whj2auh0k27ynki
2026-09-09T13:16:54+00:00	dgx-spark-02	True	1	cmtsqj5lz5qd42auh8vvrfn03
2026-09-09T13:16:56+00:00	dgx-spark-04	True	1	cmtpeql4y1etk2auhbk9668ry
2026-09-09T13:16:56+00:00	dgx-spark-03	True	1	cmtpsaud71whj2auh0k27ynki
2026-09-09T13:16:56+00:00	dgx-spark-02	True	1	cmtsqj5lz5qd42auh8vvrfn03
2026-09-09T13:16:58+00:00	dgx-spark-04	True	1	cmtpeql4y1etk2auhbk9668ry
2026-09-09T13:16:58+00:00	dgx-spark-03	True	1	cmtpsaud71whj2auh0k27ynki
2026-09-09T13:16:58+00:00	dgx-spark-02	True	1	cmtsqj5lz5qd42auh8vvrfn03
2026-09-09T13:17:00+00:00	dgx-spark-04	True	1	cmtpeql4y1etk2auhbk9668ry
2026-09-09T13:17:00+00:00	dgx-spark-03	True	1	cmtpsaud71whj2auh0k27ynki
2026-09-09T13:17:00+00:00	dgx-spark-02	True	1	cmtsqj5lz5qd42auh8vvrfn03
2026-09-09T13:17:02+00:00	dgx-spark-04	True	1	cmtpeql4y1etk2auhbk9668ry
2026-09-09T13:17:02+00:00	dgx-spark-03	True	1	cmtpsaud71whj2auh0k27ynki
2026-09-09T13:17:02+00:00	dgx-spark-02	True	1	cmtsqj5lz5qd42auh8vvrfn03
2026-09-09T13:17:04+00:00	dgx-spark-04	True	1	cmtpeql4y1etk2auhbk9668ry
2026-09-09T13:17:04+00:00	dgx-spark-03	True	1	cmtpsaud71whj2auh0k27ynki
2026-09-09T13:17:04+00:00	dgx-spark-02	True	1	cmtsqj5lz5qd42auh8vvrfn03
2026-09-09T13:17:06+00:00	dgx-spark-04	True	1	cmtpeql4y1etk2auhbk9668ry
2026-09-09T13:17:06+00:00	dgx-spark-03	True	1	cmtpsaud71whj2auh0k27ynki
2026-09-09T13:17:06+00:00	dgx-spark-02	True	1	cmtsqj5lz5qd42auh8vvrfn03
2026-09-09T13:17:08+00:00	dgx-spark-04	True	1	cmtpeql4y1etk2auhbk9668ry
2026-09-09T13:17:08+00:00	dgx-spark-03	True	1	cmtpsaud71whj2auh0k27ynki
2026-09-09T13:17:08+00:00	dgx-spark-02	True	1	cmtsqj5lz5qd42auh8vvrfn03
2026-09-09T13:17:10+00:00	dgx-spark-04	True	1	cmtpeql4y1etk2auhbk9668ry
2026-09-09T13:17:10+00:00	dgx-spark-03	True	1	cmtpsaud71whj2auh0k27ynki
2026-09-09T13:17:10+00:00	dgx-spark-02	True	1	cmtsqj5lz5qd42auh8vvrfn03
2026-09-09T13:17:12+00:00	dgx-spark-04	True	1	cmtpeql4y1etk2auhbk9668ry
2026-09-09T13:17:12+00:00	dgx-spark-03	True	1	cmtpsaud71whj2auh0k27ynki
2026-09-09T13:17:12+00:00	dgx-spark-02	True	1	cmtsqj5lz5qd42auh8vvrfn03
2026-09-09T13:17:14+00:00	dgx-spark-04	True	1	cmtpeql4y1etk2auhbk9668ry
2026-09-09T13:17:14+00:00	dgx-spark-03	True	1	cmtpsaud71whj2auh0k27ynki
2026-09-09T13:17:14+00:00	dgx-spark-02	True	1	cmtsqj5lz5qd42auh8vvrfn03
2026-09-09T13:17:16+00:00	dgx-spark-04	True	1	cmtpeql4y1etk2auhbk9668ry
2026-09-09T13:17:16+00:00	dgx-spark-03	True	1	cmtpsaud71whj2auh0k27ynki
2026-09-09T13:17:16+00:00	dgx-spark-02	True	1	cmtsqj5lz5qd42auh8vvrfn03
2026-09-09T13:17:18+00:00	dgx-spark-04	True	1	cmtpeql4y1etk2auhbk9668ry
2026-09-09T13:17:18+00:00	dgx-spark-03	True	1	cmtpsaud71whj2auh0k27ynki
2026-09-09T13:17:18+00:00	dgx-spark-02	True	1	cmtsqj5lz5qd42auh8vvrfn03
2026-09-09T13:17:20+00:00	dgx-spark-04	True	1	cmtpeql4y1etk2auhbk9668ry
2026-09-09T13:17:20+00:00	dgx-spark-03	True	1	cmtpsaud71whj2auh0k27ynki
2026-09-09T13:17:20+00:00	dgx-spark-02	True	1	cmtsqj5lz5qd42auh8vvrfn03
2026-09-09T13:17:22+00:00	dgx-spark-04	True	1	cmtpeql4y1etk2auhbk9668ry
2026-09-09T13:17:22+00:00	dgx-spark-03	True	1	cmtpsaud71whj2auh0k27ynki
2026-09-09T13:17:22+00:00	dgx-spark-02	True	1	cmtsqj5lz5qd42auh8vvrfn03
2026-09-09T13:17:24+00:00	dgx-spark-04	True	1	cmtpeql4y1etk2auhbk9668ry
2026-09-09T13:17:24+00:00	dgx-spark-03	True	1	cmtpsaud71whj2auh0k27ynki
2026-09-09T13:17:24+00:00	dgx-spark-02	True	1	cmtsqj5lz5qd42auh8vvrfn03
2026-09-09T13:17:26+00:00	dgx-spark-04	True	1	cmtpeql4y1etk2auhbk9668ry
2026-09-09T13:17:26+00:00	dgx-spark-03	True	1	cmtpsaud71whj2auh0k27ynki
2026-09-09T13:17:26+00:00	dgx-spark-02	True	1	cmtsqj5lz5qd42auh8vvrfn03
2026-09-09T13:17:28+00:00	dgx-spark-04	True	1	cmtpeql4y1etk2auhbk9668ry
2026-09-09T13:17:28+00:00	dgx-spark-03	True	1	cmtpsaud71whj2auh0k27ynki
2026-09-09T13:17:28+00:00	dgx-spark-02	True	1	cmtsqj5lz5qd42auh8vvrfn03
2026-09-09T13:17:30+00:00	dgx-spark-04	True	1	cmtpeql4y1etk2auhbk9668ry
2026-09-09T13:17:30+00:00	dgx-spark-03	True	1	cmtpsaud71whj2auh0k27ynki
2026-09-09T13:17:30+00:00	dgx-spark-02	True	1	cmtsqj5lz5qd42auh8vvrfn03
2026-09-09T13:17:32+00:00	dgx-spark-04	True	1	cmtpeql4y1etk2auhbk9668ry
2026-09-09T13:17:32+00:00	dgx-spark-03	True	1	cmtpsaud71whj2auh0k27ynki
2026-09-09T13:17:32+00:00	dgx-spark-02	True	1	cmtsqj5lz5qd42auh8vvrfn03
2026-09-09T13:17:34+00:00	dgx-spark-04	True	1	cmtpeql4y1etk2auhbk9668ry
2026-09-09T13:17:34+00:00	dgx-spark-03	True	1	cmtpsaud71whj2auh0k27ynki
2026-09-09T13:17:34+00:00	dgx-spark-02	True	1	cmtsqj5lz5qd42auh8vvrfn03
2026-09-09T13:17:36+00:00	dgx-spark-04	True	1	cmtpeql4y1etk2auhbk9668ry
2026-09-09T13:17:36+00:00	dgx-spark-03	True	1	cmtpsaud71whj2auh0k27ynki
2026-09-09T13:17:36+00:00	dgx-spark-02	True	1	cmtsqj5lz5qd42auh8vvrfn03
2026-09-09T13:17:38+00:00	dgx-spark-04	True	1	cmtpeql4y1etk2auhbk9668ry
2026-09-09T13:17:38+00:00	dgx-spark-03	True	1	cmtpsaud71whj2auh0k27ynki
2026-09-09T13:17:38+00:00	dgx-spark-02	True	1	cmtsqj5lz5qd42auh8vvrfn03
2026-09-09T13:17:40+00:00	dgx-spark-04	True	1	cmtpeql4y1etk2auhbk9668ry
2026-09-09T13:17:40+00:00	dgx-spark-03	True	1	cmtpsaud71whj2auh0k27ynki
2026-09-09T13:17:40+00:00	dgx-spark-02	True	1	cmtsqj5lz5qd42auh8vvrfn03
2026-09-09T13:17:42+00:00	dgx-spark-04	True	1	cmtpeql4y1etk2auhbk9668ry
2026-09-09T13:17:42+00:00	dgx-spark-03	True	1	cmtpsaud71whj2auh0k27ynki
2026-09-09T13:17:42+00:00	dgx-spark-02	True	1	cmtsqj5lz5qd42auh8vvrfn03
2026-09-09T13:17:44+00:00	dgx-spark-04	True	1	cmtpeql4y1etk2auhbk9668ry
2026-09-09T13:17:44+00:00	dgx-spark-03	True	1	cmtpsaud71whj2auh0k27ynki
2026-09-09T13:17:44+00:00	dgx-spark-02	True	1	cmtsqj5lz5qd42auh8vvrfn03
2026-09-09T13:17:46+00:00	dgx-spark-04	True	1	cmtpeql4y1etk2auhbk9668ry
2026-09-09T13:17:46+00:00	dgx-spark-03	True	1	cmtpsaud71whj2auh0k27ynki
2026-09-09T13:17:46+00:00	dgx-spark-02	True	1	cmtsqj5lz5qd42auh8vvrfn03
2026-09-09T13:17:48+00:00	dgx-spark-04	True	1	cmtpeql4y1etk2auhbk9668ry
2026-09-09T13:17:48+00:00	dgx-spark-03	True	1	cmtpsaud71whj2auh0k27ynki
2026-09-09T13:17:48+00:00	dgx-spark-02	True	1	cmtsqj5lz5qd42auh8vvrfn03
2026-09-09T13:17:50+00:00	dgx-spark-04	True	1	cmtpeql4y1etk2auhbk9668ry
2026-09-09T13:17:50+00:00	dgx-spark-03	True	0	cmtpsaud71whj2auh0k27ynki
2026-09-09T13:17:50+00:00	dgx-spark-02	True	1	cmtsqj5lz5qd42auh8vvrfn03
2026-09-09T13:17:52+00:00	dgx-spark-04	True	1	cmtpeql4y1etk2auhbk9668ry
2026-09-09T13:17:52+00:00	dgx-spark-03	True	1	cmtpsaud71whj2auh0k27ynki
2026-09-09T13:17:52+00:00	dgx-spark-02	True	1	cmtsqj5lz5qd42auh8vvrfn03
2026-09-09T13:17:54+00:00	dgx-spark-04	True	1	cmtpeql4y1etk2auhbk9668ry
2026-09-09T13:17:54+00:00	dgx-spark-03	True	1	cmtpsaud71whj2auh0k27ynki
2026-09-09T13:17:54+00:00	dgx-spark-02	True	1	cmtsqj5lz5qd42auh8vvrfn03
2026-09-09T13:17:57+00:00	dgx-spark-04	True	1	cmtpeql4y1etk2auhbk9668ry
2026-09-09T13:17:57+00:00	dgx-spark-03	True	1	cmtpsaud71whj2auh0k27ynki
2026-09-09T13:17:57+00:00	dgx-spark-02	True	1	cmtsqj5lz5qd42auh8vvrfn03
2026-09-09T13:17:59+00:00	dgx-spark-04	True	1	cmtpeql4y1etk2auhbk9668ry
2026-09-09T13:17:59+00:00	dgx-spark-03	True	1	cmtpsaud71whj2auh0k27ynki
2026-09-09T13:17:59+00:00	dgx-spark-02	True	1	cmtsqj5lz5qd42auh8vvrfn03
2026-09-09T13:18:01+00:00	dgx-spark-04	True	1	cmtpeql4y1etk2auhbk9668ry
2026-09-09T13:18:01+00:00	dgx-spark-03	True	1	cmtpsaud71whj2auh0k27ynki
2026-09-09T13:18:01+00:00	dgx-spark-02	True	1	cmtsqj5lz5qd42auh8vvrfn03
2026-09-09T13:18:03+00:00	dgx-spark-04	True	1	cmtpeql4y1etk2auhbk9668ry
2026-09-09T13:18:03+00:00	dgx-spark-03	True	1	cmtpsaud71whj2auh0k27ynki
2026-09-09T13:18:03+00:00	dgx-spark-02	True	1	cmtsqj5lz5qd42auh8vvrfn03
2026-09-09T13:18:05+00:00	dgx-spark-04	True	1	cmtpeql4y1etk2auhbk9668ry
2026-09-09T13:18:05+00:00	dgx-spark-03	True	1	cmtpsaud71whj2auh0k27ynki
2026-09-09T13:18:05+00:00	dgx-spark-02	True	1	cmtsqj5lz5qd42auh8vvrfn03
2026-09-09T13:18:07+00:00	dgx-spark-04	True	1	cmtpeql4y1etk2auhbk9668ry
2026-09-09T13:18:07+00:00	dgx-spark-03	True	1	cmtpsaud71whj2auh0k27ynki
2026-09-09T13:18:07+00:00	dgx-spark-02	True	1	cmtsqj5lz5qd42auh8vvrfn03
2026-09-09T13:18:09+00:00	dgx-spark-04	True	1	cmtpeql4y1etk2auhbk9668ry
2026-09-09T13:18:09+00:00	dgx-spark-03	True	1	cmtpsaud71whj2auh0k27ynki
2026-09-09T13:18:09+00:00	dgx-spark-02	True	1	cmtsqj5lz5qd42auh8vvrfn03
2026-09-09T13:18:11+00:00	dgx-spark-04	True	1	cmtpeql4y1etk2auhbk9668ry
2026-09-09T13:18:11+00:00	dgx-spark-03	True	1	cmtpsaud71whj2auh0k27ynki
2026-09-09T13:18:11+00:00	dgx-spark-02	True	1	cmtsqj5lz5qd42auh8vvrfn03
2026-09-09T13:18:13+00:00	dgx-spark-04	True	1	cmtpeql4y1etk2auhbk9668ry
2026-09-09T13:18:13+00:00	dgx-spark-03	True	1	cmtpsaud71whj2auh0k27ynki
2026-09-09T13:18:13+00:00	dgx-spark-02	True	1	cmtsqj5lz5qd42auh8vvrfn03
2026-09-09T13:18:15+00:00	dgx-spark-04	True	1	cmtpeql4y1etk2auhbk9668ry
2026-09-09T13:18:15+00:00	dgx-spark-03	True	1	cmtpsaud71whj2auh0k27ynki
2026-09-09T13:18:15+00:00	dgx-spark-02	True	1	cmtsqj5lz5qd42auh8vvrfn03
2026-09-09T13:18:17+00:00	dgx-spark-04	True	1	cmtpeql4y1etk2auhbk9668ry
2026-09-09T13:18:17+00:00	dgx-spark-03	True	1	cmtpsaud71whj2auh0k27ynki
2026-09-09T13:18:17+00:00	dgx-spark-02	True	1	cmtsqj5lz5qd42auh8vvrfn03
2026-09-09T13:18:19+00:00	dgx-spark-04	True	1	cmtpeql4y1etk2auhbk9668ry
2026-09-09T13:18:19+00:00	dgx-spark-03	True	1	cmtpsaud71whj2auh0k27ynki
2026-09-09T13:18:19+00:00	dgx-spark-02	True	1	cmtsqj5lz5qd42auh8vvrfn03
2026-09-09T13:18:21+00:00	dgx-spark-04	True	1	cmtpeql4y1etk2auhbk9668ry
2026-09-09T13:18:21+00:00	dgx-spark-03	True	1	cmtpsaud71whj2auh0k27ynki
2026-09-09T13:18:21+00:00	dgx-spark-02	True	1	cmtsqj5lz5qd42auh8vvrfn03
2026-09-09T13:18:23+00:00	dgx-spark-04	True	1	cmtpeql4y1etk2auhbk9668ry
2026-09-09T13:18:23+00:00	dgx-spark-03	True	1	cmtpsaud71whj2auh0k27ynki
2026-09-09T13:18:23+00:00	dgx-spark-02	True	1	cmtsqj5lz5qd42auh8vvrfn03
2026-09-09T13:18:25+00:00	dgx-spark-04	True	1	cmtpeql4y1etk2auhbk9668ry
2026-09-09T13:18:25+00:00	dgx-spark-03	True	1	cmtpsaud71whj2auh0k27ynki
2026-09-09T13:18:25+00:00	dgx-spark-02	True	1	cmtsqj5lz5qd42auh8vvrfn03
2026-09-09T13:18:27+00:00	dgx-spark-04	True	1	cmtpeql4y1etk2auhbk9668ry
2026-09-09T13:18:27+00:00	dgx-spark-03	True	1	cmtpsaud71whj2auh0k27ynki
2026-09-09T13:18:27+00:00	dgx-spark-02	True	1	cmtsqj5lz5qd42auh8vvrfn03
2026-09-09T13:18:29+00:00	dgx-spark-04	True	1	cmtpeql4y1etk2auhbk9668ry
2026-09-09T13:18:29+00:00	dgx-spark-03	True	1	cmtpsaud71whj2auh0k27ynki
2026-09-09T13:18:29+00:00	dgx-spark-02	True	1	cmtsqj5lz5qd42auh8vvrfn03
2026-09-09T13:18:31+00:00	dgx-spark-04	True	1	cmtpeql4y1etk2auhbk9668ry
2026-09-09T13:18:31+00:00	dgx-spark-03	True	1	cmtpsaud71whj2auh0k27ynki
2026-09-09T13:18:31+00:00	dgx-spark-02	True	1	cmtsqj5lz5qd42auh8vvrfn03
2026-09-09T13:18:33+00:00	dgx-spark-04	True	1	cmtpeql4y1etk2auhbk9668ry
2026-09-09T13:18:33+00:00	dgx-spark-03	True	1	cmtpsaud71whj2auh0k27ynki
2026-09-09T13:18:33+00:00	dgx-spark-02	True	1	cmtsqj5lz5qd42auh8vvrfn03
2026-09-09T13:18:35+00:00	dgx-spark-04	True	1	cmtpeql4y1etk2auhbk9668ry
2026-09-09T13:18:35+00:00	dgx-spark-03	True	1	cmtpsaud71whj2auh0k27ynki
2026-09-09T13:18:35+00:00	dgx-spark-02	True	1	cmtsqj5lz5qd42auh8vvrfn03
2026-09-09T13:18:37+00:00	dgx-spark-04	True	1	cmtpeql4y1etk2auhbk9668ry
2026-09-09T13:18:37+00:00	dgx-spark-03	True	1	cmtpsaud71whj2auh0k27ynki
2026-09-09T13:18:37+00:00	dgx-spark-02	True	1	cmtsqj5lz5qd42auh8vvrfn03
2026-09-09T13:18:39+00:00	dgx-spark-04	True	1	cmtpeql4y1etk2auhbk9668ry
2026-09-09T13:18:39+00:00	dgx-spark-03	True	1	cmtpsaud71whj2auh0k27ynki
2026-09-09T13:18:39+00:00	dgx-spark-02	True	1	cmtsqj5lz5qd42auh8vvrfn03
2026-09-09T13:18:41+00:00	dgx-spark-04	True	1	cmtpeql4y1etk2auhbk9668ry
2026-09-09T13:18:41+00:00	dgx-spark-03	True	1	cmtpsaud71whj2auh0k27ynki
2026-09-09T13:18:41+00:00	dgx-spark-02	True	1	cmtsqj5lz5qd42auh8vvrfn03
2026-09-09T13:18:43+00:00	dgx-spark-04	True	1	cmtpeql4y1etk2auhbk9668ry
2026-09-09T13:18:43+00:00	dgx-spark-03	True	1	cmtpsaud71whj2auh0k27ynki
2026-09-09T13:18:43+00:00	dgx-spark-02	True	1	cmtsqj5lz5qd42auh8vvrfn03
2026-09-09T13:18:45+00:00	dgx-spark-04	True	1	cmtpeql4y1etk2auhbk9668ry
2026-09-09T13:18:45+00:00	dgx-spark-03	True	1	cmtpsaud71whj2auh0k27ynki
2026-09-09T13:18:45+00:00	dgx-spark-02	True	1	cmtsqj5lz5qd42auh8vvrfn03
2026-09-09T13:18:47+00:00	dgx-spark-04	True	1	cmtpeql4y1etk2auhbk9668ry
2026-09-09T13:18:47+00:00	dgx-spark-03	True	1	cmtpsaud71whj2auh0k27ynki
2026-09-09T13:18:47+00:00	dgx-spark-02	True	1	cmtsqj5lz5qd42auh8vvrfn03
2026-09-09T13:18:49+00:00	dgx-spark-04	True	1	cmtpeql4y1etk2auhbk9668ry
2026-09-09T13:18:49+00:00	dgx-spark-03	True	1	cmtpsaud71whj2auh0k27ynki
2026-09-09T13:18:49+00:00	dgx-spark-02	True	1	cmtsqj5lz5qd42auh8vvrfn03
2026-09-09T13:18:51+00:00	dgx-spark-04	True	1	cmtpeql4y1etk2auhbk9668ry
2026-09-09T13:18:51+00:00	dgx-spark-03	True	1	cmtpsaud71whj2auh0k27ynki
2026-09-09T13:18:51+00:00	dgx-spark-02	True	1	cmtsqj5lz5qd42auh8vvrfn03
2026-09-09T13:18:53+00:00	dgx-spark-04	True	1	cmtpeql4y1etk2auhbk9668ry
2026-09-09T13:18:53+00:00	dgx-spark-03	True	1	cmtpsaud71whj2auh0k27ynki
2026-09-09T13:18:53+00:00	dgx-spark-02	True	1	cmtsqj5lz5qd42auh8vvrfn03
2026-09-09T13:18:55+00:00	dgx-spark-04	True	1	cmtpeql4y1etk2auhbk9668ry
2026-09-09T13:18:55+00:00	dgx-spark-03	True	1	cmtpsaud71whj2auh0k27ynki
2026-09-09T13:18:55+00:00	dgx-spark-02	True	1	cmtsqj5lz5qd42auh8vvrfn03
2026-09-09T13:18:57+00:00	dgx-spark-04	True	1	cmtpeql4y1etk2auhbk9668ry
2026-09-09T13:18:57+00:00	dgx-spark-03	True	1	cmtpsaud71whj2auh0k27ynki
2026-09-09T13:18:57+00:00	dgx-spark-02	True	1	cmtsqj5lz5qd42auh8vvrfn03
2026-09-09T13:18:59+00:00	dgx-spark-04	True	1	cmtpeql4y1etk2auhbk9668ry
2026-09-09T13:18:59+00:00	dgx-spark-03	True	1	cmtpsaud71whj2auh0k27ynki
2026-09-09T13:18:59+00:00	dgx-spark-02	True	1	cmtsqj5lz5qd42auh8vvrfn03
2026-09-09T13:19:01+00:00	dgx-spark-04	True	1	cmtpeql4y1etk2auhbk9668ry
2026-09-09T13:19:01+00:00	dgx-spark-03	True	1	cmtpsaud71whj2auh0k27ynki
2026-09-09T13:19:01+00:00	dgx-spark-02	True	1	cmtsqj5lz5qd42auh8vvrfn03
2026-09-09T13:19:03+00:00	dgx-spark-04	True	1	cmtpeql4y1etk2auhbk9668ry
2026-09-09T13:19:03+00:00	dgx-spark-03	True	1	cmtpsaud71whj2auh0k27ynki
2026-09-09T13:19:03+00:00	dgx-spark-02	True	1	cmtsqj5lz5qd42auh8vvrfn03
2026-09-09T13:19:05+00:00	dgx-spark-04	True	1	cmtpeql4y1etk2auhbk9668ry
2026-09-09T13:19:05+00:00	dgx-spark-03	True	1	cmtpsaud71whj2auh0k27ynki
2026-09-09T13:19:05+00:00	dgx-spark-02	True	1	cmtsqj5lz5qd42auh8vvrfn03
2026-09-09T13:19:07+00:00	dgx-spark-04	True	1	cmtpeql4y1etk2auhbk9668ry
2026-09-09T13:19:07+00:00	dgx-spark-03	True	1	cmtpsaud71whj2auh0k27ynki
2026-09-09T13:19:07+00:00	dgx-spark-02	True	1	cmtsqj5lz5qd42auh8vvrfn03
2026-09-09T13:19:09+00:00	dgx-spark-04	True	1	cmtpeql4y1etk2auhbk9668ry
2026-09-09T13:19:09+00:00	dgx-spark-03	True	1	cmtpsaud71whj2auh0k27ynki
2026-09-09T13:19:09+00:00	dgx-spark-02	True	1	cmtsqj5lz5qd42auh8vvrfn03
2026-09-09T13:19:11+00:00	dgx-spark-04	True	1	cmtpeql4y1etk2auhbk9668ry
2026-09-09T13:19:11+00:00	dgx-spark-03	True	1	cmtpsaud71whj2auh0k27ynki
2026-09-09T13:19:11+00:00	dgx-spark-02	True	1	cmtsqj5lz5qd42auh8vvrfn03
2026-09-09T13:19:13+00:00	dgx-spark-04	True	1	cmtpeql4y1etk2auhbk9668ry
2026-09-09T13:19:13+00:00	dgx-spark-03	True	1	cmtpsaud71whj2auh0k27ynki
2026-09-09T13:19:13+00:00	dgx-spark-02	True	1	cmtsqj5lz5qd42auh8vvrfn03
2026-09-09T13:19:15+00:00	dgx-spark-04	True	1	cmtpeql4y1etk2auhbk9668ry
2026-09-09T13:19:15+00:00	dgx-spark-03	True	1	cmtpsaud71whj2auh0k27ynki
2026-09-09T13:19:15+00:00	dgx-spark-02	True	1	cmtsqj5lz5qd42auh8vvrfn03
2026-09-09T13:19:17+00:00	dgx-spark-04	True	1	cmtpeql4y1etk2auhbk9668ry
2026-09-09T13:19:17+00:00	dgx-spark-03	True	1	cmtpsaud71whj2auh0k27ynki
2026-09-09T13:19:17+00:00	dgx-spark-02	True	1	cmtsqj5lz5qd42auh8vvrfn03
2026-09-09T13:19:19+00:00	dgx-spark-04	True	1	cmtpeql4y1etk2auhbk9668ry
2026-09-09T13:19:19+00:00	dgx-spark-03	True	1	cmtpsaud71whj2auh0k27ynki
2026-09-09T13:19:19+00:00	dgx-spark-02	True	1	cmtsqj5lz5qd42auh8vvrfn03
2026-09-09T13:19:21+00:00	dgx-spark-04	True	1	cmtpeql4y1etk2auhbk9668ry
2026-09-09T13:19:21+00:00	dgx-spark-03	True	1	cmtpsaud71whj2auh0k27ynki
2026-09-09T13:19:21+00:00	dgx-spark-02	True	1	cmtsqj5lz5qd42auh8vvrfn03
2026-09-09T13:19:23+00:00	dgx-spark-04	True	1	cmtpeql4y1etk2auhbk9668ry
2026-09-09T13:19:23+00:00	dgx-spark-03	True	1	cmtpsaud71whj2auh0k27ynki
2026-09-09T13:19:23+00:00	dgx-spark-02	True	1	cmtsqj5lz5qd42auh8vvrfn03
2026-09-09T13:19:25+00:00	dgx-spark-04	True	1	cmtpeql4y1etk2auhbk9668ry
2026-09-09T13:19:25+00:00	dgx-spark-03	True	1	cmtpsaud71whj2auh0k27ynki
2026-09-09T13:19:25+00:00	dgx-spark-02	True	1	cmtsqj5lz5qd42auh8vvrfn03
2026-09-09T13:19:27+00:00	dgx-spark-04	True	1	cmtpeql4y1etk2auhbk9668ry
2026-09-09T13:19:27+00:00	dgx-spark-03	True	1	cmtpsaud71whj2auh0k27ynki
2026-09-09T13:19:27+00:00	dgx-spark-02	True	1	cmtsqj5lz5qd42auh8vvrfn03
2026-09-09T13:19:29+00:00	dgx-spark-04	True	1	cmtpeql4y1etk2auhbk9668ry
2026-09-09T13:19:29+00:00	dgx-spark-03	True	1	cmtpsaud71whj2auh0k27ynki
2026-09-09T13:19:29+00:00	dgx-spark-02	True	1	cmtsqj5lz5qd42auh8vvrfn03
2026-09-09T13:19:31+00:00	dgx-spark-04	True	1	cmtpeql4y1etk2auhbk9668ry
2026-09-09T13:19:31+00:00	dgx-spark-03	True	1	cmtpsaud71whj2auh0k27ynki
2026-09-09T13:19:31+00:00	dgx-spark-02	True	1	cmtsqj5lz5qd42auh8vvrfn03
2026-09-09T13:19:33+00:00	dgx-spark-04	True	1	cmtpeql4y1etk2auhbk9668ry
2026-09-09T13:19:33+00:00	dgx-spark-03	True	1	cmtpsaud71whj2auh0k27ynki
2026-09-09T13:19:33+00:00	dgx-spark-02	True	1	cmtsqj5lz5qd42auh8vvrfn03
2026-09-09T13:19:35+00:00	dgx-spark-04	True	1	cmtpeql4y1etk2auhbk9668ry
2026-09-09T13:19:35+00:00	dgx-spark-03	True	1	cmtpsaud71whj2auh0k27ynki
2026-09-09T13:19:35+00:00	dgx-spark-02	True	1	cmtsqj5lz5qd42auh8vvrfn03
2026-09-09T13:19:37+00:00	dgx-spark-04	True	1	cmtpeql4y1etk2auhbk9668ry
2026-09-09T13:19:37+00:00	dgx-spark-03	True	1	cmtpsaud71whj2auh0k27ynki
2026-09-09T13:19:37+00:00	dgx-spark-02	True	1	cmtsqj5lz5qd42auh8vvrfn03
2026-09-09T13:19:39+00:00	dgx-spark-04	True	1	cmtpeql4y1etk2auhbk9668ry
2026-09-09T13:19:39+00:00	dgx-spark-03	True	1	cmtpsaud71whj2auh0k27ynki
2026-09-09T13:19:39+00:00	dgx-spark-02	True	1	cmtsqj5lz5qd42auh8vvrfn03
2026-09-09T13:19:41+00:00	dgx-spark-04	True	1	cmtpeql4y1etk2auhbk9668ry
2026-09-09T13:19:41+00:00	dgx-spark-03	True	1	cmtpsaud71whj2auh0k27ynki
2026-09-09T13:19:41+00:00	dgx-spark-02	True	1	cmtsqj5lz5qd42auh8vvrfn03
2026-09-09T13:19:43+00:00	dgx-spark-04	True	1	cmtpeql4y1etk2auhbk9668ry
2026-09-09T13:19:43+00:00	dgx-spark-03	True	1	cmtpsaud71whj2auh0k27ynki
2026-09-09T13:19:43+00:00	dgx-spark-02	True	1	cmtsqj5lz5qd42auh8vvrfn03
2026-09-09T13:19:45+00:00	dgx-spark-04	True	1	cmtpeql4y1etk2auhbk9668ry
2026-09-09T13:19:45+00:00	dgx-spark-03	True	1	cmtpsaud71whj2auh0k27ynki
2026-09-09T13:19:45+00:00	dgx-spark-02	True	1	cmtsqj5lz5qd42auh8vvrfn03
2026-09-09T13:19:48+00:00	dgx-spark-04	True	1	cmtpeql4y1etk2auhbk9668ry
2026-09-09T13:19:48+00:00	dgx-spark-03	True	1	cmtpsaud71whj2auh0k27ynki
2026-09-09T13:19:48+00:00	dgx-spark-02	True	1	cmtsqj5lz5qd42auh8vvrfn03
2026-09-09T13:19:50+00:00	dgx-spark-04	True	1	cmtpeql4y1etk2auhbk9668ry
2026-09-09T13:19:50+00:00	dgx-spark-03	True	1	cmtpsaud71whj2auh0k27ynki
2026-09-09T13:19:50+00:00	dgx-spark-02	True	1	cmtsqj5lz5qd42auh8vvrfn03
2026-09-09T13:19:52+00:00	dgx-spark-04	True	1	cmtpeql4y1etk2auhbk9668ry
2026-09-09T13:19:52+00:00	dgx-spark-03	True	1	cmtpsaud71whj2auh0k27ynki
2026-09-09T13:19:52+00:00	dgx-spark-02	True	1	cmtsqj5lz5qd42auh8vvrfn03
2026-09-09T13:19:54+00:00	dgx-spark-04	True	1	cmtpeql4y1etk2auhbk9668ry
2026-09-09T13:19:54+00:00	dgx-spark-03	True	1	cmtpsaud71whj2auh0k27ynki
2026-09-09T13:19:54+00:00	dgx-spark-02	True	1	cmtsqj5lz5qd42auh8vvrfn03
2026-09-09T13:19:56+00:00	dgx-spark-04	True	1	cmtpeql4y1etk2auhbk9668ry
2026-09-09T13:19:56+00:00	dgx-spark-03	True	1	cmtpsaud71whj2auh0k27ynki
2026-09-09T13:19:56+00:00	dgx-spark-02	True	1	cmtsqj5lz5qd42auh8vvrfn03
2026-09-09T13:19:58+00:00	dgx-spark-04	True	1	cmtpeql4y1etk2auhbk9668ry
2026-09-09T13:19:58+00:00	dgx-spark-03	True	1	cmtpsaud71whj2auh0k27ynki
2026-09-09T13:19:58+00:00	dgx-spark-02	True	1	cmtsqj5lz5qd42auh8vvrfn03
2026-09-09T13:20:00+00:00	dgx-spark-04	True	1	cmtpeql4y1etk2auhbk9668ry
2026-09-09T13:20:00+00:00	dgx-spark-03	True	1	cmtpsaud71whj2auh0k27ynki
2026-09-09T13:20:00+00:00	dgx-spark-02	True	1	cmtsqj5lz5qd42auh8vvrfn03
2026-09-09T13:20:02+00:00	dgx-spark-04	True	1	cmtpeql4y1etk2auhbk9668ry
2026-09-09T13:20:02+00:00	dgx-spark-03	True	1	cmtpsaud71whj2auh0k27ynki
2026-09-09T13:20:02+00:00	dgx-spark-02	True	1	cmtsqj5lz5qd42auh8vvrfn03
2026-09-09T13:20:04+00:00	dgx-spark-04	True	1	cmtpeql4y1etk2auhbk9668ry
2026-09-09T13:20:04+00:00	dgx-spark-03	True	1	cmtpsaud71whj2auh0k27ynki
2026-09-09T13:20:04+00:00	dgx-spark-02	True	1	cmtsqj5lz5qd42auh8vvrfn03
2026-09-09T13:20:06+00:00	dgx-spark-04	True	1	cmtpeql4y1etk2auhbk9668ry
2026-09-09T13:20:06+00:00	dgx-spark-03	True	1	cmtpsaud71whj2auh0k27ynki
2026-09-09T13:20:06+00:00	dgx-spark-02	True	1	cmtsqj5lz5qd42auh8vvrfn03
2026-09-09T13:20:08+00:00	dgx-spark-04	True	1	cmtpeql4y1etk2auhbk9668ry
2026-09-09T13:20:08+00:00	dgx-spark-03	True	1	cmtpsaud71whj2auh0k27ynki
2026-09-09T13:20:08+00:00	dgx-spark-02	True	1	cmtsqj5lz5qd42auh8vvrfn03
2026-09-09T13:20:10+00:00	dgx-spark-04	True	1	cmtpeql4y1etk2auhbk9668ry
2026-09-09T13:20:10+00:00	dgx-spark-03	True	1	cmtpsaud71whj2auh0k27ynki
2026-09-09T13:20:10+00:00	dgx-spark-02	True	1	cmtsqj5lz5qd42auh8vvrfn03
2026-09-09T13:20:12+00:00	dgx-spark-04	True	1	cmtpeql4y1etk2auhbk9668ry
2026-09-09T13:20:12+00:00	dgx-spark-03	True	1	cmtpsaud71whj2auh0k27ynki
2026-09-09T13:20:12+00:00	dgx-spark-02	True	1	cmtsqj5lz5qd42auh8vvrfn03
2026-09-09T13:20:14+00:00	dgx-spark-04	True	1	cmtpeql4y1etk2auhbk9668ry
2026-09-09T13:20:14+00:00	dgx-spark-03	True	1	cmtpsaud71whj2auh0k27ynki
2026-09-09T13:20:14+00:00	dgx-spark-02	True	1	cmtsqj5lz5qd42auh8vvrfn03
2026-09-09T13:20:16+00:00	dgx-spark-04	True	1	cmtpeql4y1etk2auhbk9668ry
2026-09-09T13:20:16+00:00	dgx-spark-03	True	1	cmtpsaud71whj2auh0k27ynki
2026-09-09T13:20:16+00:00	dgx-spark-02	True	1	cmtsqj5lz5qd42auh8vvrfn03
2026-09-09T13:20:18+00:00	dgx-spark-04	True	1	cmtpeql4y1etk2auhbk9668ry
2026-09-09T13:20:18+00:00	dgx-spark-03	True	1	cmtpsaud71whj2auh0k27ynki
2026-09-09T13:20:18+00:00	dgx-spark-02	True	1	cmtsqj5lz5qd42auh8vvrfn03
2026-09-09T13:20:20+00:00	dgx-spark-04	True	1	cmtpeql4y1etk2auhbk9668ry
2026-09-09T13:20:20+00:00	dgx-spark-03	True	1	cmtpsaud71whj2auh0k27ynki
2026-09-09T13:20:20+00:00	dgx-spark-02	True	1	cmtsqj5lz5qd42auh8vvrfn03
2026-09-09T13:20:22+00:00	dgx-spark-04	True	1	cmtpeql4y1etk2auhbk9668ry
2026-09-09T13:20:22+00:00	dgx-spark-03	True	1	cmtpsaud71whj2auh0k27ynki
2026-09-09T13:20:22+00:00	dgx-spark-02	True	1	cmtsqj5lz5qd42auh8vvrfn03
2026-09-09T13:20:24+00:00	dgx-spark-04	True	1	cmtpeql4y1etk2auhbk9668ry
2026-09-09T13:20:24+00:00	dgx-spark-03	True	1	cmtpsaud71whj2auh0k27ynki
2026-09-09T13:20:24+00:00	dgx-spark-02	True	1	cmtsqj5lz5qd42auh8vvrfn03
2026-09-09T13:20:26+00:00	dgx-spark-04	True	1	cmtpeql4y1etk2auhbk9668ry
2026-09-09T13:20:26+00:00	dgx-spark-03	True	1	cmtpsaud71whj2auh0k27ynki
2026-09-09T13:20:26+00:00	dgx-spark-02	True	1	cmtsqj5lz5qd42auh8vvrfn03
2026-09-09T13:20:28+00:00	dgx-spark-04	True	1	cmtpeql4y1etk2auhbk9668ry
2026-09-09T13:20:28+00:00	dgx-spark-03	True	1	cmtpsaud71whj2auh0k27ynki
2026-09-09T13:20:28+00:00	dgx-spark-02	True	1	cmtsqj5lz5qd42auh8vvrfn03
2026-09-09T13:20:30+00:00	dgx-spark-04	True	1	cmtpeql4y1etk2auhbk9668ry
2026-09-09T13:20:30+00:00	dgx-spark-03	True	1	cmtpsaud71whj2auh0k27ynki
2026-09-09T13:20:30+00:00	dgx-spark-02	True	1	cmtsqj5lz5qd42auh8vvrfn03
2026-09-09T13:20:32+00:00	dgx-spark-04	True	1	cmtpeql4y1etk2auhbk9668ry
2026-09-09T13:20:32+00:00	dgx-spark-03	True	1	cmtpsaud71whj2auh0k27ynki
2026-09-09T13:20:32+00:00	dgx-spark-02	True	1	cmtsqj5lz5qd42auh8vvrfn03
2026-09-09T13:20:34+00:00	dgx-spark-04	True	1	cmtpeql4y1etk2auhbk9668ry
2026-09-09T13:20:34+00:00	dgx-spark-03	True	1	cmtpsaud71whj2auh0k27ynki
2026-09-09T13:20:34+00:00	dgx-spark-02	True	1	cmtsqj5lz5qd42auh8vvrfn03
2026-09-09T13:20:36+00:00	dgx-spark-04	True	1	cmtpeql4y1etk2auhbk9668ry
2026-09-09T13:20:36+00:00	dgx-spark-03	True	1	cmtpsaud71whj2auh0k27ynki
2026-09-09T13:20:36+00:00	dgx-spark-02	True	1	cmtsqj5lz5qd42auh8vvrfn03
2026-09-09T13:20:38+00:00	dgx-spark-04	True	1	cmtpeql4y1etk2auhbk9668ry
2026-09-09T13:20:38+00:00	dgx-spark-03	True	1	cmtpsaud71whj2auh0k27ynki
2026-09-09T13:20:38+00:00	dgx-spark-02	True	1	cmtsqj5lz5qd42auh8vvrfn03
2026-09-09T13:20:40+00:00	dgx-spark-04	True	1	cmtpeql4y1etk2auhbk9668ry
2026-09-09T13:20:40+00:00	dgx-spark-03	True	1	cmtpsaud71whj2auh0k27ynki
2026-09-09T13:20:40+00:00	dgx-spark-02	True	1	cmtsqj5lz5qd42auh8vvrfn03
2026-09-09T13:20:42+00:00	dgx-spark-04	True	1	cmtpeql4y1etk2auhbk9668ry
2026-09-09T13:20:42+00:00	dgx-spark-03	True	1	cmtpsaud71whj2auh0k27ynki
2026-09-09T13:20:42+00:00	dgx-spark-02	True	1	cmtsqj5lz5qd42auh8vvrfn03
2026-09-09T13:20:44+00:00	dgx-spark-04	True	1	cmtpeql4y1etk2auhbk9668ry
2026-09-09T13:20:44+00:00	dgx-spark-03	True	1	cmtpsaud71whj2auh0k27ynki
2026-09-09T13:20:44+00:00	dgx-spark-02	True	1	cmtsqj5lz5qd42auh8vvrfn03
2026-09-09T13:20:46+00:00	dgx-spark-04	True	1	cmtpeql4y1etk2auhbk9668ry
2026-09-09T13:20:46+00:00	dgx-spark-03	True	1	cmtpsaud71whj2auh0k27ynki
2026-09-09T13:20:46+00:00	dgx-spark-02	True	1	cmtsqj5lz5qd42auh8vvrfn03
2026-09-09T13:20:48+00:00	dgx-spark-04	True	1	cmtpeql4y1etk2auhbk9668ry
2026-09-09T13:20:48+00:00	dgx-spark-03	True	1	cmtpsaud71whj2auh0k27ynki
2026-09-09T13:20:48+00:00	dgx-spark-02	True	1	cmtsqj5lz5qd42auh8vvrfn03
2026-09-09T13:20:50+00:00	dgx-spark-04	True	1	cmtpeql4y1etk2auhbk9668ry
2026-09-09T13:20:50+00:00	dgx-spark-03	True	1	cmtpsaud71whj2auh0k27ynki
2026-09-09T13:20:50+00:00	dgx-spark-02	True	1	cmtsqj5lz5qd42auh8vvrfn03
2026-09-09T13:20:52+00:00	dgx-spark-04	True	1	cmtpeql4y1etk2auhbk9668ry
2026-09-09T13:20:52+00:00	dgx-spark-03	True	1	cmtpsaud71whj2auh0k27ynki
2026-09-09T13:20:52+00:00	dgx-spark-02	True	1	cmtsqj5lz5qd42auh8vvrfn03
2026-09-09T13:20:54+00:00	dgx-spark-04	True	1	cmtpeql4y1etk2auhbk9668ry
2026-09-09T13:20:54+00:00	dgx-spark-03	True	1	cmtpsaud71whj2auh0k27ynki
2026-09-09T13:20:54+00:00	dgx-spark-02	True	1	cmtsqj5lz5qd42auh8vvrfn03
2026-09-09T13:20:56+00:00	dgx-spark-04	True	1	cmtpeql4y1etk2auhbk9668ry
2026-09-09T13:20:56+00:00	dgx-spark-03	True	1	cmtpsaud71whj2auh0k27ynki
2026-09-09T13:20:56+00:00	dgx-spark-02	True	1	cmtsqj5lz5qd42auh8vvrfn03
2026-09-09T13:20:58+00:00	dgx-spark-04	True	1	cmtpeql4y1etk2auhbk9668ry
2026-09-09T13:20:58+00:00	dgx-spark-03	True	1	cmtpsaud71whj2auh0k27ynki
2026-09-09T13:20:58+00:00	dgx-spark-02	True	1	cmtsqj5lz5qd42auh8vvrfn03
2026-09-09T13:21:00+00:00	dgx-spark-04	True	1	cmtpeql4y1etk2auhbk9668ry
2026-09-09T13:21:00+00:00	dgx-spark-03	True	1	cmtpsaud71whj2auh0k27ynki
2026-09-09T13:21:00+00:00	dgx-spark-02	True	1	cmtsqj5lz5qd42auh8vvrfn03
2026-09-09T13:21:02+00:00	dgx-spark-04	True	1	cmtpeql4y1etk2auhbk9668ry
2026-09-09T13:21:02+00:00	dgx-spark-03	True	1	cmtpsaud71whj2auh0k27ynki
2026-09-09T13:21:02+00:00	dgx-spark-02	True	1	cmtsqj5lz5qd42auh8vvrfn03
2026-09-09T13:21:04+00:00	dgx-spark-04	True	1	cmtpeql4y1etk2auhbk9668ry
2026-09-09T13:21:04+00:00	dgx-spark-03	True	1	cmtpsaud71whj2auh0k27ynki
2026-09-09T13:21:04+00:00	dgx-spark-02	True	1	cmtsqj5lz5qd42auh8vvrfn03
2026-09-09T13:21:06+00:00	dgx-spark-04	True	1	cmtpeql4y1etk2auhbk9668ry
2026-09-09T13:21:06+00:00	dgx-spark-03	True	1	cmtpsaud71whj2auh0k27ynki
2026-09-09T13:21:06+00:00	dgx-spark-02	True	1	cmtsqj5lz5qd42auh8vvrfn03
2026-09-09T13:21:08+00:00	dgx-spark-04	True	1	cmtpeql4y1etk2auhbk9668ry
2026-09-09T13:21:08+00:00	dgx-spark-03	True	1	cmtpsaud71whj2auh0k27ynki
2026-09-09T13:21:08+00:00	dgx-spark-02	True	1	cmtsqj5lz5qd42auh8vvrfn03
2026-09-09T13:21:10+00:00	dgx-spark-04	True	1	cmtpeql4y1etk2auhbk9668ry
2026-09-09T13:21:10+00:00	dgx-spark-03	True	1	cmtpsaud71whj2auh0k27ynki
2026-09-09T13:21:10+00:00	dgx-spark-02	True	1	cmtsqj5lz5qd42auh8vvrfn03
2026-09-09T13:21:12+00:00	dgx-spark-04	True	1	cmtpeql4y1etk2auhbk9668ry
2026-09-09T13:21:12+00:00	dgx-spark-03	True	1	cmtpsaud71whj2auh0k27ynki
2026-09-09T13:21:12+00:00	dgx-spark-02	True	1	cmtsqj5lz5qd42auh8vvrfn03
2026-09-09T13:21:14+00:00	dgx-spark-04	True	1	cmtpeql4y1etk2auhbk9668ry
2026-09-09T13:21:14+00:00	dgx-spark-03	True	1	cmtpsaud71whj2auh0k27ynki
2026-09-09T13:21:14+00:00	dgx-spark-02	True	1	cmtsqj5lz5qd42auh8vvrfn03
2026-09-09T13:21:16+00:00	dgx-spark-04	True	1	cmtpeql4y1etk2auhbk9668ry
2026-09-09T13:21:16+00:00	dgx-spark-03	True	1	cmtpsaud71whj2auh0k27ynki
2026-09-09T13:21:16+00:00	dgx-spark-02	True	1	cmtsqj5lz5qd42auh8vvrfn03
2026-09-09T13:21:18+00:00	dgx-spark-04	True	1	cmtpeql4y1etk2auhbk9668ry
2026-09-09T13:21:18+00:00	dgx-spark-03	True	1	cmtpsaud71whj2auh0k27ynki
2026-09-09T13:21:18+00:00	dgx-spark-02	True	1	cmtsqj5lz5qd42auh8vvrfn03
2026-09-09T13:21:20+00:00	dgx-spark-04	True	1	cmtpeql4y1etk2auhbk9668ry
2026-09-09T13:21:20+00:00	dgx-spark-03	True	1	cmtpsaud71whj2auh0k27ynki
2026-09-09T13:21:20+00:00	dgx-spark-02	True	1	cmtsqj5lz5qd42auh8vvrfn03
2026-09-09T13:21:22+00:00	dgx-spark-04	True	1	cmtpeql4y1etk2auhbk9668ry
2026-09-09T13:21:22+00:00	dgx-spark-03	True	1	cmtpsaud71whj2auh0k27ynki
2026-09-09T13:21:22+00:00	dgx-spark-02	True	1	cmtsqj5lz5qd42auh8vvrfn03
2026-09-09T13:21:24+00:00	dgx-spark-04	True	1	cmtpeql4y1etk2auhbk9668ry
2026-09-09T13:21:24+00:00	dgx-spark-03	True	1	cmtpsaud71whj2auh0k27ynki
2026-09-09T13:21:24+00:00	dgx-spark-02	True	1	cmtsqj5lz5qd42auh8vvrfn03
2026-09-09T13:21:26+00:00	dgx-spark-04	True	1	cmtpeql4y1etk2auhbk9668ry
2026-09-09T13:21:26+00:00	dgx-spark-03	True	1	cmtpsaud71whj2auh0k27ynki
2026-09-09T13:21:26+00:00	dgx-spark-02	True	1	cmtsqj5lz5qd42auh8vvrfn03
2026-09-09T13:21:28+00:00	dgx-spark-04	True	1	cmtpeql4y1etk2auhbk9668ry
2026-09-09T13:21:28+00:00	dgx-spark-03	True	1	cmtpsaud71whj2auh0k27ynki
2026-09-09T13:21:28+00:00	dgx-spark-02	True	1	cmtsqj5lz5qd42auh8vvrfn03
2026-09-09T13:21:30+00:00	dgx-spark-04	True	1	cmtpeql4y1etk2auhbk9668ry
2026-09-09T13:21:30+00:00	dgx-spark-03	True	1	cmtpsaud71whj2auh0k27ynki
2026-09-09T13:21:30+00:00	dgx-spark-02	True	1	cmtsqj5lz5qd42auh8vvrfn03
2026-09-09T13:21:32+00:00	dgx-spark-04	True	1	cmtpeql4y1etk2auhbk9668ry
2026-09-09T13:21:32+00:00	dgx-spark-03	True	1	cmtpsaud71whj2auh0k27ynki
2026-09-09T13:21:32+00:00	dgx-spark-02	True	1	cmtsqj5lz5qd42auh8vvrfn03
2026-09-09T13:21:34+00:00	dgx-spark-04	True	1	cmtpeql4y1etk2auhbk9668ry
2026-09-09T13:21:34+00:00	dgx-spark-03	True	1	cmtpsaud71whj2auh0k27ynki
2026-09-09T13:21:34+00:00	dgx-spark-02	True	1	cmtsqj5lz5qd42auh8vvrfn03
2026-09-09T13:21:36+00:00	dgx-spark-04	True	1	cmtpeql4y1etk2auhbk9668ry
2026-09-09T13:21:36+00:00	dgx-spark-03	True	1	cmtpsaud71whj2auh0k27ynki
2026-09-09T13:21:36+00:00	dgx-spark-02	True	1	cmtsqj5lz5qd42auh8vvrfn03
2026-09-09T13:21:39+00:00	dgx-spark-04	True	1	cmtpeql4y1etk2auhbk9668ry
2026-09-09T13:21:39+00:00	dgx-spark-03	True	1	cmtpsaud71whj2auh0k27ynki
2026-09-09T13:21:39+00:00	dgx-spark-02	True	1	cmtsqj5lz5qd42auh8vvrfn03
2026-09-09T13:21:41+00:00	dgx-spark-04	True	1	cmtpeql4y1etk2auhbk9668ry
2026-09-09T13:21:41+00:00	dgx-spark-03	True	1	cmtpsaud71whj2auh0k27ynki
2026-09-09T13:21:41+00:00	dgx-spark-02	True	1	cmtsqj5lz5qd42auh8vvrfn03
2026-09-09T13:21:43+00:00	dgx-spark-04	True	1	cmtpeql4y1etk2auhbk9668ry
2026-09-09T13:21:43+00:00	dgx-spark-03	True	1	cmtpsaud71whj2auh0k27ynki
2026-09-09T13:21:43+00:00	dgx-spark-02	True	1	cmtsqj5lz5qd42auh8vvrfn03
2026-09-09T13:21:45+00:00	dgx-spark-04	True	1	cmtpeql4y1etk2auhbk9668ry
2026-09-09T13:21:45+00:00	dgx-spark-03	True	1	cmtpsaud71whj2auh0k27ynki
2026-09-09T13:21:45+00:00	dgx-spark-02	True	1	cmtsqj5lz5qd42auh8vvrfn03
2026-09-09T13:21:47+00:00	dgx-spark-04	True	1	cmtpeql4y1etk2auhbk9668ry
2026-09-09T13:21:47+00:00	dgx-spark-03	True	1	cmtpsaud71whj2auh0k27ynki
2026-09-09T13:21:47+00:00	dgx-spark-02	True	1	cmtsqj5lz5qd42auh8vvrfn03
2026-09-09T13:21:49+00:00	dgx-spark-04	True	1	cmtpeql4y1etk2auhbk9668ry
2026-09-09T13:21:49+00:00	dgx-spark-03	True	1	cmtpsaud71whj2auh0k27ynki
2026-09-09T13:21:49+00:00	dgx-spark-02	True	1	cmtsqj5lz5qd42auh8vvrfn03
2026-09-09T13:21:51+00:00	dgx-spark-04	True	1	cmtpeql4y1etk2auhbk9668ry
2026-09-09T13:21:51+00:00	dgx-spark-03	True	1	cmtpsaud71whj2auh0k27ynki
2026-09-09T13:21:51+00:00	dgx-spark-02	True	1	cmtsqj5lz5qd42auh8vvrfn03
2026-09-09T13:21:53+00:00	dgx-spark-04	True	1	cmtpeql4y1etk2auhbk9668ry
2026-09-09T13:21:53+00:00	dgx-spark-03	True	1	cmtpsaud71whj2auh0k27ynki
2026-09-09T13:21:53+00:00	dgx-spark-02	True	1	cmtsqj5lz5qd42auh8vvrfn03
2026-09-09T13:21:55+00:00	dgx-spark-04	True	1	cmtpeql4y1etk2auhbk9668ry
2026-09-09T13:21:55+00:00	dgx-spark-03	True	1	cmtpsaud71whj2auh0k27ynki
2026-09-09T13:21:55+00:00	dgx-spark-02	True	1	cmtsqj5lz5qd42auh8vvrfn03
2026-09-09T13:21:57+00:00	dgx-spark-04	True	1	cmtpeql4y1etk2auhbk9668ry
2026-09-09T13:21:57+00:00	dgx-spark-03	True	1	cmtpsaud71whj2auh0k27ynki
2026-09-09T13:21:57+00:00	dgx-spark-02	True	1	cmtsqj5lz5qd42auh8vvrfn03
2026-09-09T13:21:59+00:00	dgx-spark-04	True	1	cmtpeql4y1etk2auhbk9668ry
2026-09-09T13:21:59+00:00	dgx-spark-03	True	1	cmtpsaud71whj2auh0k27ynki
2026-09-09T13:21:59+00:00	dgx-spark-02	True	1	cmtsqj5lz5qd42auh8vvrfn03
2026-09-09T13:22:01+00:00	dgx-spark-04	True	1	cmtpeql4y1etk2auhbk9668ry
2026-09-09T13:22:01+00:00	dgx-spark-03	True	1	cmtpsaud71whj2auh0k27ynki
2026-09-09T13:22:01+00:00	dgx-spark-02	True	1	cmtsqj5lz5qd42auh8vvrfn03
2026-09-09T13:22:03+00:00	dgx-spark-04	True	1	cmtpeql4y1etk2auhbk9668ry
2026-09-09T13:22:03+00:00	dgx-spark-03	True	1	cmtpsaud71whj2auh0k27ynki
2026-09-09T13:22:03+00:00	dgx-spark-02	True	1	cmtsqj5lz5qd42auh8vvrfn03
2026-09-09T13:22:05+00:00	dgx-spark-04	True	1	cmtpeql4y1etk2auhbk9668ry
2026-09-09T13:22:05+00:00	dgx-spark-03	True	1	cmtpsaud71whj2auh0k27ynki
2026-09-09T13:22:05+00:00	dgx-spark-02	True	1	cmtsqj5lz5qd42auh8vvrfn03
2026-09-09T13:22:07+00:00	dgx-spark-04	True	1	cmtpeql4y1etk2auhbk9668ry
2026-09-09T13:22:07+00:00	dgx-spark-03	True	1	cmtpsaud71whj2auh0k27ynki
2026-09-09T13:22:07+00:00	dgx-spark-02	True	1	cmtsqj5lz5qd42auh8vvrfn03
2026-09-09T13:22:09+00:00	dgx-spark-04	True	1	cmtpeql4y1etk2auhbk9668ry
2026-09-09T13:22:09+00:00	dgx-spark-03	True	1	cmtpsaud71whj2auh0k27ynki
2026-09-09T13:22:09+00:00	dgx-spark-02	True	1	cmtsqj5lz5qd42auh8vvrfn03
2026-09-09T13:22:11+00:00	dgx-spark-04	True	1	cmtpeql4y1etk2auhbk9668ry
2026-09-09T13:22:11+00:00	dgx-spark-03	True	1	cmtpsaud71whj2auh0k27ynki
2026-09-09T13:22:11+00:00	dgx-spark-02	True	1	cmtsqj5lz5qd42auh8vvrfn03
2026-09-09T13:22:13+00:00	dgx-spark-04	True	1	cmtpeql4y1etk2auhbk9668ry
2026-09-09T13:22:13+00:00	dgx-spark-03	True	1	cmtpsaud71whj2auh0k27ynki
2026-09-09T13:22:13+00:00	dgx-spark-02	True	1	cmtsqj5lz5qd42auh8vvrfn03
2026-09-09T13:22:15+00:00	dgx-spark-04	True	1	cmtpeql4y1etk2auhbk9668ry
2026-09-09T13:22:15+00:00	dgx-spark-03	True	0	cmtpsaud71whj2auh0k27ynki
2026-09-09T13:22:15+00:00	dgx-spark-02	True	1	cmtsqj5lz5qd42auh8vvrfn03
2026-09-09T13:22:17+00:00	dgx-spark-04	True	1	cmtpeql4y1etk2auhbk9668ry
2026-09-09T13:22:17+00:00	dgx-spark-03	True	1	cmtpsaud71whj2auh0k27ynki
2026-09-09T13:22:17+00:00	dgx-spark-02	True	1	cmtsqj5lz5qd42auh8vvrfn03
2026-09-09T13:22:19+00:00	dgx-spark-04	True	1	cmtpeql4y1etk2auhbk9668ry
2026-09-09T13:22:19+00:00	dgx-spark-03	True	1	cmtpsaud71whj2auh0k27ynki
2026-09-09T13:22:19+00:00	dgx-spark-02	True	1	cmtsqj5lz5qd42auh8vvrfn03
2026-09-09T13:22:21+00:00	dgx-spark-04	True	1	cmtpeql4y1etk2auhbk9668ry
2026-09-09T13:22:21+00:00	dgx-spark-03	True	1	cmtpsaud71whj2auh0k27ynki
2026-09-09T13:22:21+00:00	dgx-spark-02	True	1	cmtsqj5lz5qd42auh8vvrfn03
2026-09-09T13:22:23+00:00	dgx-spark-04	True	1	cmtpeql4y1etk2auhbk9668ry
2026-09-09T13:22:23+00:00	dgx-spark-03	True	1	cmtpsaud71whj2auh0k27ynki
2026-09-09T13:22:23+00:00	dgx-spark-02	True	1	cmtsqj5lz5qd42auh8vvrfn03
2026-09-09T13:22:25+00:00	dgx-spark-04	True	1	cmtpeql4y1etk2auhbk9668ry
2026-09-09T13:22:25+00:00	dgx-spark-03	True	1	cmtpsaud71whj2auh0k27ynki
2026-09-09T13:22:25+00:00	dgx-spark-02	True	1	cmtsqj5lz5qd42auh8vvrfn03
2026-09-09T13:22:27+00:00	dgx-spark-04	True	1	cmtpeql4y1etk2auhbk9668ry
2026-09-09T13:22:27+00:00	dgx-spark-03	True	1	cmtpsaud71whj2auh0k27ynki
2026-09-09T13:22:27+00:00	dgx-spark-02	True	1	cmtsqj5lz5qd42auh8vvrfn03
2026-09-09T13:22:29+00:00	dgx-spark-04	True	1	cmtpeql4y1etk2auhbk9668ry
2026-09-09T13:22:29+00:00	dgx-spark-03	True	1	cmtpsaud71whj2auh0k27ynki
2026-09-09T13:22:29+00:00	dgx-spark-02	True	1	cmtsqj5lz5qd42auh8vvrfn03
2026-09-09T13:22:31+00:00	dgx-spark-04	True	1	cmtpeql4y1etk2auhbk9668ry
2026-09-09T13:22:31+00:00	dgx-spark-03	True	1	cmtpsaud71whj2auh0k27ynki
2026-09-09T13:22:31+00:00	dgx-spark-02	True	1	cmtsqj5lz5qd42auh8vvrfn03
2026-09-09T13:22:33+00:00	dgx-spark-04	True	1	cmtpeql4y1etk2auhbk9668ry
2026-09-09T13:22:33+00:00	dgx-spark-03	True	1	cmtpsaud71whj2auh0k27ynki
2026-09-09T13:22:33+00:00	dgx-spark-02	True	1	cmtsqj5lz5qd42auh8vvrfn03
2026-09-09T13:22:35+00:00	dgx-spark-04	True	1	cmtpeql4y1etk2auhbk9668ry
2026-09-09T13:22:35+00:00	dgx-spark-03	True	1	cmtpsaud71whj2auh0k27ynki
2026-09-09T13:22:35+00:00	dgx-spark-02	True	1	cmtsqj5lz5qd42auh8vvrfn03
2026-09-09T13:22:37+00:00	dgx-spark-04	True	1	cmtpeql4y1etk2auhbk9668ry
2026-09-09T13:22:37+00:00	dgx-spark-03	True	1	cmtpsaud71whj2auh0k27ynki
2026-09-09T13:22:37+00:00	dgx-spark-02	True	1	cmtsqj5lz5qd42auh8vvrfn03
2026-09-09T13:22:39+00:00	dgx-spark-04	True	1	cmtpeql4y1etk2auhbk9668ry
2026-09-09T13:22:39+00:00	dgx-spark-03	True	1	cmtpsaud71whj2auh0k27ynki
2026-09-09T13:22:39+00:00	dgx-spark-02	True	1	cmtsqj5lz5qd42auh8vvrfn03
2026-09-09T13:22:41+00:00	dgx-spark-04	True	1	cmtpeql4y1etk2auhbk9668ry
2026-09-09T13:22:41+00:00	dgx-spark-03	True	1	cmtpsaud71whj2auh0k27ynki
2026-09-09T13:22:41+00:00	dgx-spark-02	True	1	cmtsqj5lz5qd42auh8vvrfn03
2026-09-09T13:22:43+00:00	dgx-spark-04	True	1	cmtpeql4y1etk2auhbk9668ry
2026-09-09T13:22:43+00:00	dgx-spark-03	True	1	cmtpsaud71whj2auh0k27ynki
2026-09-09T13:22:43+00:00	dgx-spark-02	True	1	cmtsqj5lz5qd42auh8vvrfn03
2026-09-09T13:22:45+00:00	dgx-spark-04	True	1	cmtpeql4y1etk2auhbk9668ry
2026-09-09T13:22:45+00:00	dgx-spark-03	True	1	cmtpsaud71whj2auh0k27ynki
2026-09-09T13:22:45+00:00	dgx-spark-02	True	1	cmtsqj5lz5qd42auh8vvrfn03
2026-09-09T13:22:47+00:00	dgx-spark-04	True	1	cmtpeql4y1etk2auhbk9668ry
2026-09-09T13:22:47+00:00	dgx-spark-03	True	1	cmtpsaud71whj2auh0k27ynki
2026-09-09T13:22:47+00:00	dgx-spark-02	True	1	cmtsqj5lz5qd42auh8vvrfn03
2026-09-09T13:22:49+00:00	dgx-spark-04	True	1	cmtpeql4y1etk2auhbk9668ry
2026-09-09T13:22:49+00:00	dgx-spark-03	True	1	cmtpsaud71whj2auh0k27ynki
2026-09-09T13:22:49+00:00	dgx-spark-02	True	1	cmtsqj5lz5qd42auh8vvrfn03
2026-09-09T13:22:51+00:00	dgx-spark-04	True	1	cmtpeql4y1etk2auhbk9668ry
2026-09-09T13:22:51+00:00	dgx-spark-03	True	1	cmtpsaud71whj2auh0k27ynki
2026-09-09T13:22:51+00:00	dgx-spark-02	True	1	cmtsqj5lz5qd42auh8vvrfn03
2026-09-09T13:22:53+00:00	dgx-spark-04	True	1	cmtpeql4y1etk2auhbk9668ry
2026-09-09T13:22:53+00:00	dgx-spark-03	True	1	cmtpsaud71whj2auh0k27ynki
2026-09-09T13:22:53+00:00	dgx-spark-02	True	1	cmtsqj5lz5qd42auh8vvrfn03
2026-09-09T13:22:55+00:00	dgx-spark-04	True	1	cmtpeql4y1etk2auhbk9668ry
2026-09-09T13:22:55+00:00	dgx-spark-03	True	1	cmtpsaud71whj2auh0k27ynki
2026-09-09T13:22:55+00:00	dgx-spark-02	True	1	cmtsqj5lz5qd42auh8vvrfn03
2026-09-09T13:22:57+00:00	dgx-spark-04	True	1	cmtpeql4y1etk2auhbk9668ry
2026-09-09T13:22:57+00:00	dgx-spark-03	True	1	cmtpsaud71whj2auh0k27ynki
2026-09-09T13:22:57+00:00	dgx-spark-02	True	1	cmtsqj5lz5qd42auh8vvrfn03
2026-09-09T13:22:59+00:00	dgx-spark-04	True	1	cmtpeql4y1etk2auhbk9668ry
2026-09-09T13:22:59+00:00	dgx-spark-03	True	1	cmtpsaud71whj2auh0k27ynki
2026-09-09T13:22:59+00:00	dgx-spark-02	True	1	cmtsqj5lz5qd42auh8vvrfn03
2026-09-09T13:23:01+00:00	dgx-spark-04	True	1	cmtpeql4y1etk2auhbk9668ry
2026-09-09T13:23:01+00:00	dgx-spark-03	True	1	cmtpsaud71whj2auh0k27ynki
2026-09-09T13:23:01+00:00	dgx-spark-02	True	1	cmtsqj5lz5qd42auh8vvrfn03
2026-09-09T13:23:03+00:00	dgx-spark-04	True	1	cmtpeql4y1etk2auhbk9668ry
2026-09-09T13:23:03+00:00	dgx-spark-03	True	1	cmtpsaud71whj2auh0k27ynki
2026-09-09T13:23:03+00:00	dgx-spark-02	True	1	cmtsqj5lz5qd42auh8vvrfn03
2026-09-09T13:23:05+00:00	dgx-spark-04	True	1	cmtpeql4y1etk2auhbk9668ry
2026-09-09T13:23:05+00:00	dgx-spark-03	True	1	cmtpsaud71whj2auh0k27ynki
2026-09-09T13:23:05+00:00	dgx-spark-02	True	1	cmtsqj5lz5qd42auh8vvrfn03
2026-09-09T13:23:07+00:00	dgx-spark-04	True	1	cmtpeql4y1etk2auhbk9668ry
2026-09-09T13:23:07+00:00	dgx-spark-03	True	1	cmtpsaud71whj2auh0k27ynki
2026-09-09T13:23:07+00:00	dgx-spark-02	True	1	cmtsqj5lz5qd42auh8vvrfn03
2026-09-09T13:23:09+00:00	dgx-spark-04	True	1	cmtpeql4y1etk2auhbk9668ry
2026-09-09T13:23:09+00:00	dgx-spark-03	True	1	cmtpsaud71whj2auh0k27ynki
2026-09-09T13:23:09+00:00	dgx-spark-02	True	1	cmtsqj5lz5qd42auh8vvrfn03
2026-09-09T13:23:11+00:00	dgx-spark-04	True	1	cmtpeql4y1etk2auhbk9668ry
2026-09-09T13:23:11+00:00	dgx-spark-03	True	1	cmtpsaud71whj2auh0k27ynki
2026-09-09T13:23:11+00:00	dgx-spark-02	True	1	cmtsqj5lz5qd42auh8vvrfn03
2026-09-09T13:23:13+00:00	dgx-spark-04	True	1	cmtpeql4y1etk2auhbk9668ry
2026-09-09T13:23:13+00:00	dgx-spark-03	True	1	cmtpsaud71whj2auh0k27ynki
2026-09-09T13:23:13+00:00	dgx-spark-02	True	1	cmtsqj5lz5qd42auh8vvrfn03
2026-09-09T13:23:15+00:00	dgx-spark-04	True	1	cmtpeql4y1etk2auhbk9668ry
2026-09-09T13:23:15+00:00	dgx-spark-03	True	1	cmtpsaud71whj2auh0k27ynki
2026-09-09T13:23:15+00:00	dgx-spark-02	True	1	cmtsqj5lz5qd42auh8vvrfn03
2026-09-09T13:23:17+00:00	dgx-spark-04	True	1	cmtpeql4y1etk2auhbk9668ry
2026-09-09T13:23:17+00:00	dgx-spark-03	True	1	cmtpsaud71whj2auh0k27ynki
2026-09-09T13:23:17+00:00	dgx-spark-02	True	1	cmtsqj5lz5qd42auh8vvrfn03
2026-09-09T13:23:19+00:00	dgx-spark-04	True	1	cmtpeql4y1etk2auhbk9668ry
2026-09-09T13:23:19+00:00	dgx-spark-03	True	1	cmtpsaud71whj2auh0k27ynki
2026-09-09T13:23:19+00:00	dgx-spark-02	True	1	cmtsqj5lz5qd42auh8vvrfn03
2026-09-09T13:23:22+00:00	dgx-spark-04	True	1	cmtpeql4y1etk2auhbk9668ry
2026-09-09T13:23:22+00:00	dgx-spark-03	True	1	cmtpsaud71whj2auh0k27ynki
2026-09-09T13:23:22+00:00	dgx-spark-02	True	1	cmtsqj5lz5qd42auh8vvrfn03
2026-09-09T13:23:24+00:00	dgx-spark-04	True	1	cmtpeql4y1etk2auhbk9668ry
2026-09-09T13:23:24+00:00	dgx-spark-03	True	1	cmtpsaud71whj2auh0k27ynki
2026-09-09T13:23:24+00:00	dgx-spark-02	True	1	cmtsqj5lz5qd42auh8vvrfn03
2026-09-09T13:23:26+00:00	dgx-spark-04	True	1	cmtpeql4y1etk2auhbk9668ry
2026-09-09T13:23:26+00:00	dgx-spark-03	True	1	cmtpsaud71whj2auh0k27ynki
2026-09-09T13:23:26+00:00	dgx-spark-02	True	1	cmtsqj5lz5qd42auh8vvrfn03
2026-09-09T13:23:28+00:00	dgx-spark-04	True	1	cmtpeql4y1etk2auhbk9668ry
2026-09-09T13:23:28+00:00	dgx-spark-03	True	1	cmtpsaud71whj2auh0k27ynki
2026-09-09T13:23:28+00:00	dgx-spark-02	True	1	cmtsqj5lz5qd42auh8vvrfn03
2026-09-09T13:23:30+00:00	dgx-spark-04	True	1	cmtpeql4y1etk2auhbk9668ry
2026-09-09T13:23:30+00:00	dgx-spark-03	True	1	cmtpsaud71whj2auh0k27ynki
2026-09-09T13:23:30+00:00	dgx-spark-02	True	1	cmtsqj5lz5qd42auh8vvrfn03
2026-09-09T13:23:32+00:00	dgx-spark-04	True	1	cmtpeql4y1etk2auhbk9668ry
2026-09-09T13:23:32+00:00	dgx-spark-03	True	1	cmtpsaud71whj2auh0k27ynki
2026-09-09T13:23:32+00:00	dgx-spark-02	True	1	cmtsqj5lz5qd42auh8vvrfn03
2026-09-09T13:23:34+00:00	dgx-spark-04	True	1	cmtpeql4y1etk2auhbk9668ry
2026-09-09T13:23:34+00:00	dgx-spark-03	True	1	cmtpsaud71whj2auh0k27ynki
2026-09-09T13:23:34+00:00	dgx-spark-02	True	1	cmtsqj5lz5qd42auh8vvrfn03
2026-09-09T13:23:36+00:00	dgx-spark-04	True	1	cmtpeql4y1etk2auhbk9668ry
2026-09-09T13:23:36+00:00	dgx-spark-03	True	1	cmtpsaud71whj2auh0k27ynki
2026-09-09T13:23:36+00:00	dgx-spark-02	True	1	cmtsqj5lz5qd42auh8vvrfn03
2026-09-09T13:23:38+00:00	dgx-spark-04	True	1	cmtpeql4y1etk2auhbk9668ry
2026-09-09T13:23:38+00:00	dgx-spark-03	True	1	cmtpsaud71whj2auh0k27ynki
2026-09-09T13:23:38+00:00	dgx-spark-02	True	1	cmtsqj5lz5qd42auh8vvrfn03
2026-09-09T13:23:40+00:00	dgx-spark-04	True	1	cmtpeql4y1etk2auhbk9668ry
2026-09-09T13:23:40+00:00	dgx-spark-03	True	1	cmtpsaud71whj2auh0k27ynki
2026-09-09T13:23:40+00:00	dgx-spark-02	True	1	cmtsqj5lz5qd42auh8vvrfn03
2026-09-09T13:23:42+00:00	dgx-spark-04	True	1	cmtpeql4y1etk2auhbk9668ry
2026-09-09T13:23:42+00:00	dgx-spark-03	True	1	cmtpsaud71whj2auh0k27ynki
2026-09-09T13:23:42+00:00	dgx-spark-02	True	1	cmtsqj5lz5qd42auh8vvrfn03
2026-09-09T13:23:44+00:00	dgx-spark-04	True	1	cmtpeql4y1etk2auhbk9668ry
2026-09-09T13:23:44+00:00	dgx-spark-03	True	1	cmtpsaud71whj2auh0k27ynki
2026-09-09T13:23:44+00:00	dgx-spark-02	True	1	cmtsqj5lz5qd42auh8vvrfn03
2026-09-09T13:23:46+00:00	dgx-spark-04	True	1	cmtpeql4y1etk2auhbk9668ry
2026-09-09T13:23:46+00:00	dgx-spark-03	True	1	cmtpsaud71whj2auh0k27ynki
2026-09-09T13:23:46+00:00	dgx-spark-02	True	1	cmtsqj5lz5qd42auh8vvrfn03
2026-09-09T13:23:48+00:00	dgx-spark-04	True	1	cmtpeql4y1etk2auhbk9668ry
2026-09-09T13:23:48+00:00	dgx-spark-03	True	1	cmtpsaud71whj2auh0k27ynki
2026-09-09T13:23:48+00:00	dgx-spark-02	True	1	cmtsqj5lz5qd42auh8vvrfn03
2026-09-09T13:23:50+00:00	dgx-spark-04	True	1	cmtpeql4y1etk2auhbk9668ry
2026-09-09T13:23:50+00:00	dgx-spark-03	True	1	cmtpsaud71whj2auh0k27ynki
2026-09-09T13:23:50+00:00	dgx-spark-02	True	1	cmtsqj5lz5qd42auh8vvrfn03
2026-09-09T13:23:52+00:00	dgx-spark-04	True	1	cmtpeql4y1etk2auhbk9668ry
2026-09-09T13:23:52+00:00	dgx-spark-03	True	1	cmtpsaud71whj2auh0k27ynki
2026-09-09T13:23:52+00:00	dgx-spark-02	True	1	cmtsqj5lz5qd42auh8vvrfn03
2026-09-09T13:23:54+00:00	dgx-spark-04	True	1	cmtpeql4y1etk2auhbk9668ry
2026-09-09T13:23:54+00:00	dgx-spark-03	True	1	cmtpsaud71whj2auh0k27ynki
2026-09-09T13:23:54+00:00	dgx-spark-02	True	1	cmtsqj5lz5qd42auh8vvrfn03
2026-09-09T13:23:56+00:00	dgx-spark-04	True	1	cmtpeql4y1etk2auhbk9668ry
2026-09-09T13:23:56+00:00	dgx-spark-03	True	1	cmtpsaud71whj2auh0k27ynki
2026-09-09T13:23:56+00:00	dgx-spark-02	True	1	cmtsqj5lz5qd42auh8vvrfn03
2026-09-09T13:23:58+00:00	dgx-spark-04	True	1	cmtpeql4y1etk2auhbk9668ry
2026-09-09T13:23:58+00:00	dgx-spark-03	True	1	cmtpsaud71whj2auh0k27ynki
2026-09-09T13:23:58+00:00	dgx-spark-02	True	1	cmtsqj5lz5qd42auh8vvrfn03
2026-09-09T13:24:00+00:00	dgx-spark-04	True	1	cmtpeql4y1etk2auhbk9668ry
2026-09-09T13:24:00+00:00	dgx-spark-03	True	1	cmtpsaud71whj2auh0k27ynki
2026-09-09T13:24:00+00:00	dgx-spark-02	True	1	cmtsqj5lz5qd42auh8vvrfn03
2026-09-09T13:24:02+00:00	dgx-spark-04	True	1	cmtpeql4y1etk2auhbk9668ry
2026-09-09T13:24:02+00:00	dgx-spark-03	True	1	cmtpsaud71whj2auh0k27ynki
2026-09-09T13:24:02+00:00	dgx-spark-02	True	1	cmtsqj5lz5qd42auh8vvrfn03
2026-09-09T13:24:04+00:00	dgx-spark-04	True	1	cmtpeql4y1etk2auhbk9668ry
2026-09-09T13:24:04+00:00	dgx-spark-03	True	1	cmtpsaud71whj2auh0k27ynki
2026-09-09T13:24:04+00:00	dgx-spark-02	True	1	cmtsqj5lz5qd42auh8vvrfn03
2026-09-09T13:24:06+00:00	dgx-spark-04	True	1	cmtpeql4y1etk2auhbk9668ry
2026-09-09T13:24:06+00:00	dgx-spark-03	True	1	cmtpsaud71whj2auh0k27ynki
2026-09-09T13:24:06+00:00	dgx-spark-02	True	1	cmtsqj5lz5qd42auh8vvrfn03
2026-09-09T13:24:08+00:00	dgx-spark-04	True	1	cmtpeql4y1etk2auhbk9668ry
2026-09-09T13:24:08+00:00	dgx-spark-03	True	1	cmtpsaud71whj2auh0k27ynki
2026-09-09T13:24:08+00:00	dgx-spark-02	True	1	cmtsqj5lz5qd42auh8vvrfn03
2026-09-09T13:24:10+00:00	dgx-spark-04	True	1	cmtpeql4y1etk2auhbk9668ry
2026-09-09T13:24:10+00:00	dgx-spark-03	True	1	cmtpsaud71whj2auh0k27ynki
2026-09-09T13:24:10+00:00	dgx-spark-02	True	1	cmtsqj5lz5qd42auh8vvrfn03
2026-09-09T13:24:12+00:00	dgx-spark-04	True	1	cmtpeql4y1etk2auhbk9668ry
2026-09-09T13:24:12+00:00	dgx-spark-03	True	1	cmtpsaud71whj2auh0k27ynki
2026-09-09T13:24:12+00:00	dgx-spark-02	True	1	cmtsqj5lz5qd42auh8vvrfn03
2026-09-09T13:24:14+00:00	dgx-spark-04	True	1	cmtpeql4y1etk2auhbk9668ry
2026-09-09T13:24:14+00:00	dgx-spark-03	True	1	cmtpsaud71whj2auh0k27ynki
2026-09-09T13:24:14+00:00	dgx-spark-02	True	1	cmtsqj5lz5qd42auh8vvrfn03
2026-09-09T13:24:16+00:00	dgx-spark-04	True	1	cmtpeql4y1etk2auhbk9668ry
2026-09-09T13:24:16+00:00	dgx-spark-03	True	1	cmtpsaud71whj2auh0k27ynki
2026-09-09T13:24:16+00:00	dgx-spark-02	True	1	cmtsqj5lz5qd42auh8vvrfn03
2026-09-09T13:24:18+00:00	dgx-spark-04	True	1	cmtpeql4y1etk2auhbk9668ry
2026-09-09T13:24:18+00:00	dgx-spark-03	True	1	cmtpsaud71whj2auh0k27ynki
2026-09-09T13:24:18+00:00	dgx-spark-02	True	1	cmtsqj5lz5qd42auh8vvrfn03
2026-09-09T13:24:20+00:00	dgx-spark-04	True	1	cmtpeql4y1etk2auhbk9668ry
2026-09-09T13:24:20+00:00	dgx-spark-03	True	1	cmtpsaud71whj2auh0k27ynki
2026-09-09T13:24:20+00:00	dgx-spark-02	True	1	cmtsqj5lz5qd42auh8vvrfn03
2026-09-09T13:24:22+00:00	dgx-spark-04	True	1	cmtpeql4y1etk2auhbk9668ry
2026-09-09T13:24:22+00:00	dgx-spark-03	True	1	cmtpsaud71whj2auh0k27ynki
2026-09-09T13:24:22+00:00	dgx-spark-02	True	1	cmtsqj5lz5qd42auh8vvrfn03
2026-09-09T13:24:24+00:00	dgx-spark-04	True	1	cmtpeql4y1etk2auhbk9668ry
2026-09-09T13:24:24+00:00	dgx-spark-03	True	1	cmtpsaud71whj2auh0k27ynki
2026-09-09T13:24:24+00:00	dgx-spark-02	True	1	cmtsqj5lz5qd42auh8vvrfn03
2026-09-09T13:24:26+00:00	dgx-spark-04	True	1	cmtpeql4y1etk2auhbk9668ry
2026-09-09T13:24:26+00:00	dgx-spark-03	True	1	cmtpsaud71whj2auh0k27ynki
2026-09-09T13:24:26+00:00	dgx-spark-02	True	1	cmtsqj5lz5qd42auh8vvrfn03
2026-09-09T13:24:28+00:00	dgx-spark-04	True	1	cmtpeql4y1etk2auhbk9668ry
2026-09-09T13:24:28+00:00	dgx-spark-03	True	1	cmtpsaud71whj2auh0k27ynki
2026-09-09T13:24:28+00:00	dgx-spark-02	True	1	cmtsqj5lz5qd42auh8vvrfn03
2026-09-09T13:24:30+00:00	dgx-spark-04	True	1	cmtpeql4y1etk2auhbk9668ry
2026-09-09T13:24:30+00:00	dgx-spark-03	True	1	cmtpsaud71whj2auh0k27ynki
2026-09-09T13:24:30+00:00	dgx-spark-02	True	1	cmtsqj5lz5qd42auh8vvrfn03
2026-09-09T13:24:32+00:00	dgx-spark-04	True	1	cmtpeql4y1etk2auhbk9668ry
2026-09-09T13:24:32+00:00	dgx-spark-03	True	1	cmtpsaud71whj2auh0k27ynki
2026-09-09T13:24:32+00:00	dgx-spark-02	True	1	cmtsqj5lz5qd42auh8vvrfn03
2026-09-09T13:24:34+00:00	dgx-spark-04	True	1	cmtpeql4y1etk2auhbk9668ry
2026-09-09T13:24:34+00:00	dgx-spark-03	True	0	cmtpsaud71whj2auh0k27ynki
2026-09-09T13:24:34+00:00	dgx-spark-02	True	1	cmtsqj5lz5qd42auh8vvrfn03
2026-09-09T13:24:36+00:00	dgx-spark-04	True	1	cmtpeql4y1etk2auhbk9668ry
2026-09-09T13:24:36+00:00	dgx-spark-03	True	1	cmtpsaud71whj2auh0k27ynki
2026-09-09T13:24:36+00:00	dgx-spark-02	True	1	cmtsqj5lz5qd42auh8vvrfn03
2026-09-09T13:24:38+00:00	dgx-spark-04	True	1	cmtpeql4y1etk2auhbk9668ry
2026-09-09T13:24:38+00:00	dgx-spark-03	True	1	cmtpsaud71whj2auh0k27ynki
2026-09-09T13:24:38+00:00	dgx-spark-02	True	1	cmtsqj5lz5qd42auh8vvrfn03
2026-09-09T13:24:40+00:00	dgx-spark-04	True	1	cmtpeql4y1etk2auhbk9668ry
2026-09-09T13:24:40+00:00	dgx-spark-03	True	1	cmtpsaud71whj2auh0k27ynki
2026-09-09T13:24:40+00:00	dgx-spark-02	True	1	cmtsqj5lz5qd42auh8vvrfn03
2026-09-09T13:24:42+00:00	dgx-spark-04	True	1	cmtpeql4y1etk2auhbk9668ry
2026-09-09T13:24:42+00:00	dgx-spark-03	True	1	cmtpsaud71whj2auh0k27ynki
2026-09-09T13:24:42+00:00	dgx-spark-02	True	1	cmtsqj5lz5qd42auh8vvrfn03
2026-09-09T13:24:44+00:00	dgx-spark-04	True	1	cmtpeql4y1etk2auhbk9668ry
2026-09-09T13:24:44+00:00	dgx-spark-03	True	1	cmtpsaud71whj2auh0k27ynki
2026-09-09T13:24:44+00:00	dgx-spark-02	True	1	cmtsqj5lz5qd42auh8vvrfn03
2026-09-09T13:24:46+00:00	dgx-spark-04	True	1	cmtpeql4y1etk2auhbk9668ry
2026-09-09T13:24:46+00:00	dgx-spark-03	True	1	cmtpsaud71whj2auh0k27ynki
2026-09-09T13:24:46+00:00	dgx-spark-02	True	1	cmtsqj5lz5qd42auh8vvrfn03
2026-09-09T13:24:48+00:00	dgx-spark-04	True	1	cmtpeql4y1etk2auhbk9668ry
2026-09-09T13:24:48+00:00	dgx-spark-03	True	1	cmtpsaud71whj2auh0k27ynki
2026-09-09T13:24:48+00:00	dgx-spark-02	True	1	cmtsqj5lz5qd42auh8vvrfn03
2026-09-09T13:24:50+00:00	dgx-spark-04	True	1	cmtpeql4y1etk2auhbk9668ry
2026-09-09T13:24:50+00:00	dgx-spark-03	True	1	cmtpsaud71whj2auh0k27ynki
2026-09-09T13:24:50+00:00	dgx-spark-02	True	1	cmtsqj5lz5qd42auh8vvrfn03
2026-09-09T13:24:52+00:00	dgx-spark-04	True	1	cmtpeql4y1etk2auhbk9668ry
2026-09-09T13:24:52+00:00	dgx-spark-03	True	1	cmtpsaud71whj2auh0k27ynki
2026-09-09T13:24:52+00:00	dgx-spark-02	True	1	cmtsqj5lz5qd42auh8vvrfn03
2026-09-09T13:24:54+00:00	dgx-spark-04	True	1	cmtpeql4y1etk2auhbk9668ry
2026-09-09T13:24:54+00:00	dgx-spark-03	True	1	cmtpsaud71whj2auh0k27ynki
2026-09-09T13:24:54+00:00	dgx-spark-02	True	1	cmtsqj5lz5qd42auh8vvrfn03
2026-09-09T13:24:56+00:00	dgx-spark-04	True	1	cmtpeql4y1etk2auhbk9668ry
2026-09-09T13:24:56+00:00	dgx-spark-03	True	1	cmtpsaud71whj2auh0k27ynki
2026-09-09T13:24:56+00:00	dgx-spark-02	True	1	cmtsqj5lz5qd42auh8vvrfn03
2026-09-09T13:24:58+00:00	dgx-spark-04	True	1	cmtpeql4y1etk2auhbk9668ry
2026-09-09T13:24:58+00:00	dgx-spark-03	True	1	cmtpsaud71whj2auh0k27ynki
2026-09-09T13:24:58+00:00	dgx-spark-02	True	1	cmtsqj5lz5qd42auh8vvrfn03
2026-09-09T13:25:00+00:00	dgx-spark-04	True	1	cmtpeql4y1etk2auhbk9668ry
2026-09-09T13:25:00+00:00	dgx-spark-03	True	1	cmtpsaud71whj2auh0k27ynki
2026-09-09T13:25:00+00:00	dgx-spark-02	True	1	cmtsqj5lz5qd42auh8vvrfn03
2026-09-09T13:25:03+00:00	dgx-spark-04	True	1	cmtpeql4y1etk2auhbk9668ry
2026-09-09T13:25:03+00:00	dgx-spark-03	True	1	cmtpsaud71whj2auh0k27ynki
2026-09-09T13:25:03+00:00	dgx-spark-02	True	1	cmtsqj5lz5qd42auh8vvrfn03
2026-09-09T13:25:05+00:00	dgx-spark-04	True	1	cmtpeql4y1etk2auhbk9668ry
2026-09-09T13:25:05+00:00	dgx-spark-03	True	1	cmtpsaud71whj2auh0k27ynki
2026-09-09T13:25:05+00:00	dgx-spark-02	True	1	cmtsqj5lz5qd42auh8vvrfn03
2026-09-09T13:25:07+00:00	dgx-spark-04	True	1	cmtpeql4y1etk2auhbk9668ry
2026-09-09T13:25:07+00:00	dgx-spark-03	True	1	cmtpsaud71whj2auh0k27ynki
2026-09-09T13:25:07+00:00	dgx-spark-02	True	1	cmtsqj5lz5qd42auh8vvrfn03
2026-09-09T13:25:09+00:00	dgx-spark-04	True	1	cmtpeql4y1etk2auhbk9668ry
2026-09-09T13:25:09+00:00	dgx-spark-03	True	1	cmtpsaud71whj2auh0k27ynki
2026-09-09T13:25:09+00:00	dgx-spark-02	True	1	cmtsqj5lz5qd42auh8vvrfn03
2026-09-09T13:25:11+00:00	dgx-spark-04	True	1	cmtpeql4y1etk2auhbk9668ry
2026-09-09T13:25:11+00:00	dgx-spark-03	True	1	cmtpsaud71whj2auh0k27ynki
2026-09-09T13:25:11+00:00	dgx-spark-02	True	1	cmtsqj5lz5qd42auh8vvrfn03
2026-09-09T13:25:13+00:00	dgx-spark-04	True	1	cmtpeql4y1etk2auhbk9668ry
2026-09-09T13:25:13+00:00	dgx-spark-03	True	1	cmtpsaud71whj2auh0k27ynki
2026-09-09T13:25:13+00:00	dgx-spark-02	True	1	cmtsqj5lz5qd42auh8vvrfn03
2026-09-09T13:25:15+00:00	dgx-spark-04	True	1	cmtpeql4y1etk2auhbk9668ry
2026-09-09T13:25:15+00:00	dgx-spark-03	True	1	cmtpsaud71whj2auh0k27ynki
2026-09-09T13:25:15+00:00	dgx-spark-02	True	1	cmtsqj5lz5qd42auh8vvrfn03
2026-09-09T13:25:17+00:00	dgx-spark-04	True	1	cmtpeql4y1etk2auhbk9668ry
2026-09-09T13:25:17+00:00	dgx-spark-03	True	1	cmtpsaud71whj2auh0k27ynki
2026-09-09T13:25:17+00:00	dgx-spark-02	True	1	cmtsqj5lz5qd42auh8vvrfn03
2026-09-09T13:25:19+00:00	dgx-spark-04	True	1	cmtpeql4y1etk2auhbk9668ry
2026-09-09T13:25:19+00:00	dgx-spark-03	True	1	cmtpsaud71whj2auh0k27ynki
2026-09-09T13:25:19+00:00	dgx-spark-02	True	1	cmtsqj5lz5qd42auh8vvrfn03
2026-09-09T13:25:21+00:00	dgx-spark-04	True	1	cmtpeql4y1etk2auhbk9668ry
2026-09-09T13:25:21+00:00	dgx-spark-03	True	1	cmtpsaud71whj2auh0k27ynki
2026-09-09T13:25:21+00:00	dgx-spark-02	True	1	cmtsqj5lz5qd42auh8vvrfn03
2026-09-09T13:25:23+00:00	dgx-spark-04	True	1	cmtpeql4y1etk2auhbk9668ry
2026-09-09T13:25:23+00:00	dgx-spark-03	True	1	cmtpsaud71whj2auh0k27ynki
2026-09-09T13:25:23+00:00	dgx-spark-02	True	1	cmtsqj5lz5qd42auh8vvrfn03
2026-09-09T13:25:25+00:00	dgx-spark-04	True	1	cmtpeql4y1etk2auhbk9668ry
2026-09-09T13:25:25+00:00	dgx-spark-03	True	1	cmtpsaud71whj2auh0k27ynki
2026-09-09T13:25:25+00:00	dgx-spark-02	True	1	cmtsqj5lz5qd42auh8vvrfn03
2026-09-09T13:25:27+00:00	dgx-spark-04	True	1	cmtpeql4y1etk2auhbk9668ry
2026-09-09T13:25:27+00:00	dgx-spark-03	True	1	cmtpsaud71whj2auh0k27ynki
2026-09-09T13:25:27+00:00	dgx-spark-02	True	1	cmtsqj5lz5qd42auh8vvrfn03
2026-09-09T13:25:29+00:00	dgx-spark-04	True	1	cmtpeql4y1etk2auhbk9668ry
2026-09-09T13:25:29+00:00	dgx-spark-03	True	1	cmtpsaud71whj2auh0k27ynki
2026-09-09T13:25:29+00:00	dgx-spark-02	True	1	cmtsqj5lz5qd42auh8vvrfn03
2026-09-09T13:25:31+00:00	dgx-spark-04	True	1	cmtpeql4y1etk2auhbk9668ry
2026-09-09T13:25:31+00:00	dgx-spark-03	True	1	cmtpsaud71whj2auh0k27ynki
2026-09-09T13:25:31+00:00	dgx-spark-02	True	1	cmtsqj5lz5qd42auh8vvrfn03
2026-09-09T13:25:33+00:00	dgx-spark-04	True	1	cmtpeql4y1etk2auhbk9668ry
2026-09-09T13:25:33+00:00	dgx-spark-03	True	1	cmtpsaud71whj2auh0k27ynki
2026-09-09T13:25:33+00:00	dgx-spark-02	True	1	cmtsqj5lz5qd42auh8vvrfn03
2026-09-09T13:25:35+00:00	dgx-spark-04	True	1	cmtpeql4y1etk2auhbk9668ry
2026-09-09T13:25:35+00:00	dgx-spark-03	True	1	cmtpsaud71whj2auh0k27ynki
2026-09-09T13:25:35+00:00	dgx-spark-02	True	1	cmtsqj5lz5qd42auh8vvrfn03
2026-09-09T13:25:37+00:00	dgx-spark-04	True	1	cmtpeql4y1etk2auhbk9668ry
2026-09-09T13:25:37+00:00	dgx-spark-03	True	1	cmtpsaud71whj2auh0k27ynki
2026-09-09T13:25:37+00:00	dgx-spark-02	True	0	cmtsqj5lz5qd42auh8vvrfn03
2026-09-09T13:25:39+00:00	dgx-spark-04	True	1	cmtpeql4y1etk2auhbk9668ry
2026-09-09T13:25:39+00:00	dgx-spark-03	True	1	cmtpsaud71whj2auh0k27ynki
2026-09-09T13:25:39+00:00	dgx-spark-02	True	1	cmtsqj5lz5qd42auh8vvrfn03
2026-09-09T13:25:41+00:00	dgx-spark-04	True	1	cmtpeql4y1etk2auhbk9668ry
2026-09-09T13:25:41+00:00	dgx-spark-03	True	1	cmtpsaud71whj2auh0k27ynki
2026-09-09T13:25:41+00:00	dgx-spark-02	True	1	cmtsqj5lz5qd42auh8vvrfn03
2026-09-09T13:25:43+00:00	dgx-spark-04	True	1	cmtpeql4y1etk2auhbk9668ry
2026-09-09T13:25:43+00:00	dgx-spark-03	True	1	cmtpsaud71whj2auh0k27ynki
2026-09-09T13:25:43+00:00	dgx-spark-02	True	1	cmtsqj5lz5qd42auh8vvrfn03
2026-09-09T13:25:45+00:00	dgx-spark-04	True	1	cmtpeql4y1etk2auhbk9668ry
2026-09-09T13:25:45+00:00	dgx-spark-03	True	1	cmtpsaud71whj2auh0k27ynki
2026-09-09T13:25:45+00:00	dgx-spark-02	True	1	cmtsqj5lz5qd42auh8vvrfn03
2026-09-09T13:25:47+00:00	dgx-spark-04	True	1	cmtpeql4y1etk2auhbk9668ry
2026-09-09T13:25:47+00:00	dgx-spark-03	True	1	cmtpsaud71whj2auh0k27ynki
2026-09-09T13:25:47+00:00	dgx-spark-02	True	1	cmtsqj5lz5qd42auh8vvrfn03
2026-09-09T13:25:49+00:00	dgx-spark-04	True	1	cmtpeql4y1etk2auhbk9668ry
2026-09-09T13:25:49+00:00	dgx-spark-03	True	1	cmtpsaud71whj2auh0k27ynki
2026-09-09T13:25:49+00:00	dgx-spark-02	True	1	cmtsqj5lz5qd42auh8vvrfn03
2026-09-09T13:25:51+00:00	dgx-spark-04	True	1	cmtpeql4y1etk2auhbk9668ry
2026-09-09T13:25:51+00:00	dgx-spark-03	True	1	cmtpsaud71whj2auh0k27ynki
2026-09-09T13:25:51+00:00	dgx-spark-02	True	1	cmtsqj5lz5qd42auh8vvrfn03
2026-09-09T13:25:53+00:00	dgx-spark-04	True	1	cmtpeql4y1etk2auhbk9668ry
2026-09-09T13:25:53+00:00	dgx-spark-03	True	1	cmtpsaud71whj2auh0k27ynki
2026-09-09T13:25:53+00:00	dgx-spark-02	True	1	cmtsqj5lz5qd42auh8vvrfn03
2026-09-09T13:25:55+00:00	dgx-spark-04	True	1	cmtpeql4y1etk2auhbk9668ry
2026-09-09T13:25:55+00:00	dgx-spark-03	True	1	cmtpsaud71whj2auh0k27ynki
2026-09-09T13:25:55+00:00	dgx-spark-02	True	1	cmtsqj5lz5qd42auh8vvrfn03
2026-09-09T13:25:57+00:00	dgx-spark-04	True	1	cmtpeql4y1etk2auhbk9668ry
2026-09-09T13:25:57+00:00	dgx-spark-03	True	1	cmtpsaud71whj2auh0k27ynki
2026-09-09T13:25:57+00:00	dgx-spark-02	True	1	cmtsqj5lz5qd42auh8vvrfn03
2026-09-09T13:25:59+00:00	dgx-spark-04	True	1	cmtpeql4y1etk2auhbk9668ry
2026-09-09T13:25:59+00:00	dgx-spark-03	True	1	cmtpsaud71whj2auh0k27ynki
2026-09-09T13:25:59+00:00	dgx-spark-02	True	1	cmtsqj5lz5qd42auh8vvrfn03
2026-09-09T13:26:01+00:00	dgx-spark-04	True	1	cmtpeql4y1etk2auhbk9668ry
2026-09-09T13:26:01+00:00	dgx-spark-03	True	1	cmtpsaud71whj2auh0k27ynki
2026-09-09T13:26:01+00:00	dgx-spark-02	True	1	cmtsqj5lz5qd42auh8vvrfn03
2026-09-09T13:26:03+00:00	dgx-spark-04	True	1	cmtpeql4y1etk2auhbk9668ry
2026-09-09T13:26:03+00:00	dgx-spark-03	True	1	cmtpsaud71whj2auh0k27ynki
2026-09-09T13:26:03+00:00	dgx-spark-02	True	1	cmtsqj5lz5qd42auh8vvrfn03
2026-09-09T13:26:05+00:00	dgx-spark-04	True	1	cmtpeql4y1etk2auhbk9668ry
2026-09-09T13:26:05+00:00	dgx-spark-03	True	1	cmtpsaud71whj2auh0k27ynki
2026-09-09T13:26:05+00:00	dgx-spark-02	True	1	cmtsqj5lz5qd42auh8vvrfn03
2026-09-09T13:26:07+00:00	dgx-spark-04	True	1	cmtpeql4y1etk2auhbk9668ry
2026-09-09T13:26:07+00:00	dgx-spark-03	True	1	cmtpsaud71whj2auh0k27ynki
2026-09-09T13:26:07+00:00	dgx-spark-02	True	1	cmtsqj5lz5qd42auh8vvrfn03
2026-09-09T13:26:09+00:00	dgx-spark-04	True	1	cmtpeql4y1etk2auhbk9668ry
2026-09-09T13:26:09+00:00	dgx-spark-03	True	1	cmtpsaud71whj2auh0k27ynki
2026-09-09T13:26:09+00:00	dgx-spark-02	True	1	cmtsqj5lz5qd42auh8vvrfn03
2026-09-09T13:26:11+00:00	dgx-spark-04	True	1	cmtpeql4y1etk2auhbk9668ry
2026-09-09T13:26:11+00:00	dgx-spark-03	True	1	cmtpsaud71whj2auh0k27ynki
2026-09-09T13:26:11+00:00	dgx-spark-02	True	1	cmtsqj5lz5qd42auh8vvrfn03
2026-09-09T13:26:13+00:00	dgx-spark-04	True	1	cmtpeql4y1etk2auhbk9668ry
2026-09-09T13:26:13+00:00	dgx-spark-03	True	1	cmtpsaud71whj2auh0k27ynki
2026-09-09T13:26:13+00:00	dgx-spark-02	True	1	cmtsqj5lz5qd42auh8vvrfn03
2026-09-09T13:26:15+00:00	dgx-spark-04	True	1	cmtpeql4y1etk2auhbk9668ry
2026-09-09T13:26:15+00:00	dgx-spark-03	True	1	cmtpsaud71whj2auh0k27ynki
2026-09-09T13:26:15+00:00	dgx-spark-02	True	1	cmtsqj5lz5qd42auh8vvrfn03
2026-09-09T13:26:17+00:00	dgx-spark-04	True	1	cmtpeql4y1etk2auhbk9668ry
2026-09-09T13:26:17+00:00	dgx-spark-03	True	1	cmtpsaud71whj2auh0k27ynki
2026-09-09T13:26:17+00:00	dgx-spark-02	True	1	cmtsqj5lz5qd42auh8vvrfn03
2026-09-09T13:26:19+00:00	dgx-spark-04	True	1	cmtpeql4y1etk2auhbk9668ry
2026-09-09T13:26:19+00:00	dgx-spark-03	True	1	cmtpsaud71whj2auh0k27ynki
2026-09-09T13:26:19+00:00	dgx-spark-02	True	1	cmtsqj5lz5qd42auh8vvrfn03
2026-09-09T13:26:21+00:00	dgx-spark-04	True	1	cmtpeql4y1etk2auhbk9668ry
2026-09-09T13:26:21+00:00	dgx-spark-03	True	1	cmtpsaud71whj2auh0k27ynki
2026-09-09T13:26:21+00:00	dgx-spark-02	True	1	cmtsqj5lz5qd42auh8vvrfn03
2026-09-09T13:26:23+00:00	dgx-spark-04	True	1	cmtpeql4y1etk2auhbk9668ry
2026-09-09T13:26:23+00:00	dgx-spark-03	True	1	cmtpsaud71whj2auh0k27ynki
2026-09-09T13:26:23+00:00	dgx-spark-02	True	1	cmtsqj5lz5qd42auh8vvrfn03
2026-09-09T13:26:25+00:00	dgx-spark-04	True	1	cmtpeql4y1etk2auhbk9668ry
2026-09-09T13:26:25+00:00	dgx-spark-03	True	1	cmtpsaud71whj2auh0k27ynki
2026-09-09T13:26:25+00:00	dgx-spark-02	True	1	cmtsqj5lz5qd42auh8vvrfn03
2026-09-09T13:26:27+00:00	dgx-spark-04	True	1	cmtpeql4y1etk2auhbk9668ry
2026-09-09T13:26:27+00:00	dgx-spark-03	True	1	cmtpsaud71whj2auh0k27ynki
2026-09-09T13:26:27+00:00	dgx-spark-02	True	1	cmtsqj5lz5qd42auh8vvrfn03
2026-09-09T13:26:29+00:00	dgx-spark-04	True	1	cmtpeql4y1etk2auhbk9668ry
2026-09-09T13:26:29+00:00	dgx-spark-03	True	1	cmtpsaud71whj2auh0k27ynki
2026-09-09T13:26:29+00:00	dgx-spark-02	True	1	cmtsqj5lz5qd42auh8vvrfn03
2026-09-09T13:26:31+00:00	dgx-spark-04	True	1	cmtpeql4y1etk2auhbk9668ry
2026-09-09T13:26:31+00:00	dgx-spark-03	True	1	cmtpsaud71whj2auh0k27ynki
2026-09-09T13:26:31+00:00	dgx-spark-02	True	1	cmtsqj5lz5qd42auh8vvrfn03
2026-09-09T13:26:33+00:00	dgx-spark-04	True	1	cmtpeql4y1etk2auhbk9668ry
2026-09-09T13:26:33+00:00	dgx-spark-03	True	1	cmtpsaud71whj2auh0k27ynki
2026-09-09T13:26:33+00:00	dgx-spark-02	True	1	cmtsqj5lz5qd42auh8vvrfn03
2026-09-09T13:26:35+00:00	dgx-spark-04	True	1	cmtpeql4y1etk2auhbk9668ry
2026-09-09T13:26:35+00:00	dgx-spark-03	True	1	cmtpsaud71whj2auh0k27ynki
2026-09-09T13:26:35+00:00	dgx-spark-02	True	1	cmtsqj5lz5qd42auh8vvrfn03
2026-09-09T13:26:37+00:00	dgx-spark-04	True	1	cmtpeql4y1etk2auhbk9668ry
2026-09-09T13:26:37+00:00	dgx-spark-03	True	1	cmtpsaud71whj2auh0k27ynki
2026-09-09T13:26:37+00:00	dgx-spark-02	True	1	cmtsqj5lz5qd42auh8vvrfn03
2026-09-09T13:26:39+00:00	dgx-spark-04	True	1	cmtpeql4y1etk2auhbk9668ry
2026-09-09T13:26:39+00:00	dgx-spark-03	True	1	cmtpsaud71whj2auh0k27ynki
2026-09-09T13:26:39+00:00	dgx-spark-02	True	1	cmtsqj5lz5qd42auh8vvrfn03
2026-09-09T13:26:41+00:00	dgx-spark-04	True	1	cmtpeql4y1etk2auhbk9668ry
2026-09-09T13:26:41+00:00	dgx-spark-03	True	1	cmtpsaud71whj2auh0k27ynki
2026-09-09T13:26:41+00:00	dgx-spark-02	True	1	cmtsqj5lz5qd42auh8vvrfn03
2026-09-09T13:26:43+00:00	dgx-spark-04	True	1	cmtpeql4y1etk2auhbk9668ry
2026-09-09T13:26:43+00:00	dgx-spark-03	True	1	cmtpsaud71whj2auh0k27ynki
2026-09-09T13:26:43+00:00	dgx-spark-02	True	1	cmtsqj5lz5qd42auh8vvrfn03
2026-09-09T13:26:45+00:00	dgx-spark-04	True	1	cmtpeql4y1etk2auhbk9668ry
2026-09-09T13:26:45+00:00	dgx-spark-03	True	1	cmtpsaud71whj2auh0k27ynki
2026-09-09T13:26:45+00:00	dgx-spark-02	True	1	cmtsqj5lz5qd42auh8vvrfn03
2026-09-09T13:26:47+00:00	dgx-spark-04	True	1	cmtpeql4y1etk2auhbk9668ry
2026-09-09T13:26:47+00:00	dgx-spark-03	True	1	cmtpsaud71whj2auh0k27ynki
2026-09-09T13:26:47+00:00	dgx-spark-02	True	1	cmtsqj5lz5qd42auh8vvrfn03
2026-09-09T13:26:49+00:00	dgx-spark-04	True	1	cmtpeql4y1etk2auhbk9668ry
2026-09-09T13:26:49+00:00	dgx-spark-03	True	1	cmtpsaud71whj2auh0k27ynki
2026-09-09T13:26:49+00:00	dgx-spark-02	True	1	cmtsqj5lz5qd42auh8vvrfn03
2026-09-09T13:26:51+00:00	dgx-spark-04	True	1	cmtpeql4y1etk2auhbk9668ry
2026-09-09T13:26:51+00:00	dgx-spark-03	True	1	cmtpsaud71whj2auh0k27ynki
2026-09-09T13:26:51+00:00	dgx-spark-02	True	1	cmtsqj5lz5qd42auh8vvrfn03
2026-09-09T13:26:53+00:00	dgx-spark-04	True	1	cmtpeql4y1etk2auhbk9668ry
2026-09-09T13:26:53+00:00	dgx-spark-03	True	1	cmtpsaud71whj2auh0k27ynki
2026-09-09T13:26:53+00:00	dgx-spark-02	True	1	cmtsqj5lz5qd42auh8vvrfn03
2026-09-09T13:26:56+00:00	dgx-spark-04	True	1	cmtpeql4y1etk2auhbk9668ry
2026-09-09T13:26:56+00:00	dgx-spark-03	True	1	cmtpsaud71whj2auh0k27ynki
2026-09-09T13:26:56+00:00	dgx-spark-02	True	1	cmtsqj5lz5qd42auh8vvrfn03
2026-09-09T13:26:58+00:00	dgx-spark-04	True	1	cmtpeql4y1etk2auhbk9668ry
2026-09-09T13:26:58+00:00	dgx-spark-03	True	1	cmtpsaud71whj2auh0k27ynki
2026-09-09T13:26:58+00:00	dgx-spark-02	True	1	cmtsqj5lz5qd42auh8vvrfn03
2026-09-09T13:27:00+00:00	dgx-spark-04	True	1	cmtpeql4y1etk2auhbk9668ry
2026-09-09T13:27:00+00:00	dgx-spark-03	True	1	cmtpsaud71whj2auh0k27ynki
2026-09-09T13:27:00+00:00	dgx-spark-02	True	1	cmtsqj5lz5qd42auh8vvrfn03
2026-09-09T13:27:02+00:00	dgx-spark-04	True	1	cmtpeql4y1etk2auhbk9668ry
2026-09-09T13:27:02+00:00	dgx-spark-03	True	1	cmtpsaud71whj2auh0k27ynki
2026-09-09T13:27:02+00:00	dgx-spark-02	True	1	cmtsqj5lz5qd42auh8vvrfn03
2026-09-09T13:27:04+00:00	dgx-spark-04	True	1	cmtpeql4y1etk2auhbk9668ry
2026-09-09T13:27:04+00:00	dgx-spark-03	True	1	cmtpsaud71whj2auh0k27ynki
2026-09-09T13:27:04+00:00	dgx-spark-02	True	1	cmtsqj5lz5qd42auh8vvrfn03
2026-09-09T13:27:06+00:00	dgx-spark-04	True	1	cmtpeql4y1etk2auhbk9668ry
2026-09-09T13:27:06+00:00	dgx-spark-03	True	1	cmtpsaud71whj2auh0k27ynki
2026-09-09T13:27:06+00:00	dgx-spark-02	True	1	cmtsqj5lz5qd42auh8vvrfn03
2026-09-09T13:27:08+00:00	dgx-spark-04	True	1	cmtpeql4y1etk2auhbk9668ry
2026-09-09T13:27:08+00:00	dgx-spark-03	True	1	cmtpsaud71whj2auh0k27ynki
2026-09-09T13:27:08+00:00	dgx-spark-02	True	1	cmtsqj5lz5qd42auh8vvrfn03
2026-09-09T13:27:10+00:00	dgx-spark-04	True	1	cmtpeql4y1etk2auhbk9668ry
2026-09-09T13:27:10+00:00	dgx-spark-03	True	1	cmtpsaud71whj2auh0k27ynki
2026-09-09T13:27:10+00:00	dgx-spark-02	True	1	cmtsqj5lz5qd42auh8vvrfn03
2026-09-09T13:27:12+00:00	dgx-spark-04	True	1	cmtpeql4y1etk2auhbk9668ry
2026-09-09T13:27:12+00:00	dgx-spark-03	True	1	cmtpsaud71whj2auh0k27ynki
2026-09-09T13:27:12+00:00	dgx-spark-02	True	1	cmtsqj5lz5qd42auh8vvrfn03
2026-09-09T13:27:14+00:00	dgx-spark-04	True	1	cmtpeql4y1etk2auhbk9668ry
2026-09-09T13:27:14+00:00	dgx-spark-03	True	1	cmtpsaud71whj2auh0k27ynki
2026-09-09T13:27:14+00:00	dgx-spark-02	True	1	cmtsqj5lz5qd42auh8vvrfn03
2026-09-09T13:27:16+00:00	dgx-spark-04	True	1	cmtpeql4y1etk2auhbk9668ry
2026-09-09T13:27:16+00:00	dgx-spark-03	True	1	cmtpsaud71whj2auh0k27ynki
2026-09-09T13:27:16+00:00	dgx-spark-02	True	1	cmtsqj5lz5qd42auh8vvrfn03
2026-09-09T13:27:18+00:00	dgx-spark-04	True	1	cmtpeql4y1etk2auhbk9668ry
2026-09-09T13:27:18+00:00	dgx-spark-03	True	1	cmtpsaud71whj2auh0k27ynki
2026-09-09T13:27:18+00:00	dgx-spark-02	True	1	cmtsqj5lz5qd42auh8vvrfn03
2026-09-09T13:27:20+00:00	dgx-spark-04	True	1	cmtpeql4y1etk2auhbk9668ry
2026-09-09T13:27:20+00:00	dgx-spark-03	True	1	cmtpsaud71whj2auh0k27ynki
2026-09-09T13:27:20+00:00	dgx-spark-02	True	1	cmtsqj5lz5qd42auh8vvrfn03
2026-09-09T13:27:22+00:00	dgx-spark-04	True	1	cmtpeql4y1etk2auhbk9668ry
2026-09-09T13:27:22+00:00	dgx-spark-03	True	1	cmtpsaud71whj2auh0k27ynki
2026-09-09T13:27:22+00:00	dgx-spark-02	True	1	cmtsqj5lz5qd42auh8vvrfn03
2026-09-09T13:27:24+00:00	dgx-spark-04	True	1	cmtpeql4y1etk2auhbk9668ry
2026-09-09T13:27:24+00:00	dgx-spark-03	True	1	cmtpsaud71whj2auh0k27ynki
2026-09-09T13:27:24+00:00	dgx-spark-02	True	1	cmtsqj5lz5qd42auh8vvrfn03
2026-09-09T13:27:26+00:00	dgx-spark-04	True	1	cmtpeql4y1etk2auhbk9668ry
2026-09-09T13:27:26+00:00	dgx-spark-03	True	1	cmtpsaud71whj2auh0k27ynki
2026-09-09T13:27:26+00:00	dgx-spark-02	True	1	cmtsqj5lz5qd42auh8vvrfn03
2026-09-09T13:27:28+00:00	dgx-spark-04	True	1	cmtpeql4y1etk2auhbk9668ry
2026-09-09T13:27:28+00:00	dgx-spark-03	True	1	cmtpsaud71whj2auh0k27ynki
2026-09-09T13:27:28+00:00	dgx-spark-02	True	1	cmtsqj5lz5qd42auh8vvrfn03
2026-09-09T13:27:30+00:00	dgx-spark-04	True	1	cmtpeql4y1etk2auhbk9668ry
2026-09-09T13:27:30+00:00	dgx-spark-03	True	1	cmtpsaud71whj2auh0k27ynki
2026-09-09T13:27:30+00:00	dgx-spark-02	True	1	cmtsqj5lz5qd42auh8vvrfn03
2026-09-09T13:27:32+00:00	dgx-spark-04	True	1	cmtpeql4y1etk2auhbk9668ry
2026-09-09T13:27:32+00:00	dgx-spark-03	True	1	cmtpsaud71whj2auh0k27ynki
2026-09-09T13:27:32+00:00	dgx-spark-02	True	1	cmtsqj5lz5qd42auh8vvrfn03
2026-09-09T13:27:34+00:00	dgx-spark-04	True	1	cmtpeql4y1etk2auhbk9668ry
2026-09-09T13:27:34+00:00	dgx-spark-03	True	1	cmtpsaud71whj2auh0k27ynki
2026-09-09T13:27:34+00:00	dgx-spark-02	True	1	cmtsqj5lz5qd42auh8vvrfn03
2026-09-09T13:27:36+00:00	dgx-spark-04	True	1	cmtpeql4y1etk2auhbk9668ry
2026-09-09T13:27:36+00:00	dgx-spark-03	True	1	cmtpsaud71whj2auh0k27ynki
2026-09-09T13:27:36+00:00	dgx-spark-02	True	1	cmtsqj5lz5qd42auh8vvrfn03
2026-09-09T13:27:38+00:00	dgx-spark-04	True	1	cmtpeql4y1etk2auhbk9668ry
2026-09-09T13:27:38+00:00	dgx-spark-03	True	1	cmtpsaud71whj2auh0k27ynki
2026-09-09T13:27:38+00:00	dgx-spark-02	True	1	cmtsqj5lz5qd42auh8vvrfn03
2026-09-09T13:27:40+00:00	dgx-spark-04	True	1	cmtpeql4y1etk2auhbk9668ry
2026-09-09T13:27:40+00:00	dgx-spark-03	True	1	cmtpsaud71whj2auh0k27ynki
2026-09-09T13:27:40+00:00	dgx-spark-02	True	1	cmtsqj5lz5qd42auh8vvrfn03
2026-09-09T13:27:42+00:00	dgx-spark-04	True	1	cmtpeql4y1etk2auhbk9668ry
2026-09-09T13:27:42+00:00	dgx-spark-03	True	1	cmtpsaud71whj2auh0k27ynki
2026-09-09T13:27:42+00:00	dgx-spark-02	True	1	cmtsqj5lz5qd42auh8vvrfn03
2026-09-09T13:27:44+00:00	dgx-spark-04	True	1	cmtpeql4y1etk2auhbk9668ry
2026-09-09T13:27:44+00:00	dgx-spark-03	True	1	cmtpsaud71whj2auh0k27ynki
2026-09-09T13:27:44+00:00	dgx-spark-02	True	1	cmtsqj5lz5qd42auh8vvrfn03
2026-09-09T13:27:46+00:00	dgx-spark-04	True	1	cmtpeql4y1etk2auhbk9668ry
2026-09-09T13:27:46+00:00	dgx-spark-03	True	1	cmtpsaud71whj2auh0k27ynki
2026-09-09T13:27:46+00:00	dgx-spark-02	True	1	cmtsqj5lz5qd42auh8vvrfn03
2026-09-09T13:27:48+00:00	dgx-spark-04	True	1	cmtpeql4y1etk2auhbk9668ry
2026-09-09T13:27:48+00:00	dgx-spark-03	True	1	cmtpsaud71whj2auh0k27ynki
2026-09-09T13:27:48+00:00	dgx-spark-02	True	1	cmtsqj5lz5qd42auh8vvrfn03
2026-09-09T13:27:50+00:00	dgx-spark-04	True	1	cmtpeql4y1etk2auhbk9668ry
2026-09-09T13:27:50+00:00	dgx-spark-03	True	1	cmtpsaud71whj2auh0k27ynki
2026-09-09T13:27:50+00:00	dgx-spark-02	True	1	cmtsqj5lz5qd42auh8vvrfn03
2026-09-09T13:27:52+00:00	dgx-spark-04	True	1	cmtpeql4y1etk2auhbk9668ry
2026-09-09T13:27:52+00:00	dgx-spark-03	True	1	cmtpsaud71whj2auh0k27ynki
2026-09-09T13:27:52+00:00	dgx-spark-02	True	1	cmtsqj5lz5qd42auh8vvrfn03
2026-09-09T13:27:54+00:00	dgx-spark-04	True	1	cmtpeql4y1etk2auhbk9668ry
2026-09-09T13:27:54+00:00	dgx-spark-03	True	1	cmtpsaud71whj2auh0k27ynki
2026-09-09T13:27:54+00:00	dgx-spark-02	True	1	cmtsqj5lz5qd42auh8vvrfn03
2026-09-09T13:27:56+00:00	dgx-spark-04	True	1	cmtpeql4y1etk2auhbk9668ry
2026-09-09T13:27:56+00:00	dgx-spark-03	True	1	cmtpsaud71whj2auh0k27ynki
2026-09-09T13:27:56+00:00	dgx-spark-02	True	1	cmtsqj5lz5qd42auh8vvrfn03
2026-09-09T13:27:58+00:00	dgx-spark-04	True	1	cmtpeql4y1etk2auhbk9668ry
2026-09-09T13:27:58+00:00	dgx-spark-03	True	1	cmtpsaud71whj2auh0k27ynki
2026-09-09T13:27:58+00:00	dgx-spark-02	True	1	cmtsqj5lz5qd42auh8vvrfn03
2026-09-09T13:28:00+00:00	dgx-spark-04	True	1	cmtpeql4y1etk2auhbk9668ry
2026-09-09T13:28:00+00:00	dgx-spark-03	True	1	cmtpsaud71whj2auh0k27ynki
2026-09-09T13:28:00+00:00	dgx-spark-02	True	1	cmtsqj5lz5qd42auh8vvrfn03
2026-09-09T13:28:02+00:00	dgx-spark-04	True	1	cmtpeql4y1etk2auhbk9668ry
2026-09-09T13:28:02+00:00	dgx-spark-03	True	1	cmtpsaud71whj2auh0k27ynki
2026-09-09T13:28:02+00:00	dgx-spark-02	True	1	cmtsqj5lz5qd42auh8vvrfn03
2026-09-09T13:28:04+00:00	dgx-spark-04	True	1	cmtpeql4y1etk2auhbk9668ry
2026-09-09T13:28:04+00:00	dgx-spark-03	True	1	cmtpsaud71whj2auh0k27ynki
2026-09-09T13:28:04+00:00	dgx-spark-02	True	1	cmtsqj5lz5qd42auh8vvrfn03
2026-09-09T13:28:06+00:00	dgx-spark-04	True	1	cmtpeql4y1etk2auhbk9668ry
2026-09-09T13:28:06+00:00	dgx-spark-03	True	1	cmtpsaud71whj2auh0k27ynki
2026-09-09T13:28:06+00:00	dgx-spark-02	True	1	cmtsqj5lz5qd42auh8vvrfn03
2026-09-09T13:28:08+00:00	dgx-spark-04	True	1	cmtpeql4y1etk2auhbk9668ry
2026-09-09T13:28:08+00:00	dgx-spark-03	True	1	cmtpsaud71whj2auh0k27ynki
2026-09-09T13:28:08+00:00	dgx-spark-02	True	1	cmtsqj5lz5qd42auh8vvrfn03
2026-09-09T13:28:10+00:00	dgx-spark-04	True	1	cmtpeql4y1etk2auhbk9668ry
2026-09-09T13:28:10+00:00	dgx-spark-03	True	1	cmtpsaud71whj2auh0k27ynki
2026-09-09T13:28:10+00:00	dgx-spark-02	True	1	cmtsqj5lz5qd42auh8vvrfn03
2026-09-09T13:28:12+00:00	dgx-spark-04	True	1	cmtpeql4y1etk2auhbk9668ry
2026-09-09T13:28:12+00:00	dgx-spark-03	True	1	cmtpsaud71whj2auh0k27ynki
2026-09-09T13:28:12+00:00	dgx-spark-02	True	1	cmtsqj5lz5qd42auh8vvrfn03
2026-09-09T13:28:14+00:00	dgx-spark-04	True	1	cmtpeql4y1etk2auhbk9668ry
2026-09-09T13:28:14+00:00	dgx-spark-03	True	1	cmtpsaud71whj2auh0k27ynki
2026-09-09T13:28:14+00:00	dgx-spark-02	True	1	cmtsqj5lz5qd42auh8vvrfn03
2026-09-09T13:28:16+00:00	dgx-spark-04	True	1	cmtpeql4y1etk2auhbk9668ry
2026-09-09T13:28:16+00:00	dgx-spark-03	True	1	cmtpsaud71whj2auh0k27ynki
2026-09-09T13:28:16+00:00	dgx-spark-02	True	1	cmtsqj5lz5qd42auh8vvrfn03
2026-09-09T13:28:18+00:00	dgx-spark-04	True	1	cmtpeql4y1etk2auhbk9668ry
2026-09-09T13:28:18+00:00	dgx-spark-03	True	1	cmtpsaud71whj2auh0k27ynki
2026-09-09T13:28:18+00:00	dgx-spark-02	True	1	cmtsqj5lz5qd42auh8vvrfn03
2026-09-09T13:28:20+00:00	dgx-spark-04	True	1	cmtpeql4y1etk2auhbk9668ry
2026-09-09T13:28:20+00:00	dgx-spark-03	True	1	cmtpsaud71whj2auh0k27ynki
2026-09-09T13:28:20+00:00	dgx-spark-02	True	1	cmtsqj5lz5qd42auh8vvrfn03
2026-09-09T13:28:22+00:00	dgx-spark-04	True	1	cmtpeql4y1etk2auhbk9668ry
2026-09-09T13:28:22+00:00	dgx-spark-03	True	1	cmtpsaud71whj2auh0k27ynki
2026-09-09T13:28:22+00:00	dgx-spark-02	True	1	cmtsqj5lz5qd42auh8vvrfn03
2026-09-09T13:28:24+00:00	dgx-spark-04	True	1	cmtpeql4y1etk2auhbk9668ry
2026-09-09T13:28:24+00:00	dgx-spark-03	True	1	cmtpsaud71whj2auh0k27ynki
2026-09-09T13:28:24+00:00	dgx-spark-02	True	1	cmtsqj5lz5qd42auh8vvrfn03
2026-09-09T13:28:26+00:00	dgx-spark-04	True	1	cmtpeql4y1etk2auhbk9668ry
2026-09-09T13:28:26+00:00	dgx-spark-03	True	1	cmtpsaud71whj2auh0k27ynki
2026-09-09T13:28:26+00:00	dgx-spark-02	True	1	cmtsqj5lz5qd42auh8vvrfn03
2026-09-09T13:28:28+00:00	dgx-spark-04	True	1	cmtpeql4y1etk2auhbk9668ry
2026-09-09T13:28:28+00:00	dgx-spark-03	True	1	cmtpsaud71whj2auh0k27ynki
2026-09-09T13:28:28+00:00	dgx-spark-02	True	1	cmtsqj5lz5qd42auh8vvrfn03
2026-09-09T13:28:30+00:00	dgx-spark-04	True	1	cmtpeql4y1etk2auhbk9668ry
2026-09-09T13:28:30+00:00	dgx-spark-03	True	1	cmtpsaud71whj2auh0k27ynki
2026-09-09T13:28:30+00:00	dgx-spark-02	True	1	cmtsqj5lz5qd42auh8vvrfn03
2026-09-09T13:28:32+00:00	dgx-spark-04	True	1	cmtpeql4y1etk2auhbk9668ry
2026-09-09T13:28:32+00:00	dgx-spark-03	True	1	cmtpsaud71whj2auh0k27ynki
2026-09-09T13:28:32+00:00	dgx-spark-02	True	1	cmtsqj5lz5qd42auh8vvrfn03
2026-09-09T13:28:34+00:00	dgx-spark-04	True	1	cmtpeql4y1etk2auhbk9668ry
2026-09-09T13:28:34+00:00	dgx-spark-03	True	1	cmtpsaud71whj2auh0k27ynki
2026-09-09T13:28:34+00:00	dgx-spark-02	True	1	cmtsqj5lz5qd42auh8vvrfn03
2026-09-09T13:28:36+00:00	dgx-spark-04	True	1	cmtpeql4y1etk2auhbk9668ry
2026-09-09T13:28:36+00:00	dgx-spark-03	True	1	cmtpsaud71whj2auh0k27ynki
2026-09-09T13:28:36+00:00	dgx-spark-02	True	1	cmtsqj5lz5qd42auh8vvrfn03
2026-09-09T13:28:38+00:00	dgx-spark-04	True	1	cmtpeql4y1etk2auhbk9668ry
2026-09-09T13:28:38+00:00	dgx-spark-03	True	1	cmtpsaud71whj2auh0k27ynki
2026-09-09T13:28:38+00:00	dgx-spark-02	True	1	cmtsqj5lz5qd42auh8vvrfn03
2026-09-09T13:28:40+00:00	dgx-spark-04	True	1	cmtpeql4y1etk2auhbk9668ry
2026-09-09T13:28:40+00:00	dgx-spark-03	True	1	cmtpsaud71whj2auh0k27ynki
2026-09-09T13:28:40+00:00	dgx-spark-02	True	1	cmtsqj5lz5qd42auh8vvrfn03
2026-09-09T13:28:42+00:00	dgx-spark-04	True	1	cmtpeql4y1etk2auhbk9668ry
2026-09-09T13:28:42+00:00	dgx-spark-03	True	1	cmtpsaud71whj2auh0k27ynki
2026-09-09T13:28:42+00:00	dgx-spark-02	True	1	cmtsqj5lz5qd42auh8vvrfn03
2026-09-09T13:28:45+00:00	dgx-spark-04	True	1	cmtpeql4y1etk2auhbk9668ry
2026-09-09T13:28:45+00:00	dgx-spark-03	True	1	cmtpsaud71whj2auh0k27ynki
2026-09-09T13:28:45+00:00	dgx-spark-02	True	1	cmtsqj5lz5qd42auh8vvrfn03
2026-09-09T13:28:47+00:00	dgx-spark-04	True	1	cmtpeql4y1etk2auhbk9668ry
2026-09-09T13:28:47+00:00	dgx-spark-03	True	1	cmtpsaud71whj2auh0k27ynki
2026-09-09T13:28:47+00:00	dgx-spark-02	True	1	cmtsqj5lz5qd42auh8vvrfn03
2026-09-09T13:28:49+00:00	dgx-spark-04	True	1	cmtpeql4y1etk2auhbk9668ry
2026-09-09T13:28:49+00:00	dgx-spark-03	True	1	cmtpsaud71whj2auh0k27ynki
2026-09-09T13:28:49+00:00	dgx-spark-02	True	1	cmtsqj5lz5qd42auh8vvrfn03
2026-09-09T13:28:51+00:00	dgx-spark-04	True	1	cmtpeql4y1etk2auhbk9668ry
2026-09-09T13:28:51+00:00	dgx-spark-03	True	1	cmtpsaud71whj2auh0k27ynki
2026-09-09T13:28:51+00:00	dgx-spark-02	True	1	cmtsqj5lz5qd42auh8vvrfn03
2026-09-09T13:28:53+00:00	dgx-spark-04	True	1	cmtpeql4y1etk2auhbk9668ry
2026-09-09T13:28:53+00:00	dgx-spark-03	True	1	cmtpsaud71whj2auh0k27ynki
2026-09-09T13:28:53+00:00	dgx-spark-02	True	1	cmtsqj5lz5qd42auh8vvrfn03
2026-09-09T13:28:55+00:00	dgx-spark-04	True	1	cmtpeql4y1etk2auhbk9668ry
2026-09-09T13:28:55+00:00	dgx-spark-03	True	1	cmtpsaud71whj2auh0k27ynki
2026-09-09T13:28:55+00:00	dgx-spark-02	True	1	cmtsqj5lz5qd42auh8vvrfn03
2026-09-09T13:28:57+00:00	dgx-spark-04	True	1	cmtpeql4y1etk2auhbk9668ry
2026-09-09T13:28:57+00:00	dgx-spark-03	True	1	cmtpsaud71whj2auh0k27ynki
2026-09-09T13:28:57+00:00	dgx-spark-02	True	1	cmtsqj5lz5qd42auh8vvrfn03
2026-09-09T13:28:59+00:00	dgx-spark-04	True	1	cmtpeql4y1etk2auhbk9668ry
2026-09-09T13:28:59+00:00	dgx-spark-03	True	1	cmtpsaud71whj2auh0k27ynki
2026-09-09T13:28:59+00:00	dgx-spark-02	True	1	cmtsqj5lz5qd42auh8vvrfn03
2026-09-09T13:29:01+00:00	dgx-spark-04	True	1	cmtpeql4y1etk2auhbk9668ry
2026-09-09T13:29:01+00:00	dgx-spark-03	True	1	cmtpsaud71whj2auh0k27ynki
2026-09-09T13:29:01+00:00	dgx-spark-02	True	1	cmtsqj5lz5qd42auh8vvrfn03
2026-09-09T13:29:03+00:00	dgx-spark-04	True	1	cmtpeql4y1etk2auhbk9668ry
2026-09-09T13:29:03+00:00	dgx-spark-03	True	1	cmtpsaud71whj2auh0k27ynki
2026-09-09T13:29:03+00:00	dgx-spark-02	True	1	cmtsqj5lz5qd42auh8vvrfn03
2026-09-09T13:29:05+00:00	dgx-spark-04	True	1	cmtpeql4y1etk2auhbk9668ry
2026-09-09T13:29:05+00:00	dgx-spark-03	True	1	cmtpsaud71whj2auh0k27ynki
2026-09-09T13:29:05+00:00	dgx-spark-02	True	1	cmtsqj5lz5qd42auh8vvrfn03
2026-09-09T13:29:07+00:00	dgx-spark-04	True	1	cmtpeql4y1etk2auhbk9668ry
2026-09-09T13:29:07+00:00	dgx-spark-03	True	1	cmtpsaud71whj2auh0k27ynki
2026-09-09T13:29:07+00:00	dgx-spark-02	True	1	cmtsqj5lz5qd42auh8vvrfn03
2026-09-09T13:29:09+00:00	dgx-spark-04	True	1	cmtpeql4y1etk2auhbk9668ry
2026-09-09T13:29:09+00:00	dgx-spark-03	True	1	cmtpsaud71whj2auh0k27ynki
2026-09-09T13:29:09+00:00	dgx-spark-02	True	1	cmtsqj5lz5qd42auh8vvrfn03
2026-09-09T13:29:11+00:00	dgx-spark-04	True	1	cmtpeql4y1etk2auhbk9668ry
2026-09-09T13:29:11+00:00	dgx-spark-03	True	1	cmtpsaud71whj2auh0k27ynki
2026-09-09T13:29:11+00:00	dgx-spark-02	True	1	cmtsqj5lz5qd42auh8vvrfn03
2026-09-09T13:29:13+00:00	dgx-spark-04	True	1	cmtpeql4y1etk2auhbk9668ry
2026-09-09T13:29:13+00:00	dgx-spark-03	True	1	cmtpsaud71whj2auh0k27ynki
2026-09-09T13:29:13+00:00	dgx-spark-02	True	1	cmtsqj5lz5qd42auh8vvrfn03
2026-09-09T13:29:15+00:00	dgx-spark-04	True	1	cmtpeql4y1etk2auhbk9668ry
2026-09-09T13:29:15+00:00	dgx-spark-03	True	1	cmtpsaud71whj2auh0k27ynki
2026-09-09T13:29:15+00:00	dgx-spark-02	True	1	cmtsqj5lz5qd42auh8vvrfn03
2026-09-09T13:29:17+00:00	dgx-spark-04	True	1	cmtpeql4y1etk2auhbk9668ry
2026-09-09T13:29:17+00:00	dgx-spark-03	True	1	cmtpsaud71whj2auh0k27ynki
2026-09-09T13:29:17+00:00	dgx-spark-02	True	1	cmtsqj5lz5qd42auh8vvrfn03
2026-09-09T13:29:19+00:00	dgx-spark-04	True	1	cmtpeql4y1etk2auhbk9668ry
2026-09-09T13:29:19+00:00	dgx-spark-03	True	1	cmtpsaud71whj2auh0k27ynki
2026-09-09T13:29:19+00:00	dgx-spark-02	True	1	cmtsqj5lz5qd42auh8vvrfn03
2026-09-09T13:29:21+00:00	dgx-spark-04	True	1	cmtpeql4y1etk2auhbk9668ry
2026-09-09T13:29:21+00:00	dgx-spark-03	True	1	cmtpsaud71whj2auh0k27ynki
2026-09-09T13:29:21+00:00	dgx-spark-02	True	1	cmtsqj5lz5qd42auh8vvrfn03
2026-09-09T13:29:23+00:00	dgx-spark-04	True	1	cmtpeql4y1etk2auhbk9668ry
2026-09-09T13:29:23+00:00	dgx-spark-03	True	1	cmtpsaud71whj2auh0k27ynki
2026-09-09T13:29:23+00:00	dgx-spark-02	True	1	cmtsqj5lz5qd42auh8vvrfn03
2026-09-09T13:29:25+00:00	dgx-spark-04	True	1	cmtpeql4y1etk2auhbk9668ry
2026-09-09T13:29:25+00:00	dgx-spark-03	True	1	cmtpsaud71whj2auh0k27ynki
2026-09-09T13:29:25+00:00	dgx-spark-02	True	1	cmtsqj5lz5qd42auh8vvrfn03
2026-09-09T13:29:27+00:00	dgx-spark-04	True	1	cmtpeql4y1etk2auhbk9668ry
2026-09-09T13:29:27+00:00	dgx-spark-03	True	1	cmtpsaud71whj2auh0k27ynki
2026-09-09T13:29:27+00:00	dgx-spark-02	True	1	cmtsqj5lz5qd42auh8vvrfn03
2026-09-09T13:29:29+00:00	dgx-spark-04	True	1	cmtpeql4y1etk2auhbk9668ry
2026-09-09T13:29:29+00:00	dgx-spark-03	True	1	cmtpsaud71whj2auh0k27ynki
2026-09-09T13:29:29+00:00	dgx-spark-02	True	1	cmtsqj5lz5qd42auh8vvrfn03
2026-09-09T13:29:31+00:00	dgx-spark-04	True	1	cmtpeql4y1etk2auhbk9668ry
2026-09-09T13:29:31+00:00	dgx-spark-03	True	1	cmtpsaud71whj2auh0k27ynki
2026-09-09T13:29:31+00:00	dgx-spark-02	True	1	cmtsqj5lz5qd42auh8vvrfn03
2026-09-09T13:29:33+00:00	dgx-spark-04	True	1	cmtpeql4y1etk2auhbk9668ry
2026-09-09T13:29:33+00:00	dgx-spark-03	True	1	cmtpsaud71whj2auh0k27ynki
2026-09-09T13:29:33+00:00	dgx-spark-02	True	1	cmtsqj5lz5qd42auh8vvrfn03
2026-09-09T13:29:35+00:00	dgx-spark-04	True	1	cmtpeql4y1etk2auhbk9668ry
2026-09-09T13:29:35+00:00	dgx-spark-03	True	1	cmtpsaud71whj2auh0k27ynki
2026-09-09T13:29:35+00:00	dgx-spark-02	True	1	cmtsqj5lz5qd42auh8vvrfn03
2026-09-09T13:29:37+00:00	dgx-spark-04	True	1	cmtpeql4y1etk2auhbk9668ry
2026-09-09T13:29:37+00:00	dgx-spark-03	True	1	cmtpsaud71whj2auh0k27ynki
2026-09-09T13:29:37+00:00	dgx-spark-02	True	1	cmtsqj5lz5qd42auh8vvrfn03
2026-09-09T13:29:39+00:00	dgx-spark-04	True	1	cmtpeql4y1etk2auhbk9668ry
2026-09-09T13:29:39+00:00	dgx-spark-03	True	1	cmtpsaud71whj2auh0k27ynki
2026-09-09T13:29:39+00:00	dgx-spark-02	True	1	cmtsqj5lz5qd42auh8vvrfn03
2026-09-09T13:29:41+00:00	dgx-spark-04	True	1	cmtpeql4y1etk2auhbk9668ry
2026-09-09T13:29:41+00:00	dgx-spark-03	True	1	cmtpsaud71whj2auh0k27ynki
2026-09-09T13:29:41+00:00	dgx-spark-02	True	1	cmtsqj5lz5qd42auh8vvrfn03
2026-09-09T13:29:43+00:00	dgx-spark-04	True	1	cmtpeql4y1etk2auhbk9668ry
2026-09-09T13:29:43+00:00	dgx-spark-03	True	1	cmtpsaud71whj2auh0k27ynki
2026-09-09T13:29:43+00:00	dgx-spark-02	True	1	cmtsqj5lz5qd42auh8vvrfn03
2026-09-09T13:29:45+00:00	dgx-spark-04	True	1	cmtpeql4y1etk2auhbk9668ry
2026-09-09T13:29:45+00:00	dgx-spark-03	True	1	cmtpsaud71whj2auh0k27ynki
2026-09-09T13:29:45+00:00	dgx-spark-02	True	1	cmtsqj5lz5qd42auh8vvrfn03
2026-09-09T13:29:47+00:00	dgx-spark-04	True	1	cmtpeql4y1etk2auhbk9668ry
2026-09-09T13:29:47+00:00	dgx-spark-03	True	1	cmtpsaud71whj2auh0k27ynki
2026-09-09T13:29:47+00:00	dgx-spark-02	True	0	cmtsqj5lz5qd42auh8vvrfn03
2026-09-09T13:29:49+00:00	dgx-spark-04	True	1	cmtpeql4y1etk2auhbk9668ry
2026-09-09T13:29:49+00:00	dgx-spark-03	True	1	cmtpsaud71whj2auh0k27ynki
2026-09-09T13:29:49+00:00	dgx-spark-02	True	1	cmtsqj5lz5qd42auh8vvrfn03
2026-09-09T13:29:51+00:00	dgx-spark-04	True	1	cmtpeql4y1etk2auhbk9668ry
2026-09-09T13:29:51+00:00	dgx-spark-03	True	1	cmtpsaud71whj2auh0k27ynki
2026-09-09T13:29:51+00:00	dgx-spark-02	True	1	cmtsqj5lz5qd42auh8vvrfn03
2026-09-09T13:29:53+00:00	dgx-spark-04	True	1	cmtpeql4y1etk2auhbk9668ry
2026-09-09T13:29:53+00:00	dgx-spark-03	True	1	cmtpsaud71whj2auh0k27ynki
2026-09-09T13:29:53+00:00	dgx-spark-02	True	1	cmtsqj5lz5qd42auh8vvrfn03
2026-09-09T13:29:55+00:00	dgx-spark-04	True	1	cmtpeql4y1etk2auhbk9668ry
2026-09-09T13:29:55+00:00	dgx-spark-03	True	1	cmtpsaud71whj2auh0k27ynki
2026-09-09T13:29:55+00:00	dgx-spark-02	True	1	cmtsqj5lz5qd42auh8vvrfn03
2026-09-09T13:29:57+00:00	dgx-spark-04	True	1	cmtpeql4y1etk2auhbk9668ry
2026-09-09T13:29:57+00:00	dgx-spark-03	True	1	cmtpsaud71whj2auh0k27ynki
2026-09-09T13:29:57+00:00	dgx-spark-02	True	1	cmtsqj5lz5qd42auh8vvrfn03
2026-09-09T13:29:59+00:00	dgx-spark-04	True	1	cmtpeql4y1etk2auhbk9668ry
2026-09-09T13:29:59+00:00	dgx-spark-03	True	1	cmtpsaud71whj2auh0k27ynki
2026-09-09T13:29:59+00:00	dgx-spark-02	True	1	cmtsqj5lz5qd42auh8vvrfn03
2026-09-09T13:30:01+00:00	dgx-spark-04	True	1	cmtpeql4y1etk2auhbk9668ry
2026-09-09T13:30:01+00:00	dgx-spark-03	True	1	cmtpsaud71whj2auh0k27ynki
2026-09-09T13:30:01+00:00	dgx-spark-02	True	1	cmtsqj5lz5qd42auh8vvrfn03
2026-09-09T13:30:03+00:00	dgx-spark-04	True	1	cmtpeql4y1etk2auhbk9668ry
2026-09-09T13:30:03+00:00	dgx-spark-03	True	1	cmtpsaud71whj2auh0k27ynki
2026-09-09T13:30:03+00:00	dgx-spark-02	True	1	cmtsqj5lz5qd42auh8vvrfn03
2026-09-09T13:30:05+00:00	dgx-spark-04	True	1	cmtpeql4y1etk2auhbk9668ry
2026-09-09T13:30:05+00:00	dgx-spark-03	True	1	cmtpsaud71whj2auh0k27ynki
2026-09-09T13:30:05+00:00	dgx-spark-02	True	1	cmtsqj5lz5qd42auh8vvrfn03
2026-09-09T13:30:07+00:00	dgx-spark-04	True	1	cmtpeql4y1etk2auhbk9668ry
2026-09-09T13:30:07+00:00	dgx-spark-03	True	1	cmtpsaud71whj2auh0k27ynki
2026-09-09T13:30:07+00:00	dgx-spark-02	True	1	cmtsqj5lz5qd42auh8vvrfn03
2026-09-09T13:30:09+00:00	dgx-spark-04	True	1	cmtpeql4y1etk2auhbk9668ry
2026-09-09T13:30:09+00:00	dgx-spark-03	True	1	cmtpsaud71whj2auh0k27ynki
2026-09-09T13:30:09+00:00	dgx-spark-02	True	1	cmtsqj5lz5qd42auh8vvrfn03
2026-09-09T13:30:11+00:00	dgx-spark-04	True	1	cmtpeql4y1etk2auhbk9668ry
2026-09-09T13:30:11+00:00	dgx-spark-03	True	1	cmtpsaud71whj2auh0k27ynki
2026-09-09T13:30:11+00:00	dgx-spark-02	True	1	cmtsqj5lz5qd42auh8vvrfn03
2026-09-09T13:30:13+00:00	dgx-spark-04	True	1	cmtpeql4y1etk2auhbk9668ry
2026-09-09T13:30:13+00:00	dgx-spark-03	True	1	cmtpsaud71whj2auh0k27ynki
2026-09-09T13:30:13+00:00	dgx-spark-02	True	1	cmtsqj5lz5qd42auh8vvrfn03
2026-09-09T13:30:15+00:00	dgx-spark-04	True	1	cmtpeql4y1etk2auhbk9668ry
2026-09-09T13:30:15+00:00	dgx-spark-03	True	1	cmtpsaud71whj2auh0k27ynki
2026-09-09T13:30:15+00:00	dgx-spark-02	True	1	cmtsqj5lz5qd42auh8vvrfn03
2026-09-09T13:30:17+00:00	dgx-spark-04	True	1	cmtpeql4y1etk2auhbk9668ry
2026-09-09T13:30:17+00:00	dgx-spark-03	True	1	cmtpsaud71whj2auh0k27ynki
2026-09-09T13:30:17+00:00	dgx-spark-02	True	1	cmtsqj5lz5qd42auh8vvrfn03
2026-09-09T13:30:19+00:00	dgx-spark-04	True	1	cmtpeql4y1etk2auhbk9668ry
2026-09-09T13:30:19+00:00	dgx-spark-03	True	1	cmtpsaud71whj2auh0k27ynki
2026-09-09T13:30:19+00:00	dgx-spark-02	True	1	cmtsqj5lz5qd42auh8vvrfn03
2026-09-09T13:30:21+00:00	dgx-spark-04	True	1	cmtpeql4y1etk2auhbk9668ry
2026-09-09T13:30:21+00:00	dgx-spark-03	True	1	cmtpsaud71whj2auh0k27ynki
2026-09-09T13:30:21+00:00	dgx-spark-02	True	1	cmtsqj5lz5qd42auh8vvrfn03
2026-09-09T13:30:23+00:00	dgx-spark-04	True	1	cmtpeql4y1etk2auhbk9668ry
2026-09-09T13:30:23+00:00	dgx-spark-03	True	1	cmtpsaud71whj2auh0k27ynki
2026-09-09T13:30:23+00:00	dgx-spark-02	True	1	cmtsqj5lz5qd42auh8vvrfn03
2026-09-09T13:30:25+00:00	dgx-spark-04	True	1	cmtpeql4y1etk2auhbk9668ry
2026-09-09T13:30:25+00:00	dgx-spark-03	True	1	cmtpsaud71whj2auh0k27ynki
2026-09-09T13:30:25+00:00	dgx-spark-02	True	1	cmtsqj5lz5qd42auh8vvrfn03
2026-09-09T13:30:27+00:00	dgx-spark-04	True	1	cmtpeql4y1etk2auhbk9668ry
2026-09-09T13:30:27+00:00	dgx-spark-03	True	1	cmtpsaud71whj2auh0k27ynki
2026-09-09T13:30:27+00:00	dgx-spark-02	True	1	cmtsqj5lz5qd42auh8vvrfn03
2026-09-09T13:30:29+00:00	dgx-spark-04	True	1	cmtpeql4y1etk2auhbk9668ry
2026-09-09T13:30:29+00:00	dgx-spark-03	True	1	cmtpsaud71whj2auh0k27ynki
2026-09-09T13:30:29+00:00	dgx-spark-02	True	1	cmtsqj5lz5qd42auh8vvrfn03
2026-09-09T13:30:32+00:00	dgx-spark-04	True	1	cmtpeql4y1etk2auhbk9668ry
2026-09-09T13:30:32+00:00	dgx-spark-03	True	1	cmtpsaud71whj2auh0k27ynki
2026-09-09T13:30:32+00:00	dgx-spark-02	True	1	cmtsqj5lz5qd42auh8vvrfn03
2026-09-09T13:30:34+00:00	dgx-spark-04	True	1	cmtpeql4y1etk2auhbk9668ry
2026-09-09T13:30:34+00:00	dgx-spark-03	True	1	cmtpsaud71whj2auh0k27ynki
2026-09-09T13:30:34+00:00	dgx-spark-02	True	1	cmtsqj5lz5qd42auh8vvrfn03
2026-09-09T13:30:36+00:00	dgx-spark-04	True	1	cmtpeql4y1etk2auhbk9668ry
2026-09-09T13:30:36+00:00	dgx-spark-03	True	1	cmtpsaud71whj2auh0k27ynki
2026-09-09T13:30:36+00:00	dgx-spark-02	True	1	cmtsqj5lz5qd42auh8vvrfn03
2026-09-09T13:30:38+00:00	dgx-spark-04	True	1	cmtpeql4y1etk2auhbk9668ry
2026-09-09T13:30:38+00:00	dgx-spark-03	True	1	cmtpsaud71whj2auh0k27ynki
2026-09-09T13:30:38+00:00	dgx-spark-02	True	1	cmtsqj5lz5qd42auh8vvrfn03
2026-09-09T13:30:40+00:00	dgx-spark-04	True	1	cmtpeql4y1etk2auhbk9668ry
2026-09-09T13:30:40+00:00	dgx-spark-03	True	1	cmtpsaud71whj2auh0k27ynki
2026-09-09T13:30:40+00:00	dgx-spark-02	True	1	cmtsqj5lz5qd42auh8vvrfn03
2026-09-09T13:30:42+00:00	dgx-spark-04	True	1	cmtpeql4y1etk2auhbk9668ry
2026-09-09T13:30:42+00:00	dgx-spark-03	True	1	cmtpsaud71whj2auh0k27ynki
2026-09-09T13:30:42+00:00	dgx-spark-02	True	1	cmtsqj5lz5qd42auh8vvrfn03
2026-09-09T13:30:44+00:00	dgx-spark-04	True	1	cmtpeql4y1etk2auhbk9668ry
2026-09-09T13:30:44+00:00	dgx-spark-03	True	1	cmtpsaud71whj2auh0k27ynki
2026-09-09T13:30:44+00:00	dgx-spark-02	True	1	cmtsqj5lz5qd42auh8vvrfn03
2026-09-09T13:30:46+00:00	dgx-spark-04	True	1	cmtpeql4y1etk2auhbk9668ry
2026-09-09T13:30:46+00:00	dgx-spark-03	True	1	cmtpsaud71whj2auh0k27ynki
2026-09-09T13:30:46+00:00	dgx-spark-02	True	1	cmtsqj5lz5qd42auh8vvrfn03
2026-09-09T13:30:48+00:00	dgx-spark-04	True	1	cmtpeql4y1etk2auhbk9668ry
2026-09-09T13:30:48+00:00	dgx-spark-03	True	1	cmtpsaud71whj2auh0k27ynki
2026-09-09T13:30:48+00:00	dgx-spark-02	True	1	cmtsqj5lz5qd42auh8vvrfn03
2026-09-09T13:30:50+00:00	dgx-spark-04	True	1	cmtpeql4y1etk2auhbk9668ry
2026-09-09T13:30:50+00:00	dgx-spark-03	True	1	cmtpsaud71whj2auh0k27ynki
2026-09-09T13:30:50+00:00	dgx-spark-02	True	1	cmtsqj5lz5qd42auh8vvrfn03
2026-09-09T13:30:52+00:00	dgx-spark-04	True	1	cmtpeql4y1etk2auhbk9668ry
2026-09-09T13:30:52+00:00	dgx-spark-03	True	1	cmtpsaud71whj2auh0k27ynki
2026-09-09T13:30:52+00:00	dgx-spark-02	True	1	cmtsqj5lz5qd42auh8vvrfn03
2026-09-09T13:30:54+00:00	dgx-spark-04	True	1	cmtpeql4y1etk2auhbk9668ry
2026-09-09T13:30:54+00:00	dgx-spark-03	True	1	cmtpsaud71whj2auh0k27ynki
2026-09-09T13:30:54+00:00	dgx-spark-02	True	1	cmtsqj5lz5qd42auh8vvrfn03
2026-09-09T13:30:56+00:00	dgx-spark-04	True	1	cmtpeql4y1etk2auhbk9668ry
2026-09-09T13:30:56+00:00	dgx-spark-03	True	1	cmtpsaud71whj2auh0k27ynki
2026-09-09T13:30:56+00:00	dgx-spark-02	True	1	cmtsqj5lz5qd42auh8vvrfn03
2026-09-09T13:30:58+00:00	dgx-spark-04	True	1	cmtpeql4y1etk2auhbk9668ry
2026-09-09T13:30:58+00:00	dgx-spark-03	True	1	cmtpsaud71whj2auh0k27ynki
2026-09-09T13:30:58+00:00	dgx-spark-02	True	1	cmtsqj5lz5qd42auh8vvrfn03
2026-09-09T13:31:00+00:00	dgx-spark-04	True	1	cmtpeql4y1etk2auhbk9668ry
2026-09-09T13:31:00+00:00	dgx-spark-03	True	1	cmtpsaud71whj2auh0k27ynki
2026-09-09T13:31:00+00:00	dgx-spark-02	True	1	cmtsqj5lz5qd42auh8vvrfn03
2026-09-09T13:31:02+00:00	dgx-spark-04	True	1	cmtpeql4y1etk2auhbk9668ry
2026-09-09T13:31:02+00:00	dgx-spark-03	True	1	cmtpsaud71whj2auh0k27ynki
2026-09-09T13:31:02+00:00	dgx-spark-02	True	1	cmtsqj5lz5qd42auh8vvrfn03
2026-09-09T13:31:04+00:00	dgx-spark-04	True	1	cmtpeql4y1etk2auhbk9668ry
2026-09-09T13:31:04+00:00	dgx-spark-03	True	1	cmtpsaud71whj2auh0k27ynki
2026-09-09T13:31:04+00:00	dgx-spark-02	True	1	cmtsqj5lz5qd42auh8vvrfn03
2026-09-09T13:31:06+00:00	dgx-spark-04	True	1	cmtpeql4y1etk2auhbk9668ry
2026-09-09T13:31:06+00:00	dgx-spark-03	True	1	cmtpsaud71whj2auh0k27ynki
2026-09-09T13:31:06+00:00	dgx-spark-02	True	1	cmtsqj5lz5qd42auh8vvrfn03
2026-09-09T13:31:08+00:00	dgx-spark-04	True	1	cmtpeql4y1etk2auhbk9668ry
2026-09-09T13:31:08+00:00	dgx-spark-03	True	1	cmtpsaud71whj2auh0k27ynki
2026-09-09T13:31:08+00:00	dgx-spark-02	True	1	cmtsqj5lz5qd42auh8vvrfn03
2026-09-09T13:31:10+00:00	dgx-spark-04	True	1	cmtpeql4y1etk2auhbk9668ry
2026-09-09T13:31:10+00:00	dgx-spark-03	True	1	cmtpsaud71whj2auh0k27ynki
2026-09-09T13:31:10+00:00	dgx-spark-02	True	1	cmtsqj5lz5qd42auh8vvrfn03
2026-09-09T13:31:12+00:00	dgx-spark-04	True	1	cmtpeql4y1etk2auhbk9668ry
2026-09-09T13:31:12+00:00	dgx-spark-03	True	1	cmtpsaud71whj2auh0k27ynki
2026-09-09T13:31:12+00:00	dgx-spark-02	True	1	cmtsqj5lz5qd42auh8vvrfn03
2026-09-09T13:31:14+00:00	dgx-spark-04	True	1	cmtpeql4y1etk2auhbk9668ry
2026-09-09T13:31:14+00:00	dgx-spark-03	True	1	cmtpsaud71whj2auh0k27ynki
2026-09-09T13:31:14+00:00	dgx-spark-02	True	1	cmtsqj5lz5qd42auh8vvrfn03
2026-09-09T13:31:16+00:00	dgx-spark-04	True	1	cmtpeql4y1etk2auhbk9668ry
2026-09-09T13:31:16+00:00	dgx-spark-03	True	1	cmtpsaud71whj2auh0k27ynki
2026-09-09T13:31:16+00:00	dgx-spark-02	True	1	cmtsqj5lz5qd42auh8vvrfn03
2026-09-09T13:31:18+00:00	dgx-spark-04	True	1	cmtpeql4y1etk2auhbk9668ry
2026-09-09T13:31:18+00:00	dgx-spark-03	True	1	cmtpsaud71whj2auh0k27ynki
2026-09-09T13:31:18+00:00	dgx-spark-02	True	1	cmtsqj5lz5qd42auh8vvrfn03
2026-09-09T13:31:20+00:00	dgx-spark-04	True	1	cmtpeql4y1etk2auhbk9668ry
2026-09-09T13:31:20+00:00	dgx-spark-03	True	1	cmtpsaud71whj2auh0k27ynki
2026-09-09T13:31:20+00:00	dgx-spark-02	True	1	cmtsqj5lz5qd42auh8vvrfn03
2026-09-09T13:31:22+00:00	dgx-spark-04	True	1	cmtpeql4y1etk2auhbk9668ry
2026-09-09T13:31:22+00:00	dgx-spark-03	True	1	cmtpsaud71whj2auh0k27ynki
2026-09-09T13:31:22+00:00	dgx-spark-02	True	1	cmtsqj5lz5qd42auh8vvrfn03
2026-09-09T13:31:24+00:00	dgx-spark-04	True	1	cmtpeql4y1etk2auhbk9668ry
2026-09-09T13:31:24+00:00	dgx-spark-03	True	1	cmtpsaud71whj2auh0k27ynki
2026-09-09T13:31:24+00:00	dgx-spark-02	True	1	cmtsqj5lz5qd42auh8vvrfn03
2026-09-09T13:31:26+00:00	dgx-spark-04	True	1	cmtpeql4y1etk2auhbk9668ry
2026-09-09T13:31:26+00:00	dgx-spark-03	True	1	cmtpsaud71whj2auh0k27ynki
2026-09-09T13:31:26+00:00	dgx-spark-02	True	1	cmtsqj5lz5qd42auh8vvrfn03
2026-09-09T13:31:28+00:00	dgx-spark-04	True	1	cmtpeql4y1etk2auhbk9668ry
2026-09-09T13:31:28+00:00	dgx-spark-03	True	1	cmtpsaud71whj2auh0k27ynki
2026-09-09T13:31:28+00:00	dgx-spark-02	True	1	cmtsqj5lz5qd42auh8vvrfn03
2026-09-09T13:31:30+00:00	dgx-spark-04	True	1	cmtpeql4y1etk2auhbk9668ry
2026-09-09T13:31:30+00:00	dgx-spark-03	True	1	cmtpsaud71whj2auh0k27ynki
2026-09-09T13:31:30+00:00	dgx-spark-02	True	1	cmtsqj5lz5qd42auh8vvrfn03
2026-09-09T13:31:32+00:00	dgx-spark-04	True	1	cmtpeql4y1etk2auhbk9668ry
2026-09-09T13:31:32+00:00	dgx-spark-03	True	1	cmtpsaud71whj2auh0k27ynki
2026-09-09T13:31:32+00:00	dgx-spark-02	True	1	cmtsqj5lz5qd42auh8vvrfn03
2026-09-09T13:31:34+00:00	dgx-spark-04	True	1	cmtpeql4y1etk2auhbk9668ry
2026-09-09T13:31:34+00:00	dgx-spark-03	True	1	cmtpsaud71whj2auh0k27ynki
2026-09-09T13:31:34+00:00	dgx-spark-02	True	1	cmtsqj5lz5qd42auh8vvrfn03
2026-09-09T13:31:36+00:00	dgx-spark-04	True	1	cmtpeql4y1etk2auhbk9668ry
2026-09-09T13:31:36+00:00	dgx-spark-03	True	1	cmtpsaud71whj2auh0k27ynki
2026-09-09T13:31:36+00:00	dgx-spark-02	True	1	cmtsqj5lz5qd42auh8vvrfn03
2026-09-09T13:31:38+00:00	dgx-spark-04	True	1	cmtpeql4y1etk2auhbk9668ry
2026-09-09T13:31:38+00:00	dgx-spark-03	True	1	cmtpsaud71whj2auh0k27ynki
2026-09-09T13:31:38+00:00	dgx-spark-02	True	1	cmtsqj5lz5qd42auh8vvrfn03
2026-09-09T13:31:40+00:00	dgx-spark-04	True	1	cmtpeql4y1etk2auhbk9668ry
2026-09-09T13:31:40+00:00	dgx-spark-03	True	1	cmtpsaud71whj2auh0k27ynki
2026-09-09T13:31:40+00:00	dgx-spark-02	True	1	cmtsqj5lz5qd42auh8vvrfn03
2026-09-09T13:31:42+00:00	dgx-spark-04	True	1	cmtpeql4y1etk2auhbk9668ry
2026-09-09T13:31:42+00:00	dgx-spark-03	True	1	cmtpsaud71whj2auh0k27ynki
2026-09-09T13:31:42+00:00	dgx-spark-02	True	1	cmtsqj5lz5qd42auh8vvrfn03
2026-09-09T13:31:44+00:00	dgx-spark-04	True	1	cmtpeql4y1etk2auhbk9668ry
2026-09-09T13:31:44+00:00	dgx-spark-03	True	1	cmtpsaud71whj2auh0k27ynki
2026-09-09T13:31:44+00:00	dgx-spark-02	True	1	cmtsqj5lz5qd42auh8vvrfn03
2026-09-09T13:31:46+00:00	dgx-spark-04	True	1	cmtpeql4y1etk2auhbk9668ry
2026-09-09T13:31:46+00:00	dgx-spark-03	True	1	cmtpsaud71whj2auh0k27ynki
2026-09-09T13:31:46+00:00	dgx-spark-02	True	1	cmtsqj5lz5qd42auh8vvrfn03
2026-09-09T13:31:48+00:00	dgx-spark-04	True	1	cmtpeql4y1etk2auhbk9668ry
2026-09-09T13:31:48+00:00	dgx-spark-03	True	1	cmtpsaud71whj2auh0k27ynki
2026-09-09T13:31:48+00:00	dgx-spark-02	True	1	cmtsqj5lz5qd42auh8vvrfn03
2026-09-09T13:31:50+00:00	dgx-spark-04	True	1	cmtpeql4y1etk2auhbk9668ry
2026-09-09T13:31:50+00:00	dgx-spark-03	True	1	cmtpsaud71whj2auh0k27ynki
2026-09-09T13:31:50+00:00	dgx-spark-02	True	1	cmtsqj5lz5qd42auh8vvrfn03
2026-09-09T13:31:52+00:00	dgx-spark-04	True	1	cmtpeql4y1etk2auhbk9668ry
2026-09-09T13:31:52+00:00	dgx-spark-03	True	1	cmtpsaud71whj2auh0k27ynki
2026-09-09T13:31:52+00:00	dgx-spark-02	True	1	cmtsqj5lz5qd42auh8vvrfn03
2026-09-09T13:31:54+00:00	dgx-spark-04	True	1	cmtpeql4y1etk2auhbk9668ry
2026-09-09T13:31:54+00:00	dgx-spark-03	True	1	cmtpsaud71whj2auh0k27ynki
2026-09-09T13:31:54+00:00	dgx-spark-02	True	1	cmtsqj5lz5qd42auh8vvrfn03
2026-09-09T13:31:56+00:00	dgx-spark-04	True	1	cmtpeql4y1etk2auhbk9668ry
2026-09-09T13:31:56+00:00	dgx-spark-03	True	1	cmtpsaud71whj2auh0k27ynki
2026-09-09T13:31:56+00:00	dgx-spark-02	True	1	cmtsqj5lz5qd42auh8vvrfn03
2026-09-09T13:31:58+00:00	dgx-spark-04	True	1	cmtpeql4y1etk2auhbk9668ry
2026-09-09T13:31:58+00:00	dgx-spark-03	True	1	cmtpsaud71whj2auh0k27ynki
2026-09-09T13:31:58+00:00	dgx-spark-02	True	1	cmtsqj5lz5qd42auh8vvrfn03
2026-09-09T13:32:00+00:00	dgx-spark-04	True	1	cmtpeql4y1etk2auhbk9668ry
2026-09-09T13:32:00+00:00	dgx-spark-03	True	1	cmtpsaud71whj2auh0k27ynki
2026-09-09T13:32:00+00:00	dgx-spark-02	True	1	cmtsqj5lz5qd42auh8vvrfn03
2026-09-09T13:32:02+00:00	dgx-spark-04	True	1	cmtpeql4y1etk2auhbk9668ry
2026-09-09T13:32:02+00:00	dgx-spark-03	True	1	cmtpsaud71whj2auh0k27ynki
2026-09-09T13:32:02+00:00	dgx-spark-02	True	1	cmtsqj5lz5qd42auh8vvrfn03
2026-09-09T13:32:04+00:00	dgx-spark-04	True	1	cmtpeql4y1etk2auhbk9668ry
2026-09-09T13:32:04+00:00	dgx-spark-03	True	1	cmtpsaud71whj2auh0k27ynki
2026-09-09T13:32:04+00:00	dgx-spark-02	True	1	cmtsqj5lz5qd42auh8vvrfn03
2026-09-09T13:32:06+00:00	dgx-spark-04	True	1	cmtpeql4y1etk2auhbk9668ry
2026-09-09T13:32:06+00:00	dgx-spark-03	True	1	cmtpsaud71whj2auh0k27ynki
2026-09-09T13:32:06+00:00	dgx-spark-02	True	1	cmtsqj5lz5qd42auh8vvrfn03
2026-09-09T13:32:08+00:00	dgx-spark-04	True	1	cmtpeql4y1etk2auhbk9668ry
2026-09-09T13:32:08+00:00	dgx-spark-03	True	1	cmtpsaud71whj2auh0k27ynki
2026-09-09T13:32:08+00:00	dgx-spark-02	True	1	cmtsqj5lz5qd42auh8vvrfn03
2026-09-09T13:32:10+00:00	dgx-spark-04	True	1	cmtpeql4y1etk2auhbk9668ry
2026-09-09T13:32:10+00:00	dgx-spark-03	True	1	cmtpsaud71whj2auh0k27ynki
2026-09-09T13:32:10+00:00	dgx-spark-02	True	1	cmtsqj5lz5qd42auh8vvrfn03
2026-09-09T13:32:12+00:00	dgx-spark-04	True	1	cmtpeql4y1etk2auhbk9668ry
2026-09-09T13:32:12+00:00	dgx-spark-03	True	1	cmtpsaud71whj2auh0k27ynki
2026-09-09T13:32:12+00:00	dgx-spark-02	True	1	cmtsqj5lz5qd42auh8vvrfn03
2026-09-09T13:32:14+00:00	dgx-spark-04	True	1	cmtpeql4y1etk2auhbk9668ry
2026-09-09T13:32:14+00:00	dgx-spark-03	True	1	cmtpsaud71whj2auh0k27ynki
2026-09-09T13:32:14+00:00	dgx-spark-02	True	1	cmtsqj5lz5qd42auh8vvrfn03
2026-09-09T13:32:17+00:00	dgx-spark-04	True	1	cmtpeql4y1etk2auhbk9668ry
2026-09-09T13:32:17+00:00	dgx-spark-03	True	1	cmtpsaud71whj2auh0k27ynki
2026-09-09T13:32:17+00:00	dgx-spark-02	True	1	cmtsqj5lz5qd42auh8vvrfn03
2026-09-09T13:32:19+00:00	dgx-spark-04	True	1	cmtpeql4y1etk2auhbk9668ry
2026-09-09T13:32:19+00:00	dgx-spark-03	True	1	cmtpsaud71whj2auh0k27ynki
2026-09-09T13:32:19+00:00	dgx-spark-02	True	1	cmtsqj5lz5qd42auh8vvrfn03
2026-09-09T13:32:21+00:00	dgx-spark-04	True	1	cmtpeql4y1etk2auhbk9668ry
2026-09-09T13:32:21+00:00	dgx-spark-03	True	1	cmtpsaud71whj2auh0k27ynki
2026-09-09T13:32:21+00:00	dgx-spark-02	True	1	cmtsqj5lz5qd42auh8vvrfn03
2026-09-09T13:32:23+00:00	dgx-spark-04	True	1	cmtpeql4y1etk2auhbk9668ry
2026-09-09T13:32:23+00:00	dgx-spark-03	True	1	cmtpsaud71whj2auh0k27ynki
2026-09-09T13:32:23+00:00	dgx-spark-02	True	1	cmtsqj5lz5qd42auh8vvrfn03
2026-09-09T13:32:25+00:00	dgx-spark-04	True	1	cmtpeql4y1etk2auhbk9668ry
2026-09-09T13:32:25+00:00	dgx-spark-03	True	1	cmtpsaud71whj2auh0k27ynki
2026-09-09T13:32:25+00:00	dgx-spark-02	True	1	cmtsqj5lz5qd42auh8vvrfn03
2026-09-09T13:32:27+00:00	dgx-spark-04	True	1	cmtpeql4y1etk2auhbk9668ry
2026-09-09T13:32:27+00:00	dgx-spark-03	True	1	cmtpsaud71whj2auh0k27ynki
2026-09-09T13:32:27+00:00	dgx-spark-02	True	1	cmtsqj5lz5qd42auh8vvrfn03
2026-09-09T13:32:29+00:00	dgx-spark-04	True	1	cmtpeql4y1etk2auhbk9668ry
2026-09-09T13:32:29+00:00	dgx-spark-03	True	1	cmtpsaud71whj2auh0k27ynki
2026-09-09T13:32:29+00:00	dgx-spark-02	True	1	cmtsqj5lz5qd42auh8vvrfn03
2026-09-09T13:32:31+00:00	dgx-spark-04	True	1	cmtpeql4y1etk2auhbk9668ry
2026-09-09T13:32:31+00:00	dgx-spark-03	True	1	cmtpsaud71whj2auh0k27ynki
2026-09-09T13:32:31+00:00	dgx-spark-02	True	1	cmtsqj5lz5qd42auh8vvrfn03
2026-09-09T13:32:33+00:00	dgx-spark-04	True	1	cmtpeql4y1etk2auhbk9668ry
2026-09-09T13:32:33+00:00	dgx-spark-03	True	1	cmtpsaud71whj2auh0k27ynki
2026-09-09T13:32:33+00:00	dgx-spark-02	True	1	cmtsqj5lz5qd42auh8vvrfn03
2026-09-09T13:32:35+00:00	dgx-spark-04	True	1	cmtpeql4y1etk2auhbk9668ry
2026-09-09T13:32:35+00:00	dgx-spark-03	True	1	cmtpsaud71whj2auh0k27ynki
2026-09-09T13:32:35+00:00	dgx-spark-02	True	1	cmtsqj5lz5qd42auh8vvrfn03
2026-09-09T13:32:37+00:00	dgx-spark-04	True	1	cmtpeql4y1etk2auhbk9668ry
2026-09-09T13:32:37+00:00	dgx-spark-03	True	1	cmtpsaud71whj2auh0k27ynki
2026-09-09T13:32:37+00:00	dgx-spark-02	True	1	cmtsqj5lz5qd42auh8vvrfn03
2026-09-09T13:32:39+00:00	dgx-spark-04	True	1	cmtpeql4y1etk2auhbk9668ry
2026-09-09T13:32:39+00:00	dgx-spark-03	True	1	cmtpsaud71whj2auh0k27ynki
2026-09-09T13:32:39+00:00	dgx-spark-02	True	1	cmtsqj5lz5qd42auh8vvrfn03
2026-09-09T13:32:41+00:00	dgx-spark-04	True	1	cmtpeql4y1etk2auhbk9668ry
2026-09-09T13:32:41+00:00	dgx-spark-03	True	1	cmtpsaud71whj2auh0k27ynki
2026-09-09T13:32:41+00:00	dgx-spark-02	True	1	cmtsqj5lz5qd42auh8vvrfn03
2026-09-09T13:32:43+00:00	dgx-spark-04	True	1	cmtpeql4y1etk2auhbk9668ry
2026-09-09T13:32:43+00:00	dgx-spark-03	True	1	cmtpsaud71whj2auh0k27ynki
2026-09-09T13:32:43+00:00	dgx-spark-02	True	1	cmtsqj5lz5qd42auh8vvrfn03
2026-09-09T13:32:45+00:00	dgx-spark-04	True	1	cmtpeql4y1etk2auhbk9668ry
2026-09-09T13:32:45+00:00	dgx-spark-03	True	1	cmtpsaud71whj2auh0k27ynki
2026-09-09T13:32:45+00:00	dgx-spark-02	True	1	cmtsqj5lz5qd42auh8vvrfn03
2026-09-09T13:32:47+00:00	dgx-spark-04	True	1	cmtpeql4y1etk2auhbk9668ry
2026-09-09T13:32:47+00:00	dgx-spark-03	True	1	cmtpsaud71whj2auh0k27ynki
2026-09-09T13:32:47+00:00	dgx-spark-02	True	1	cmtsqj5lz5qd42auh8vvrfn03
2026-09-09T13:32:49+00:00	dgx-spark-04	True	1	cmtpeql4y1etk2auhbk9668ry
2026-09-09T13:32:49+00:00	dgx-spark-03	True	1	cmtpsaud71whj2auh0k27ynki
2026-09-09T13:32:49+00:00	dgx-spark-02	True	1	cmtsqj5lz5qd42auh8vvrfn03
2026-09-09T13:32:51+00:00	dgx-spark-04	True	1	cmtpeql4y1etk2auhbk9668ry
2026-09-09T13:32:51+00:00	dgx-spark-03	True	1	cmtpsaud71whj2auh0k27ynki
2026-09-09T13:32:51+00:00	dgx-spark-02	True	1	cmtsqj5lz5qd42auh8vvrfn03
2026-09-09T13:32:53+00:00	dgx-spark-04	True	1	cmtpeql4y1etk2auhbk9668ry
2026-09-09T13:32:53+00:00	dgx-spark-03	True	1	cmtpsaud71whj2auh0k27ynki
2026-09-09T13:32:53+00:00	dgx-spark-02	True	1	cmtsqj5lz5qd42auh8vvrfn03
2026-09-09T13:32:55+00:00	dgx-spark-04	True	1	cmtpeql4y1etk2auhbk9668ry
2026-09-09T13:32:55+00:00	dgx-spark-03	True	1	cmtpsaud71whj2auh0k27ynki
2026-09-09T13:32:55+00:00	dgx-spark-02	True	1	cmtsqj5lz5qd42auh8vvrfn03
2026-09-09T13:32:57+00:00	dgx-spark-04	True	1	cmtpeql4y1etk2auhbk9668ry
2026-09-09T13:32:57+00:00	dgx-spark-03	True	1	cmtpsaud71whj2auh0k27ynki
2026-09-09T13:32:57+00:00	dgx-spark-02	True	1	cmtsqj5lz5qd42auh8vvrfn03
2026-09-09T13:32:59+00:00	dgx-spark-04	True	1	cmtpeql4y1etk2auhbk9668ry
2026-09-09T13:32:59+00:00	dgx-spark-03	True	1	cmtpsaud71whj2auh0k27ynki
2026-09-09T13:32:59+00:00	dgx-spark-02	True	1	cmtsqj5lz5qd42auh8vvrfn03
2026-09-09T13:33:01+00:00	dgx-spark-04	True	1	cmtpeql4y1etk2auhbk9668ry
2026-09-09T13:33:01+00:00	dgx-spark-03	True	1	cmtpsaud71whj2auh0k27ynki
2026-09-09T13:33:01+00:00	dgx-spark-02	True	1	cmtsqj5lz5qd42auh8vvrfn03
2026-09-09T13:33:03+00:00	dgx-spark-04	True	1	cmtpeql4y1etk2auhbk9668ry
2026-09-09T13:33:03+00:00	dgx-spark-03	True	1	cmtpsaud71whj2auh0k27ynki
2026-09-09T13:33:03+00:00	dgx-spark-02	True	1	cmtsqj5lz5qd42auh8vvrfn03
2026-09-09T13:33:05+00:00	dgx-spark-04	True	1	cmtpeql4y1etk2auhbk9668ry
2026-09-09T13:33:05+00:00	dgx-spark-03	True	1	cmtpsaud71whj2auh0k27ynki
2026-09-09T13:33:05+00:00	dgx-spark-02	True	1	cmtsqj5lz5qd42auh8vvrfn03
2026-09-09T13:33:07+00:00	dgx-spark-04	True	1	cmtpeql4y1etk2auhbk9668ry
2026-09-09T13:33:07+00:00	dgx-spark-03	True	1	cmtpsaud71whj2auh0k27ynki
2026-09-09T13:33:07+00:00	dgx-spark-02	True	1	cmtsqj5lz5qd42auh8vvrfn03
2026-09-09T13:33:09+00:00	dgx-spark-04	True	1	cmtpeql4y1etk2auhbk9668ry
2026-09-09T13:33:09+00:00	dgx-spark-03	True	1	cmtpsaud71whj2auh0k27ynki
2026-09-09T13:33:09+00:00	dgx-spark-02	True	1	cmtsqj5lz5qd42auh8vvrfn03
2026-09-09T13:33:11+00:00	dgx-spark-04	True	0	cmtpeql4y1etk2auhbk9668ry
2026-09-09T13:33:11+00:00	dgx-spark-03	True	1	cmtpsaud71whj2auh0k27ynki
2026-09-09T13:33:11+00:00	dgx-spark-02	True	1	cmtsqj5lz5qd42auh8vvrfn03
2026-09-09T13:33:13+00:00	dgx-spark-04	True	1	cmtpeql4y1etk2auhbk9668ry
2026-09-09T13:33:13+00:00	dgx-spark-03	True	1	cmtpsaud71whj2auh0k27ynki
2026-09-09T13:33:13+00:00	dgx-spark-02	True	1	cmtsqj5lz5qd42auh8vvrfn03
2026-09-09T13:33:15+00:00	dgx-spark-04	True	1	cmtpeql4y1etk2auhbk9668ry
2026-09-09T13:33:15+00:00	dgx-spark-03	True	1	cmtpsaud71whj2auh0k27ynki
2026-09-09T13:33:15+00:00	dgx-spark-02	True	1	cmtsqj5lz5qd42auh8vvrfn03
2026-09-09T13:33:17+00:00	dgx-spark-04	True	1	cmtpeql4y1etk2auhbk9668ry
2026-09-09T13:33:17+00:00	dgx-spark-03	True	1	cmtpsaud71whj2auh0k27ynki
2026-09-09T13:33:17+00:00	dgx-spark-02	True	1	cmtsqj5lz5qd42auh8vvrfn03
2026-09-09T13:33:19+00:00	dgx-spark-04	True	1	cmtpeql4y1etk2auhbk9668ry
2026-09-09T13:33:19+00:00	dgx-spark-03	True	1	cmtpsaud71whj2auh0k27ynki
2026-09-09T13:33:19+00:00	dgx-spark-02	True	1	cmtsqj5lz5qd42auh8vvrfn03
2026-09-09T13:33:21+00:00	dgx-spark-04	True	1	cmtpeql4y1etk2auhbk9668ry
2026-09-09T13:33:21+00:00	dgx-spark-03	True	1	cmtpsaud71whj2auh0k27ynki
2026-09-09T13:33:21+00:00	dgx-spark-02	True	1	cmtsqj5lz5qd42auh8vvrfn03
2026-09-09T13:33:23+00:00	dgx-spark-04	True	1	cmtpeql4y1etk2auhbk9668ry
2026-09-09T13:33:23+00:00	dgx-spark-03	True	1	cmtpsaud71whj2auh0k27ynki
2026-09-09T13:33:23+00:00	dgx-spark-02	True	1	cmtsqj5lz5qd42auh8vvrfn03
2026-09-09T13:33:25+00:00	dgx-spark-04	True	1	cmtpeql4y1etk2auhbk9668ry
2026-09-09T13:33:25+00:00	dgx-spark-03	True	1	cmtpsaud71whj2auh0k27ynki
2026-09-09T13:33:25+00:00	dgx-spark-02	True	1	cmtsqj5lz5qd42auh8vvrfn03
2026-09-09T13:33:27+00:00	dgx-spark-04	True	1	cmtpeql4y1etk2auhbk9668ry
2026-09-09T13:33:27+00:00	dgx-spark-03	True	1	cmtpsaud71whj2auh0k27ynki
2026-09-09T13:33:27+00:00	dgx-spark-02	True	1	cmtsqj5lz5qd42auh8vvrfn03
2026-09-09T13:33:29+00:00	dgx-spark-04	True	1	cmtpeql4y1etk2auhbk9668ry
2026-09-09T13:33:29+00:00	dgx-spark-03	True	1	cmtpsaud71whj2auh0k27ynki
2026-09-09T13:33:29+00:00	dgx-spark-02	True	1	cmtsqj5lz5qd42auh8vvrfn03
2026-09-09T13:33:31+00:00	dgx-spark-04	True	1	cmtpeql4y1etk2auhbk9668ry
2026-09-09T13:33:31+00:00	dgx-spark-03	True	1	cmtpsaud71whj2auh0k27ynki
2026-09-09T13:33:31+00:00	dgx-spark-02	True	1	cmtsqj5lz5qd42auh8vvrfn03
2026-09-09T13:33:33+00:00	dgx-spark-04	True	1	cmtpeql4y1etk2auhbk9668ry
2026-09-09T13:33:33+00:00	dgx-spark-03	True	1	cmtpsaud71whj2auh0k27ynki
2026-09-09T13:33:33+00:00	dgx-spark-02	True	1	cmtsqj5lz5qd42auh8vvrfn03
2026-09-09T13:33:35+00:00	dgx-spark-04	True	1	cmtpeql4y1etk2auhbk9668ry
2026-09-09T13:33:35+00:00	dgx-spark-03	True	1	cmtpsaud71whj2auh0k27ynki
2026-09-09T13:33:35+00:00	dgx-spark-02	True	1	cmtsqj5lz5qd42auh8vvrfn03
2026-09-09T13:33:37+00:00	dgx-spark-04	True	1	cmtpeql4y1etk2auhbk9668ry
2026-09-09T13:33:37+00:00	dgx-spark-03	True	1	cmtpsaud71whj2auh0k27ynki
2026-09-09T13:33:37+00:00	dgx-spark-02	True	1	cmtsqj5lz5qd42auh8vvrfn03
2026-09-09T13:33:39+00:00	dgx-spark-04	True	1	cmtpeql4y1etk2auhbk9668ry
2026-09-09T13:33:39+00:00	dgx-spark-03	True	1	cmtpsaud71whj2auh0k27ynki
2026-09-09T13:33:39+00:00	dgx-spark-02	True	1	cmtsqj5lz5qd42auh8vvrfn03
2026-09-09T13:33:41+00:00	dgx-spark-04	True	1	cmtpeql4y1etk2auhbk9668ry
2026-09-09T13:33:41+00:00	dgx-spark-03	True	1	cmtpsaud71whj2auh0k27ynki
2026-09-09T13:33:41+00:00	dgx-spark-02	True	1	cmtsqj5lz5qd42auh8vvrfn03
2026-09-09T13:33:43+00:00	dgx-spark-04	True	1	cmtpeql4y1etk2auhbk9668ry
2026-09-09T13:33:43+00:00	dgx-spark-03	True	1	cmtpsaud71whj2auh0k27ynki
2026-09-09T13:33:43+00:00	dgx-spark-02	True	1	cmtsqj5lz5qd42auh8vvrfn03
2026-09-09T13:33:45+00:00	dgx-spark-04	True	1	cmtpeql4y1etk2auhbk9668ry
2026-09-09T13:33:45+00:00	dgx-spark-03	True	1	cmtpsaud71whj2auh0k27ynki
2026-09-09T13:33:45+00:00	dgx-spark-02	True	1	cmtsqj5lz5qd42auh8vvrfn03
2026-09-09T13:33:47+00:00	dgx-spark-04	True	1	cmtpeql4y1etk2auhbk9668ry
2026-09-09T13:33:47+00:00	dgx-spark-03	True	1	cmtpsaud71whj2auh0k27ynki
2026-09-09T13:33:47+00:00	dgx-spark-02	True	1	cmtsqj5lz5qd42auh8vvrfn03
2026-09-09T13:33:49+00:00	dgx-spark-04	True	1	cmtpeql4y1etk2auhbk9668ry
2026-09-09T13:33:49+00:00	dgx-spark-03	True	1	cmtpsaud71whj2auh0k27ynki
2026-09-09T13:33:49+00:00	dgx-spark-02	True	1	cmtsqj5lz5qd42auh8vvrfn03
2026-09-09T13:33:51+00:00	dgx-spark-04	True	1	cmtpeql4y1etk2auhbk9668ry
2026-09-09T13:33:51+00:00	dgx-spark-03	True	1	cmtpsaud71whj2auh0k27ynki
2026-09-09T13:33:51+00:00	dgx-spark-02	True	1	cmtsqj5lz5qd42auh8vvrfn03
2026-09-09T13:33:53+00:00	dgx-spark-04	True	1	cmtpeql4y1etk2auhbk9668ry
2026-09-09T13:33:53+00:00	dgx-spark-03	True	1	cmtpsaud71whj2auh0k27ynki
2026-09-09T13:33:53+00:00	dgx-spark-02	True	1	cmtsqj5lz5qd42auh8vvrfn03
2026-09-09T13:33:55+00:00	dgx-spark-04	True	1	cmtpeql4y1etk2auhbk9668ry
2026-09-09T13:33:55+00:00	dgx-spark-03	True	1	cmtpsaud71whj2auh0k27ynki
2026-09-09T13:33:55+00:00	dgx-spark-02	True	1	cmtsqj5lz5qd42auh8vvrfn03
2026-09-09T13:33:57+00:00	dgx-spark-04	True	1	cmtpeql4y1etk2auhbk9668ry
2026-09-09T13:33:57+00:00	dgx-spark-03	True	1	cmtpsaud71whj2auh0k27ynki
2026-09-09T13:33:57+00:00	dgx-spark-02	True	1	cmtsqj5lz5qd42auh8vvrfn03
2026-09-09T13:33:59+00:00	dgx-spark-04	True	1	cmtpeql4y1etk2auhbk9668ry
2026-09-09T13:33:59+00:00	dgx-spark-03	True	1	cmtpsaud71whj2auh0k27ynki
2026-09-09T13:33:59+00:00	dgx-spark-02	True	1	cmtsqj5lz5qd42auh8vvrfn03
2026-09-09T13:34:02+00:00	dgx-spark-04	True	1	cmtpeql4y1etk2auhbk9668ry
2026-09-09T13:34:02+00:00	dgx-spark-03	True	1	cmtpsaud71whj2auh0k27ynki
2026-09-09T13:34:02+00:00	dgx-spark-02	True	1	cmtsqj5lz5qd42auh8vvrfn03
2026-09-09T13:34:04+00:00	dgx-spark-04	True	1	cmtpeql4y1etk2auhbk9668ry
2026-09-09T13:34:04+00:00	dgx-spark-03	True	1	cmtpsaud71whj2auh0k27ynki
2026-09-09T13:34:04+00:00	dgx-spark-02	True	1	cmtsqj5lz5qd42auh8vvrfn03
2026-09-09T13:34:06+00:00	dgx-spark-04	True	1	cmtpeql4y1etk2auhbk9668ry
2026-09-09T13:34:06+00:00	dgx-spark-03	True	1	cmtpsaud71whj2auh0k27ynki
2026-09-09T13:34:06+00:00	dgx-spark-02	True	1	cmtsqj5lz5qd42auh8vvrfn03
2026-09-09T13:34:08+00:00	dgx-spark-04	True	1	cmtpeql4y1etk2auhbk9668ry
2026-09-09T13:34:08+00:00	dgx-spark-03	True	1	cmtpsaud71whj2auh0k27ynki
2026-09-09T13:34:08+00:00	dgx-spark-02	True	1	cmtsqj5lz5qd42auh8vvrfn03
2026-09-09T13:34:10+00:00	dgx-spark-04	True	1	cmtpeql4y1etk2auhbk9668ry
2026-09-09T13:34:10+00:00	dgx-spark-03	True	1	cmtpsaud71whj2auh0k27ynki
2026-09-09T13:34:10+00:00	dgx-spark-02	True	1	cmtsqj5lz5qd42auh8vvrfn03
2026-09-09T13:34:12+00:00	dgx-spark-04	True	1	cmtpeql4y1etk2auhbk9668ry
2026-09-09T13:34:12+00:00	dgx-spark-03	True	1	cmtpsaud71whj2auh0k27ynki
2026-09-09T13:34:12+00:00	dgx-spark-02	True	1	cmtsqj5lz5qd42auh8vvrfn03
2026-09-09T13:34:14+00:00	dgx-spark-04	True	1	cmtpeql4y1etk2auhbk9668ry
2026-09-09T13:34:14+00:00	dgx-spark-03	True	1	cmtpsaud71whj2auh0k27ynki
2026-09-09T13:34:14+00:00	dgx-spark-02	True	1	cmtsqj5lz5qd42auh8vvrfn03
2026-09-09T13:34:16+00:00	dgx-spark-04	True	1	cmtpeql4y1etk2auhbk9668ry
2026-09-09T13:34:16+00:00	dgx-spark-03	True	1	cmtpsaud71whj2auh0k27ynki
2026-09-09T13:34:16+00:00	dgx-spark-02	True	1	cmtsqj5lz5qd42auh8vvrfn03
2026-09-09T13:34:18+00:00	dgx-spark-04	True	1	cmtpeql4y1etk2auhbk9668ry
2026-09-09T13:34:18+00:00	dgx-spark-03	True	1	cmtpsaud71whj2auh0k27ynki
2026-09-09T13:34:18+00:00	dgx-spark-02	True	1	cmtsqj5lz5qd42auh8vvrfn03
2026-09-09T13:34:20+00:00	dgx-spark-04	True	1	cmtpeql4y1etk2auhbk9668ry
2026-09-09T13:34:20+00:00	dgx-spark-03	True	1	cmtpsaud71whj2auh0k27ynki
2026-09-09T13:34:20+00:00	dgx-spark-02	True	1	cmtsqj5lz5qd42auh8vvrfn03
2026-09-09T13:34:22+00:00	dgx-spark-04	True	1	cmtpeql4y1etk2auhbk9668ry
2026-09-09T13:34:22+00:00	dgx-spark-03	True	1	cmtpsaud71whj2auh0k27ynki
2026-09-09T13:34:22+00:00	dgx-spark-02	True	1	cmtsqj5lz5qd42auh8vvrfn03
2026-09-09T13:34:24+00:00	dgx-spark-04	True	1	cmtpeql4y1etk2auhbk9668ry
2026-09-09T13:34:24+00:00	dgx-spark-03	True	1	cmtpsaud71whj2auh0k27ynki
2026-09-09T13:34:24+00:00	dgx-spark-02	True	1	cmtsqj5lz5qd42auh8vvrfn03
2026-09-09T13:34:26+00:00	dgx-spark-04	True	1	cmtpeql4y1etk2auhbk9668ry
2026-09-09T13:34:26+00:00	dgx-spark-03	True	1	cmtpsaud71whj2auh0k27ynki
2026-09-09T13:34:26+00:00	dgx-spark-02	True	1	cmtsqj5lz5qd42auh8vvrfn03
2026-09-09T13:34:28+00:00	dgx-spark-04	True	1	cmtpeql4y1etk2auhbk9668ry
2026-09-09T13:34:28+00:00	dgx-spark-03	True	1	cmtpsaud71whj2auh0k27ynki
2026-09-09T13:34:28+00:00	dgx-spark-02	True	1	cmtsqj5lz5qd42auh8vvrfn03
2026-09-09T13:34:30+00:00	dgx-spark-04	True	1	cmtpeql4y1etk2auhbk9668ry
2026-09-09T13:34:30+00:00	dgx-spark-03	True	1	cmtpsaud71whj2auh0k27ynki
2026-09-09T13:34:30+00:00	dgx-spark-02	True	1	cmtsqj5lz5qd42auh8vvrfn03
2026-09-09T13:34:32+00:00	dgx-spark-04	True	1	cmtpeql4y1etk2auhbk9668ry
2026-09-09T13:34:32+00:00	dgx-spark-03	True	1	cmtpsaud71whj2auh0k27ynki
2026-09-09T13:34:32+00:00	dgx-spark-02	True	1	cmtsqj5lz5qd42auh8vvrfn03
2026-09-09T13:34:34+00:00	dgx-spark-04	True	1	cmtpeql4y1etk2auhbk9668ry
2026-09-09T13:34:34+00:00	dgx-spark-03	True	1	cmtpsaud71whj2auh0k27ynki
2026-09-09T13:34:34+00:00	dgx-spark-02	True	1	cmtsqj5lz5qd42auh8vvrfn03
2026-09-09T13:34:36+00:00	dgx-spark-04	True	1	cmtpeql4y1etk2auhbk9668ry
2026-09-09T13:34:36+00:00	dgx-spark-03	True	1	cmtpsaud71whj2auh0k27ynki
2026-09-09T13:34:36+00:00	dgx-spark-02	True	1	cmtsqj5lz5qd42auh8vvrfn03
2026-09-09T13:34:38+00:00	dgx-spark-04	True	1	cmtpeql4y1etk2auhbk9668ry
2026-09-09T13:34:38+00:00	dgx-spark-03	True	1	cmtpsaud71whj2auh0k27ynki
2026-09-09T13:34:38+00:00	dgx-spark-02	True	1	cmtsqj5lz5qd42auh8vvrfn03
2026-09-09T13:34:40+00:00	dgx-spark-04	True	1	cmtpeql4y1etk2auhbk9668ry
2026-09-09T13:34:40+00:00	dgx-spark-03	True	1	cmtpsaud71whj2auh0k27ynki
2026-09-09T13:34:40+00:00	dgx-spark-02	True	1	cmtsqj5lz5qd42auh8vvrfn03
2026-09-09T13:34:42+00:00	dgx-spark-04	True	1	cmtpeql4y1etk2auhbk9668ry
2026-09-09T13:34:42+00:00	dgx-spark-03	True	1	cmtpsaud71whj2auh0k27ynki
2026-09-09T13:34:42+00:00	dgx-spark-02	True	1	cmtsqj5lz5qd42auh8vvrfn03
2026-09-09T13:34:44+00:00	dgx-spark-04	True	1	cmtpeql4y1etk2auhbk9668ry
2026-09-09T13:34:44+00:00	dgx-spark-03	True	1	cmtpsaud71whj2auh0k27ynki
2026-09-09T13:34:44+00:00	dgx-spark-02	True	1	cmtsqj5lz5qd42auh8vvrfn03
2026-09-09T13:34:46+00:00	dgx-spark-04	True	1	cmtpeql4y1etk2auhbk9668ry
2026-09-09T13:34:46+00:00	dgx-spark-03	True	1	cmtpsaud71whj2auh0k27ynki
2026-09-09T13:34:46+00:00	dgx-spark-02	True	1	cmtsqj5lz5qd42auh8vvrfn03
2026-09-09T13:34:48+00:00	dgx-spark-04	True	1	cmtpeql4y1etk2auhbk9668ry
2026-09-09T13:34:48+00:00	dgx-spark-03	True	1	cmtpsaud71whj2auh0k27ynki
2026-09-09T13:34:48+00:00	dgx-spark-02	True	1	cmtsqj5lz5qd42auh8vvrfn03
2026-09-09T13:34:50+00:00	dgx-spark-04	True	1	cmtpeql4y1etk2auhbk9668ry
2026-09-09T13:34:50+00:00	dgx-spark-03	True	1	cmtpsaud71whj2auh0k27ynki
2026-09-09T13:34:50+00:00	dgx-spark-02	True	1	cmtsqj5lz5qd42auh8vvrfn03
2026-09-09T13:34:52+00:00	dgx-spark-04	True	1	cmtpeql4y1etk2auhbk9668ry
2026-09-09T13:34:52+00:00	dgx-spark-03	True	1	cmtpsaud71whj2auh0k27ynki
2026-09-09T13:34:52+00:00	dgx-spark-02	True	1	cmtsqj5lz5qd42auh8vvrfn03
2026-09-09T13:34:54+00:00	dgx-spark-04	True	1	cmtpeql4y1etk2auhbk9668ry
2026-09-09T13:34:54+00:00	dgx-spark-03	True	1	cmtpsaud71whj2auh0k27ynki
2026-09-09T13:34:54+00:00	dgx-spark-02	True	1	cmtsqj5lz5qd42auh8vvrfn03
2026-09-09T13:34:56+00:00	dgx-spark-04	True	1	cmtpeql4y1etk2auhbk9668ry
2026-09-09T13:34:56+00:00	dgx-spark-03	True	1	cmtpsaud71whj2auh0k27ynki
2026-09-09T13:34:56+00:00	dgx-spark-02	True	1	cmtsqj5lz5qd42auh8vvrfn03
2026-09-09T13:34:58+00:00	dgx-spark-04	True	1	cmtpeql4y1etk2auhbk9668ry
2026-09-09T13:34:58+00:00	dgx-spark-03	True	1	cmtpsaud71whj2auh0k27ynki
2026-09-09T13:34:58+00:00	dgx-spark-02	True	1	cmtsqj5lz5qd42auh8vvrfn03
2026-09-09T13:35:00+00:00	dgx-spark-04	True	1	cmtpeql4y1etk2auhbk9668ry
2026-09-09T13:35:00+00:00	dgx-spark-03	True	1	cmtpsaud71whj2auh0k27ynki
2026-09-09T13:35:00+00:00	dgx-spark-02	True	1	cmtsqj5lz5qd42auh8vvrfn03
2026-09-09T13:35:02+00:00	dgx-spark-04	True	1	cmtpeql4y1etk2auhbk9668ry
2026-09-09T13:35:02+00:00	dgx-spark-03	True	1	cmtpsaud71whj2auh0k27ynki
2026-09-09T13:35:02+00:00	dgx-spark-02	True	1	cmtsqj5lz5qd42auh8vvrfn03
2026-09-09T13:35:04+00:00	dgx-spark-04	True	1	cmtpeql4y1etk2auhbk9668ry
2026-09-09T13:35:04+00:00	dgx-spark-03	True	1	cmtpsaud71whj2auh0k27ynki
2026-09-09T13:35:04+00:00	dgx-spark-02	True	1	cmtsqj5lz5qd42auh8vvrfn03
2026-09-09T13:35:06+00:00	dgx-spark-04	True	1	cmtpeql4y1etk2auhbk9668ry
2026-09-09T13:35:06+00:00	dgx-spark-03	True	1	cmtpsaud71whj2auh0k27ynki
2026-09-09T13:35:06+00:00	dgx-spark-02	True	1	cmtsqj5lz5qd42auh8vvrfn03
2026-09-09T13:35:08+00:00	dgx-spark-04	True	1	cmtpeql4y1etk2auhbk9668ry
2026-09-09T13:35:08+00:00	dgx-spark-03	True	1	cmtpsaud71whj2auh0k27ynki
2026-09-09T13:35:08+00:00	dgx-spark-02	True	1	cmtsqj5lz5qd42auh8vvrfn03
2026-09-09T13:35:10+00:00	dgx-spark-04	True	1	cmtpeql4y1etk2auhbk9668ry
2026-09-09T13:35:10+00:00	dgx-spark-03	True	1	cmtpsaud71whj2auh0k27ynki
2026-09-09T13:35:10+00:00	dgx-spark-02	True	1	cmtsqj5lz5qd42auh8vvrfn03
2026-09-09T13:35:12+00:00	dgx-spark-04	True	1	cmtpeql4y1etk2auhbk9668ry
2026-09-09T13:35:12+00:00	dgx-spark-03	True	1	cmtpsaud71whj2auh0k27ynki
2026-09-09T13:35:12+00:00	dgx-spark-02	True	1	cmtsqj5lz5qd42auh8vvrfn03
2026-09-09T13:35:14+00:00	dgx-spark-04	True	1	cmtpeql4y1etk2auhbk9668ry
2026-09-09T13:35:14+00:00	dgx-spark-03	True	1	cmtpsaud71whj2auh0k27ynki
2026-09-09T13:35:14+00:00	dgx-spark-02	True	1	cmtsqj5lz5qd42auh8vvrfn03
2026-09-09T13:35:16+00:00	dgx-spark-04	True	1	cmtpeql4y1etk2auhbk9668ry
2026-09-09T13:35:16+00:00	dgx-spark-03	True	1	cmtpsaud71whj2auh0k27ynki
2026-09-09T13:35:16+00:00	dgx-spark-02	True	1	cmtsqj5lz5qd42auh8vvrfn03
2026-09-09T13:35:18+00:00	dgx-spark-04	True	1	cmtpeql4y1etk2auhbk9668ry
2026-09-09T13:35:18+00:00	dgx-spark-03	True	1	cmtpsaud71whj2auh0k27ynki
2026-09-09T13:35:18+00:00	dgx-spark-02	True	1	cmtsqj5lz5qd42auh8vvrfn03
2026-09-09T13:35:20+00:00	dgx-spark-04	True	1	cmtpeql4y1etk2auhbk9668ry
2026-09-09T13:35:20+00:00	dgx-spark-03	True	1	cmtpsaud71whj2auh0k27ynki
2026-09-09T13:35:20+00:00	dgx-spark-02	True	1	cmtsqj5lz5qd42auh8vvrfn03
2026-09-09T13:35:22+00:00	dgx-spark-04	True	1	cmtpeql4y1etk2auhbk9668ry
2026-09-09T13:35:22+00:00	dgx-spark-03	True	1	cmtpsaud71whj2auh0k27ynki
2026-09-09T13:35:22+00:00	dgx-spark-02	True	1	cmtsqj5lz5qd42auh8vvrfn03
2026-09-09T13:35:24+00:00	dgx-spark-04	True	1	cmtpeql4y1etk2auhbk9668ry
2026-09-09T13:35:24+00:00	dgx-spark-03	True	1	cmtpsaud71whj2auh0k27ynki
2026-09-09T13:35:24+00:00	dgx-spark-02	True	1	cmtsqj5lz5qd42auh8vvrfn03
2026-09-09T13:35:26+00:00	dgx-spark-04	True	1	cmtpeql4y1etk2auhbk9668ry
2026-09-09T13:35:26+00:00	dgx-spark-03	True	1	cmtpsaud71whj2auh0k27ynki
2026-09-09T13:35:26+00:00	dgx-spark-02	True	1	cmtsqj5lz5qd42auh8vvrfn03
2026-09-09T13:35:28+00:00	dgx-spark-04	True	1	cmtpeql4y1etk2auhbk9668ry
2026-09-09T13:35:28+00:00	dgx-spark-03	True	1	cmtpsaud71whj2auh0k27ynki
2026-09-09T13:35:28+00:00	dgx-spark-02	True	1	cmtsqj5lz5qd42auh8vvrfn03
2026-09-09T13:35:30+00:00	dgx-spark-04	True	1	cmtpeql4y1etk2auhbk9668ry
2026-09-09T13:35:30+00:00	dgx-spark-03	True	1	cmtpsaud71whj2auh0k27ynki
2026-09-09T13:35:30+00:00	dgx-spark-02	True	1	cmtsqj5lz5qd42auh8vvrfn03
2026-09-09T13:35:32+00:00	dgx-spark-04	True	1	cmtpeql4y1etk2auhbk9668ry
2026-09-09T13:35:32+00:00	dgx-spark-03	True	1	cmtpsaud71whj2auh0k27ynki
2026-09-09T13:35:32+00:00	dgx-spark-02	True	1	cmtsqj5lz5qd42auh8vvrfn03
2026-09-09T13:35:34+00:00	dgx-spark-04	True	1	cmtpeql4y1etk2auhbk9668ry
2026-09-09T13:35:34+00:00	dgx-spark-03	True	1	cmtpsaud71whj2auh0k27ynki
2026-09-09T13:35:34+00:00	dgx-spark-02	True	1	cmtsqj5lz5qd42auh8vvrfn03
2026-09-09T13:35:37+00:00	dgx-spark-04	True	1	cmtpeql4y1etk2auhbk9668ry
2026-09-09T13:35:37+00:00	dgx-spark-03	True	1	cmtpsaud71whj2auh0k27ynki
2026-09-09T13:35:37+00:00	dgx-spark-02	True	1	cmtsqj5lz5qd42auh8vvrfn03
2026-09-09T13:35:39+00:00	dgx-spark-04	True	1	cmtpeql4y1etk2auhbk9668ry
2026-09-09T13:35:39+00:00	dgx-spark-03	True	1	cmtpsaud71whj2auh0k27ynki
2026-09-09T13:35:39+00:00	dgx-spark-02	True	1	cmtsqj5lz5qd42auh8vvrfn03
2026-09-09T13:35:41+00:00	dgx-spark-04	True	1	cmtpeql4y1etk2auhbk9668ry
2026-09-09T13:35:41+00:00	dgx-spark-03	True	1	cmtpsaud71whj2auh0k27ynki
2026-09-09T13:35:41+00:00	dgx-spark-02	True	1	cmtsqj5lz5qd42auh8vvrfn03
2026-09-09T13:35:43+00:00	dgx-spark-04	True	1	cmtpeql4y1etk2auhbk9668ry
2026-09-09T13:35:43+00:00	dgx-spark-03	True	1	cmtpsaud71whj2auh0k27ynki
2026-09-09T13:35:43+00:00	dgx-spark-02	True	1	cmtsqj5lz5qd42auh8vvrfn03
2026-09-09T13:35:45+00:00	dgx-spark-04	True	1	cmtpeql4y1etk2auhbk9668ry
2026-09-09T13:35:45+00:00	dgx-spark-03	True	1	cmtpsaud71whj2auh0k27ynki
2026-09-09T13:35:45+00:00	dgx-spark-02	True	1	cmtsqj5lz5qd42auh8vvrfn03
2026-09-09T13:35:47+00:00	dgx-spark-04	True	1	cmtpeql4y1etk2auhbk9668ry
2026-09-09T13:35:47+00:00	dgx-spark-03	True	1	cmtpsaud71whj2auh0k27ynki
2026-09-09T13:35:47+00:00	dgx-spark-02	True	1	cmtsqj5lz5qd42auh8vvrfn03
2026-09-09T13:35:49+00:00	dgx-spark-04	True	1	cmtpeql4y1etk2auhbk9668ry
2026-09-09T13:35:49+00:00	dgx-spark-03	True	1	cmtpsaud71whj2auh0k27ynki
2026-09-09T13:35:49+00:00	dgx-spark-02	True	0	cmtsqj5lz5qd42auh8vvrfn03
2026-09-09T13:35:51+00:00	dgx-spark-04	True	1	cmtpeql4y1etk2auhbk9668ry
2026-09-09T13:35:51+00:00	dgx-spark-03	True	1	cmtpsaud71whj2auh0k27ynki
2026-09-09T13:35:51+00:00	dgx-spark-02	True	1	cmtsqj5lz5qd42auh8vvrfn03
2026-09-09T13:35:53+00:00	dgx-spark-04	True	1	cmtpeql4y1etk2auhbk9668ry
2026-09-09T13:35:53+00:00	dgx-spark-03	True	1	cmtpsaud71whj2auh0k27ynki
2026-09-09T13:35:53+00:00	dgx-spark-02	True	1	cmtsqj5lz5qd42auh8vvrfn03
2026-09-09T13:35:55+00:00	dgx-spark-04	True	1	cmtpeql4y1etk2auhbk9668ry
2026-09-09T13:35:55+00:00	dgx-spark-03	True	1	cmtpsaud71whj2auh0k27ynki
2026-09-09T13:35:55+00:00	dgx-spark-02	True	1	cmtsqj5lz5qd42auh8vvrfn03
2026-09-09T13:35:57+00:00	dgx-spark-04	True	1	cmtpeql4y1etk2auhbk9668ry
2026-09-09T13:35:57+00:00	dgx-spark-03	True	1	cmtpsaud71whj2auh0k27ynki
2026-09-09T13:35:57+00:00	dgx-spark-02	True	1	cmtsqj5lz5qd42auh8vvrfn03
2026-09-09T13:35:59+00:00	dgx-spark-04	True	1	cmtpeql4y1etk2auhbk9668ry
2026-09-09T13:35:59+00:00	dgx-spark-03	True	1	cmtpsaud71whj2auh0k27ynki
2026-09-09T13:35:59+00:00	dgx-spark-02	True	1	cmtsqj5lz5qd42auh8vvrfn03
2026-09-09T13:36:01+00:00	dgx-spark-04	True	1	cmtpeql4y1etk2auhbk9668ry
2026-09-09T13:36:01+00:00	dgx-spark-03	True	1	cmtpsaud71whj2auh0k27ynki
2026-09-09T13:36:01+00:00	dgx-spark-02	True	1	cmtsqj5lz5qd42auh8vvrfn03
2026-09-09T13:36:03+00:00	dgx-spark-04	True	1	cmtpeql4y1etk2auhbk9668ry
2026-09-09T13:36:03+00:00	dgx-spark-03	True	1	cmtpsaud71whj2auh0k27ynki
2026-09-09T13:36:03+00:00	dgx-spark-02	True	1	cmtsqj5lz5qd42auh8vvrfn03
2026-09-09T13:36:05+00:00	dgx-spark-04	True	1	cmtpeql4y1etk2auhbk9668ry
2026-09-09T13:36:05+00:00	dgx-spark-03	True	1	cmtpsaud71whj2auh0k27ynki
2026-09-09T13:36:05+00:00	dgx-spark-02	True	1	cmtsqj5lz5qd42auh8vvrfn03
2026-09-09T13:36:07+00:00	dgx-spark-04	True	1	cmtpeql4y1etk2auhbk9668ry
2026-09-09T13:36:07+00:00	dgx-spark-03	True	1	cmtpsaud71whj2auh0k27ynki
2026-09-09T13:36:07+00:00	dgx-spark-02	True	1	cmtsqj5lz5qd42auh8vvrfn03
2026-09-09T13:36:09+00:00	dgx-spark-04	True	1	cmtpeql4y1etk2auhbk9668ry
2026-09-09T13:36:09+00:00	dgx-spark-03	True	1	cmtpsaud71whj2auh0k27ynki
2026-09-09T13:36:09+00:00	dgx-spark-02	True	1	cmtsqj5lz5qd42auh8vvrfn03
2026-09-09T13:36:11+00:00	dgx-spark-04	True	0	cmtpeql4y1etk2auhbk9668ry
2026-09-09T13:36:11+00:00	dgx-spark-03	True	1	cmtpsaud71whj2auh0k27ynki
2026-09-09T13:36:11+00:00	dgx-spark-02	True	1	cmtsqj5lz5qd42auh8vvrfn03
2026-09-09T13:36:13+00:00	dgx-spark-04	True	1	cmtpeql4y1etk2auhbk9668ry
2026-09-09T13:36:13+00:00	dgx-spark-03	True	1	cmtpsaud71whj2auh0k27ynki
2026-09-09T13:36:13+00:00	dgx-spark-02	True	1	cmtsqj5lz5qd42auh8vvrfn03
2026-09-09T13:36:15+00:00	dgx-spark-04	True	1	cmtpeql4y1etk2auhbk9668ry
2026-09-09T13:36:15+00:00	dgx-spark-03	True	1	cmtpsaud71whj2auh0k27ynki
2026-09-09T13:36:15+00:00	dgx-spark-02	True	1	cmtsqj5lz5qd42auh8vvrfn03
2026-09-09T13:36:17+00:00	dgx-spark-04	True	1	cmtpeql4y1etk2auhbk9668ry
2026-09-09T13:36:17+00:00	dgx-spark-03	True	1	cmtpsaud71whj2auh0k27ynki
2026-09-09T13:36:17+00:00	dgx-spark-02	True	1	cmtsqj5lz5qd42auh8vvrfn03
2026-09-09T13:36:19+00:00	dgx-spark-04	True	1	cmtpeql4y1etk2auhbk9668ry
2026-09-09T13:36:19+00:00	dgx-spark-03	True	1	cmtpsaud71whj2auh0k27ynki
2026-09-09T13:36:19+00:00	dgx-spark-02	True	1	cmtsqj5lz5qd42auh8vvrfn03
2026-09-09T13:36:21+00:00	dgx-spark-04	True	1	cmtpeql4y1etk2auhbk9668ry
2026-09-09T13:36:21+00:00	dgx-spark-03	True	1	cmtpsaud71whj2auh0k27ynki
2026-09-09T13:36:21+00:00	dgx-spark-02	True	1	cmtsqj5lz5qd42auh8vvrfn03
2026-09-09T13:36:23+00:00	dgx-spark-04	True	1	cmtpeql4y1etk2auhbk9668ry
2026-09-09T13:36:23+00:00	dgx-spark-03	True	1	cmtpsaud71whj2auh0k27ynki
2026-09-09T13:36:23+00:00	dgx-spark-02	True	1	cmtsqj5lz5qd42auh8vvrfn03
2026-09-09T13:36:25+00:00	dgx-spark-04	True	1	cmtpeql4y1etk2auhbk9668ry
2026-09-09T13:36:25+00:00	dgx-spark-03	True	1	cmtpsaud71whj2auh0k27ynki
2026-09-09T13:36:25+00:00	dgx-spark-02	True	1	cmtsqj5lz5qd42auh8vvrfn03
2026-09-09T13:36:27+00:00	dgx-spark-04	True	1	cmtpeql4y1etk2auhbk9668ry
2026-09-09T13:36:27+00:00	dgx-spark-03	True	1	cmtpsaud71whj2auh0k27ynki
2026-09-09T13:36:27+00:00	dgx-spark-02	True	1	cmtsqj5lz5qd42auh8vvrfn03
2026-09-09T13:36:29+00:00	dgx-spark-04	True	1	cmtpeql4y1etk2auhbk9668ry
2026-09-09T13:36:29+00:00	dgx-spark-03	True	1	cmtpsaud71whj2auh0k27ynki
2026-09-09T13:36:29+00:00	dgx-spark-02	True	1	cmtsqj5lz5qd42auh8vvrfn03
2026-09-09T13:36:31+00:00	dgx-spark-04	True	1	cmtpeql4y1etk2auhbk9668ry
2026-09-09T13:36:31+00:00	dgx-spark-03	True	1	cmtpsaud71whj2auh0k27ynki
2026-09-09T13:36:31+00:00	dgx-spark-02	True	1	cmtsqj5lz5qd42auh8vvrfn03
2026-09-09T13:36:33+00:00	dgx-spark-04	True	1	cmtpeql4y1etk2auhbk9668ry
2026-09-09T13:36:33+00:00	dgx-spark-03	True	1	cmtpsaud71whj2auh0k27ynki
2026-09-09T13:36:33+00:00	dgx-spark-02	True	1	cmtsqj5lz5qd42auh8vvrfn03
2026-09-09T13:36:35+00:00	dgx-spark-04	True	1	cmtpeql4y1etk2auhbk9668ry
2026-09-09T13:36:35+00:00	dgx-spark-03	True	1	cmtpsaud71whj2auh0k27ynki
2026-09-09T13:36:35+00:00	dgx-spark-02	True	1	cmtsqj5lz5qd42auh8vvrfn03
2026-09-09T13:36:37+00:00	dgx-spark-04	True	1	cmtpeql4y1etk2auhbk9668ry
2026-09-09T13:36:37+00:00	dgx-spark-03	True	1	cmtpsaud71whj2auh0k27ynki
2026-09-09T13:36:37+00:00	dgx-spark-02	True	1	cmtsqj5lz5qd42auh8vvrfn03
2026-09-09T13:36:39+00:00	dgx-spark-04	True	1	cmtpeql4y1etk2auhbk9668ry
2026-09-09T13:36:39+00:00	dgx-spark-03	True	1	cmtpsaud71whj2auh0k27ynki
2026-09-09T13:36:39+00:00	dgx-spark-02	True	1	cmtsqj5lz5qd42auh8vvrfn03
2026-09-09T13:36:41+00:00	dgx-spark-04	True	1	cmtpeql4y1etk2auhbk9668ry
2026-09-09T13:36:41+00:00	dgx-spark-03	True	1	cmtpsaud71whj2auh0k27ynki
2026-09-09T13:36:41+00:00	dgx-spark-02	True	0	cmtsqj5lz5qd42auh8vvrfn03
2026-09-09T13:36:43+00:00	dgx-spark-04	True	1	cmtpeql4y1etk2auhbk9668ry
2026-09-09T13:36:43+00:00	dgx-spark-03	True	1	cmtpsaud71whj2auh0k27ynki
2026-09-09T13:36:43+00:00	dgx-spark-02	True	1	cmtsqj5lz5qd42auh8vvrfn03
2026-09-09T13:36:45+00:00	dgx-spark-04	True	1	cmtpeql4y1etk2auhbk9668ry
2026-09-09T13:36:45+00:00	dgx-spark-03	True	1	cmtpsaud71whj2auh0k27ynki
2026-09-09T13:36:45+00:00	dgx-spark-02	True	1	cmtsqj5lz5qd42auh8vvrfn03
2026-09-09T13:36:47+00:00	dgx-spark-04	True	1	cmtpeql4y1etk2auhbk9668ry
2026-09-09T13:36:47+00:00	dgx-spark-03	True	1	cmtpsaud71whj2auh0k27ynki
2026-09-09T13:36:47+00:00	dgx-spark-02	True	1	cmtsqj5lz5qd42auh8vvrfn03
2026-09-09T13:36:49+00:00	dgx-spark-04	True	1	cmtpeql4y1etk2auhbk9668ry
2026-09-09T13:36:49+00:00	dgx-spark-03	True	1	cmtpsaud71whj2auh0k27ynki
2026-09-09T13:36:49+00:00	dgx-spark-02	True	1	cmtsqj5lz5qd42auh8vvrfn03
2026-09-09T13:36:51+00:00	dgx-spark-04	True	1	cmtpeql4y1etk2auhbk9668ry
2026-09-09T13:36:51+00:00	dgx-spark-03	True	1	cmtpsaud71whj2auh0k27ynki
2026-09-09T13:36:51+00:00	dgx-spark-02	True	1	cmtsqj5lz5qd42auh8vvrfn03
2026-09-09T13:36:53+00:00	dgx-spark-04	True	1	cmtpeql4y1etk2auhbk9668ry
2026-09-09T13:36:53+00:00	dgx-spark-03	True	1	cmtpsaud71whj2auh0k27ynki
2026-09-09T13:36:53+00:00	dgx-spark-02	True	1	cmtsqj5lz5qd42auh8vvrfn03
2026-09-09T13:36:55+00:00	dgx-spark-04	True	1	cmtpeql4y1etk2auhbk9668ry
2026-09-09T13:36:55+00:00	dgx-spark-03	True	1	cmtpsaud71whj2auh0k27ynki
2026-09-09T13:36:55+00:00	dgx-spark-02	True	1	cmtsqj5lz5qd42auh8vvrfn03
2026-09-09T13:36:57+00:00	dgx-spark-04	True	1	cmtpeql4y1etk2auhbk9668ry
2026-09-09T13:36:57+00:00	dgx-spark-03	True	1	cmtpsaud71whj2auh0k27ynki
2026-09-09T13:36:57+00:00	dgx-spark-02	True	1	cmtsqj5lz5qd42auh8vvrfn03
2026-09-09T13:36:59+00:00	dgx-spark-04	True	1	cmtpeql4y1etk2auhbk9668ry
2026-09-09T13:36:59+00:00	dgx-spark-03	True	1	cmtpsaud71whj2auh0k27ynki
2026-09-09T13:36:59+00:00	dgx-spark-02	True	1	cmtsqj5lz5qd42auh8vvrfn03
2026-09-09T13:37:01+00:00	dgx-spark-04	True	1	cmtpeql4y1etk2auhbk9668ry
2026-09-09T13:37:01+00:00	dgx-spark-03	True	1	cmtpsaud71whj2auh0k27ynki
2026-09-09T13:37:01+00:00	dgx-spark-02	True	1	cmtsqj5lz5qd42auh8vvrfn03
2026-09-09T13:37:03+00:00	dgx-spark-04	True	1	cmtpeql4y1etk2auhbk9668ry
2026-09-09T13:37:03+00:00	dgx-spark-03	True	1	cmtpsaud71whj2auh0k27ynki
2026-09-09T13:37:03+00:00	dgx-spark-02	True	1	cmtsqj5lz5qd42auh8vvrfn03
2026-09-09T13:37:05+00:00	dgx-spark-04	True	1	cmtpeql4y1etk2auhbk9668ry
2026-09-09T13:37:05+00:00	dgx-spark-03	True	1	cmtpsaud71whj2auh0k27ynki
2026-09-09T13:37:05+00:00	dgx-spark-02	True	1	cmtsqj5lz5qd42auh8vvrfn03
2026-09-09T13:37:07+00:00	dgx-spark-04	True	1	cmtpeql4y1etk2auhbk9668ry
2026-09-09T13:37:07+00:00	dgx-spark-03	True	1	cmtpsaud71whj2auh0k27ynki
2026-09-09T13:37:07+00:00	dgx-spark-02	True	1	cmtsqj5lz5qd42auh8vvrfn03
2026-09-09T13:37:09+00:00	dgx-spark-04	True	1	cmtpeql4y1etk2auhbk9668ry
2026-09-09T13:37:09+00:00	dgx-spark-03	True	1	cmtpsaud71whj2auh0k27ynki
2026-09-09T13:37:09+00:00	dgx-spark-02	True	1	cmtsqj5lz5qd42auh8vvrfn03
2026-09-09T13:37:11+00:00	dgx-spark-04	True	1	cmtpeql4y1etk2auhbk9668ry
2026-09-09T13:37:11+00:00	dgx-spark-03	True	1	cmtpsaud71whj2auh0k27ynki
2026-09-09T13:37:11+00:00	dgx-spark-02	True	1	cmtsqj5lz5qd42auh8vvrfn03
2026-09-09T13:37:13+00:00	dgx-spark-04	True	1	cmtpeql4y1etk2auhbk9668ry
2026-09-09T13:37:13+00:00	dgx-spark-03	True	1	cmtpsaud71whj2auh0k27ynki
2026-09-09T13:37:13+00:00	dgx-spark-02	True	1	cmtsqj5lz5qd42auh8vvrfn03
2026-09-09T13:37:15+00:00	dgx-spark-04	True	1	cmtpeql4y1etk2auhbk9668ry
2026-09-09T13:37:15+00:00	dgx-spark-03	True	1	cmtpsaud71whj2auh0k27ynki
2026-09-09T13:37:15+00:00	dgx-spark-02	True	1	cmtsqj5lz5qd42auh8vvrfn03
2026-09-09T13:37:17+00:00	dgx-spark-04	True	1	cmtpeql4y1etk2auhbk9668ry
2026-09-09T13:37:17+00:00	dgx-spark-03	True	1	cmtpsaud71whj2auh0k27ynki
2026-09-09T13:37:17+00:00	dgx-spark-02	True	1	cmtsqj5lz5qd42auh8vvrfn03
2026-09-09T13:37:19+00:00	dgx-spark-04	True	1	cmtpeql4y1etk2auhbk9668ry
2026-09-09T13:37:19+00:00	dgx-spark-03	True	1	cmtpsaud71whj2auh0k27ynki
2026-09-09T13:37:19+00:00	dgx-spark-02	True	1	cmtsqj5lz5qd42auh8vvrfn03
2026-09-09T13:37:21+00:00	dgx-spark-04	True	1	cmtpeql4y1etk2auhbk9668ry
2026-09-09T13:37:21+00:00	dgx-spark-03	True	1	cmtpsaud71whj2auh0k27ynki
2026-09-09T13:37:21+00:00	dgx-spark-02	True	1	cmtsqj5lz5qd42auh8vvrfn03
2026-09-09T13:37:23+00:00	dgx-spark-04	True	1	cmtpeql4y1etk2auhbk9668ry
2026-09-09T13:37:23+00:00	dgx-spark-03	True	1	cmtpsaud71whj2auh0k27ynki
2026-09-09T13:37:23+00:00	dgx-spark-02	True	1	cmtsqj5lz5qd42auh8vvrfn03
2026-09-09T13:37:26+00:00	dgx-spark-04	True	1	cmtpeql4y1etk2auhbk9668ry
2026-09-09T13:37:26+00:00	dgx-spark-03	True	1	cmtpsaud71whj2auh0k27ynki
2026-09-09T13:37:26+00:00	dgx-spark-02	True	1	cmtsqj5lz5qd42auh8vvrfn03
2026-09-09T13:37:28+00:00	dgx-spark-04	True	1	cmtpeql4y1etk2auhbk9668ry
2026-09-09T13:37:28+00:00	dgx-spark-03	True	1	cmtpsaud71whj2auh0k27ynki
2026-09-09T13:37:28+00:00	dgx-spark-02	True	1	cmtsqj5lz5qd42auh8vvrfn03
2026-09-09T13:37:30+00:00	dgx-spark-04	True	1	cmtpeql4y1etk2auhbk9668ry
2026-09-09T13:37:30+00:00	dgx-spark-03	True	1	cmtpsaud71whj2auh0k27ynki
2026-09-09T13:37:30+00:00	dgx-spark-02	True	1	cmtsqj5lz5qd42auh8vvrfn03
2026-09-09T13:37:32+00:00	dgx-spark-04	True	1	cmtpeql4y1etk2auhbk9668ry
2026-09-09T13:37:32+00:00	dgx-spark-03	True	1	cmtpsaud71whj2auh0k27ynki
2026-09-09T13:37:32+00:00	dgx-spark-02	True	1	cmtsqj5lz5qd42auh8vvrfn03
2026-09-09T13:37:34+00:00	dgx-spark-04	True	1	cmtpeql4y1etk2auhbk9668ry
2026-09-09T13:37:34+00:00	dgx-spark-03	True	1	cmtpsaud71whj2auh0k27ynki
2026-09-09T13:37:34+00:00	dgx-spark-02	True	1	cmtsqj5lz5qd42auh8vvrfn03
2026-09-09T13:37:36+00:00	dgx-spark-04	True	1	cmtpeql4y1etk2auhbk9668ry
2026-09-09T13:37:36+00:00	dgx-spark-03	True	1	cmtpsaud71whj2auh0k27ynki
2026-09-09T13:37:36+00:00	dgx-spark-02	True	1	cmtsqj5lz5qd42auh8vvrfn03
2026-09-09T13:37:38+00:00	dgx-spark-04	True	1	cmtpeql4y1etk2auhbk9668ry
2026-09-09T13:37:38+00:00	dgx-spark-03	True	1	cmtpsaud71whj2auh0k27ynki
2026-09-09T13:37:38+00:00	dgx-spark-02	True	1	cmtsqj5lz5qd42auh8vvrfn03
2026-09-09T13:37:40+00:00	dgx-spark-04	True	1	cmtpeql4y1etk2auhbk9668ry
2026-09-09T13:37:40+00:00	dgx-spark-03	True	1	cmtpsaud71whj2auh0k27ynki
2026-09-09T13:37:40+00:00	dgx-spark-02	True	1	cmtsqj5lz5qd42auh8vvrfn03
2026-09-09T13:37:42+00:00	dgx-spark-04	True	1	cmtpeql4y1etk2auhbk9668ry
2026-09-09T13:37:42+00:00	dgx-spark-03	True	1	cmtpsaud71whj2auh0k27ynki
2026-09-09T13:37:42+00:00	dgx-spark-02	True	1	cmtsqj5lz5qd42auh8vvrfn03
2026-09-09T13:37:44+00:00	dgx-spark-04	True	1	cmtpeql4y1etk2auhbk9668ry
2026-09-09T13:37:44+00:00	dgx-spark-03	True	1	cmtpsaud71whj2auh0k27ynki
2026-09-09T13:37:44+00:00	dgx-spark-02	True	1	cmtsqj5lz5qd42auh8vvrfn03
2026-09-09T13:37:46+00:00	dgx-spark-04	True	1	cmtpeql4y1etk2auhbk9668ry
2026-09-09T13:37:46+00:00	dgx-spark-03	True	1	cmtpsaud71whj2auh0k27ynki
2026-09-09T13:37:46+00:00	dgx-spark-02	True	1	cmtsqj5lz5qd42auh8vvrfn03
2026-09-09T13:37:48+00:00	dgx-spark-04	True	1	cmtpeql4y1etk2auhbk9668ry
2026-09-09T13:37:48+00:00	dgx-spark-03	True	1	cmtpsaud71whj2auh0k27ynki
2026-09-09T13:37:48+00:00	dgx-spark-02	True	1	cmtsqj5lz5qd42auh8vvrfn03
2026-09-09T13:37:50+00:00	dgx-spark-04	True	1	cmtpeql4y1etk2auhbk9668ry
2026-09-09T13:37:50+00:00	dgx-spark-03	True	1	cmtpsaud71whj2auh0k27ynki
2026-09-09T13:37:50+00:00	dgx-spark-02	True	1	cmtsqj5lz5qd42auh8vvrfn03
2026-09-09T13:37:52+00:00	dgx-spark-04	True	1	cmtpeql4y1etk2auhbk9668ry
2026-09-09T13:37:52+00:00	dgx-spark-03	True	1	cmtpsaud71whj2auh0k27ynki
2026-09-09T13:37:52+00:00	dgx-spark-02	True	1	cmtsqj5lz5qd42auh8vvrfn03
2026-09-09T13:37:54+00:00	dgx-spark-04	True	1	cmtpeql4y1etk2auhbk9668ry
2026-09-09T13:37:54+00:00	dgx-spark-03	True	1	cmtpsaud71whj2auh0k27ynki
2026-09-09T13:37:54+00:00	dgx-spark-02	True	1	cmtsqj5lz5qd42auh8vvrfn03
2026-09-09T13:37:56+00:00	dgx-spark-04	True	1	cmtpeql4y1etk2auhbk9668ry
2026-09-09T13:37:56+00:00	dgx-spark-03	True	1	cmtpsaud71whj2auh0k27ynki
2026-09-09T13:37:56+00:00	dgx-spark-02	True	1	cmtsqj5lz5qd42auh8vvrfn03
2026-09-09T13:37:58+00:00	dgx-spark-04	True	1	cmtpeql4y1etk2auhbk9668ry
2026-09-09T13:37:58+00:00	dgx-spark-03	True	1	cmtpsaud71whj2auh0k27ynki
2026-09-09T13:37:58+00:00	dgx-spark-02	True	1	cmtsqj5lz5qd42auh8vvrfn03
2026-09-09T13:38:00+00:00	dgx-spark-04	True	1	cmtpeql4y1etk2auhbk9668ry
2026-09-09T13:38:00+00:00	dgx-spark-03	True	1	cmtpsaud71whj2auh0k27ynki
2026-09-09T13:38:00+00:00	dgx-spark-02	True	1	cmtsqj5lz5qd42auh8vvrfn03
2026-09-09T13:38:02+00:00	dgx-spark-04	True	1	cmtpeql4y1etk2auhbk9668ry
2026-09-09T13:38:02+00:00	dgx-spark-03	True	0	cmtpsaud71whj2auh0k27ynki
2026-09-09T13:38:02+00:00	dgx-spark-02	True	1	cmtsqj5lz5qd42auh8vvrfn03
2026-09-09T13:38:04+00:00	dgx-spark-04	True	1	cmtpeql4y1etk2auhbk9668ry
2026-09-09T13:38:04+00:00	dgx-spark-03	True	1	cmtpsaud71whj2auh0k27ynki
2026-09-09T13:38:04+00:00	dgx-spark-02	True	1	cmtsqj5lz5qd42auh8vvrfn03
2026-09-09T13:38:06+00:00	dgx-spark-04	True	1	cmtpeql4y1etk2auhbk9668ry
2026-09-09T13:38:06+00:00	dgx-spark-03	True	1	cmtpsaud71whj2auh0k27ynki
2026-09-09T13:38:06+00:00	dgx-spark-02	True	1	cmtsqj5lz5qd42auh8vvrfn03
2026-09-09T13:38:08+00:00	dgx-spark-04	True	1	cmtpeql4y1etk2auhbk9668ry
2026-09-09T13:38:08+00:00	dgx-spark-03	True	1	cmtpsaud71whj2auh0k27ynki
2026-09-09T13:38:08+00:00	dgx-spark-02	True	1	cmtsqj5lz5qd42auh8vvrfn03
2026-09-09T13:38:10+00:00	dgx-spark-04	True	1	cmtpeql4y1etk2auhbk9668ry
2026-09-09T13:38:10+00:00	dgx-spark-03	True	1	cmtpsaud71whj2auh0k27ynki
2026-09-09T13:38:10+00:00	dgx-spark-02	True	1	cmtsqj5lz5qd42auh8vvrfn03
2026-09-09T13:38:12+00:00	dgx-spark-04	True	1	cmtpeql4y1etk2auhbk9668ry
2026-09-09T13:38:12+00:00	dgx-spark-03	True	1	cmtpsaud71whj2auh0k27ynki
2026-09-09T13:38:12+00:00	dgx-spark-02	True	1	cmtsqj5lz5qd42auh8vvrfn03
2026-09-09T13:38:14+00:00	dgx-spark-04	True	1	cmtpeql4y1etk2auhbk9668ry
2026-09-09T13:38:14+00:00	dgx-spark-03	True	1	cmtpsaud71whj2auh0k27ynki
2026-09-09T13:38:14+00:00	dgx-spark-02	True	1	cmtsqj5lz5qd42auh8vvrfn03
2026-09-09T13:38:16+00:00	dgx-spark-04	True	1	cmtpeql4y1etk2auhbk9668ry
2026-09-09T13:38:16+00:00	dgx-spark-03	True	1	cmtpsaud71whj2auh0k27ynki
2026-09-09T13:38:16+00:00	dgx-spark-02	True	1	cmtsqj5lz5qd42auh8vvrfn03
2026-09-09T13:38:18+00:00	dgx-spark-04	True	1	cmtpeql4y1etk2auhbk9668ry
2026-09-09T13:38:18+00:00	dgx-spark-03	True	1	cmtpsaud71whj2auh0k27ynki
2026-09-09T13:38:18+00:00	dgx-spark-02	True	1	cmtsqj5lz5qd42auh8vvrfn03
2026-09-09T13:38:20+00:00	dgx-spark-04	True	1	cmtpeql4y1etk2auhbk9668ry
2026-09-09T13:38:20+00:00	dgx-spark-03	True	1	cmtpsaud71whj2auh0k27ynki
2026-09-09T13:38:20+00:00	dgx-spark-02	True	1	cmtsqj5lz5qd42auh8vvrfn03
2026-09-09T13:38:22+00:00	dgx-spark-04	True	1	cmtpeql4y1etk2auhbk9668ry
2026-09-09T13:38:22+00:00	dgx-spark-03	True	1	cmtpsaud71whj2auh0k27ynki
2026-09-09T13:38:22+00:00	dgx-spark-02	True	1	cmtsqj5lz5qd42auh8vvrfn03
2026-09-09T13:38:24+00:00	dgx-spark-04	True	1	cmtpeql4y1etk2auhbk9668ry
2026-09-09T13:38:24+00:00	dgx-spark-03	True	1	cmtpsaud71whj2auh0k27ynki
2026-09-09T13:38:24+00:00	dgx-spark-02	True	1	cmtsqj5lz5qd42auh8vvrfn03
2026-09-09T13:38:26+00:00	dgx-spark-04	True	1	cmtpeql4y1etk2auhbk9668ry
2026-09-09T13:38:26+00:00	dgx-spark-03	True	1	cmtpsaud71whj2auh0k27ynki
2026-09-09T13:38:26+00:00	dgx-spark-02	True	1	cmtsqj5lz5qd42auh8vvrfn03
2026-09-09T13:38:28+00:00	dgx-spark-04	True	1	cmtpeql4y1etk2auhbk9668ry
2026-09-09T13:38:28+00:00	dgx-spark-03	True	1	cmtpsaud71whj2auh0k27ynki
2026-09-09T13:38:28+00:00	dgx-spark-02	True	1	cmtsqj5lz5qd42auh8vvrfn03
2026-09-09T13:38:30+00:00	dgx-spark-04	True	1	cmtpeql4y1etk2auhbk9668ry
2026-09-09T13:38:30+00:00	dgx-spark-03	True	1	cmtpsaud71whj2auh0k27ynki
2026-09-09T13:38:30+00:00	dgx-spark-02	True	1	cmtsqj5lz5qd42auh8vvrfn03
2026-09-09T13:38:32+00:00	dgx-spark-04	True	1	cmtpeql4y1etk2auhbk9668ry
2026-09-09T13:38:32+00:00	dgx-spark-03	True	1	cmtpsaud71whj2auh0k27ynki
2026-09-09T13:38:32+00:00	dgx-spark-02	True	1	cmtsqj5lz5qd42auh8vvrfn03
2026-09-09T13:38:34+00:00	dgx-spark-04	True	1	cmtpeql4y1etk2auhbk9668ry
2026-09-09T13:38:34+00:00	dgx-spark-03	True	1	cmtpsaud71whj2auh0k27ynki
2026-09-09T13:38:34+00:00	dgx-spark-02	True	1	cmtsqj5lz5qd42auh8vvrfn03
2026-09-09T13:38:36+00:00	dgx-spark-04	True	1	cmtpeql4y1etk2auhbk9668ry
2026-09-09T13:38:36+00:00	dgx-spark-03	True	1	cmtpsaud71whj2auh0k27ynki
2026-09-09T13:38:36+00:00	dgx-spark-02	True	1	cmtsqj5lz5qd42auh8vvrfn03
2026-09-09T13:38:38+00:00	dgx-spark-04	True	1	cmtpeql4y1etk2auhbk9668ry
2026-09-09T13:38:38+00:00	dgx-spark-03	True	1	cmtpsaud71whj2auh0k27ynki
2026-09-09T13:38:38+00:00	dgx-spark-02	True	1	cmtsqj5lz5qd42auh8vvrfn03
2026-09-09T13:38:40+00:00	dgx-spark-04	True	1	cmtpeql4y1etk2auhbk9668ry
2026-09-09T13:38:40+00:00	dgx-spark-03	True	1	cmtpsaud71whj2auh0k27ynki
2026-09-09T13:38:40+00:00	dgx-spark-02	True	1	cmtsqj5lz5qd42auh8vvrfn03
2026-09-09T13:38:42+00:00	dgx-spark-04	True	1	cmtpeql4y1etk2auhbk9668ry
2026-09-09T13:38:42+00:00	dgx-spark-03	True	1	cmtpsaud71whj2auh0k27ynki
2026-09-09T13:38:42+00:00	dgx-spark-02	True	1	cmtsqj5lz5qd42auh8vvrfn03
2026-09-09T13:38:44+00:00	dgx-spark-04	True	1	cmtpeql4y1etk2auhbk9668ry
2026-09-09T13:38:44+00:00	dgx-spark-03	True	1	cmtpsaud71whj2auh0k27ynki
2026-09-09T13:38:44+00:00	dgx-spark-02	True	1	cmtsqj5lz5qd42auh8vvrfn03
2026-09-09T13:38:46+00:00	dgx-spark-04	True	1	cmtpeql4y1etk2auhbk9668ry
2026-09-09T13:38:46+00:00	dgx-spark-03	True	1	cmtpsaud71whj2auh0k27ynki
2026-09-09T13:38:46+00:00	dgx-spark-02	True	1	cmtsqj5lz5qd42auh8vvrfn03
2026-09-09T13:38:48+00:00	dgx-spark-04	True	1	cmtpeql4y1etk2auhbk9668ry
2026-09-09T13:38:48+00:00	dgx-spark-03	True	1	cmtpsaud71whj2auh0k27ynki
2026-09-09T13:38:48+00:00	dgx-spark-02	True	1	cmtsqj5lz5qd42auh8vvrfn03
2026-09-09T13:38:50+00:00	dgx-spark-04	True	1	cmtpeql4y1etk2auhbk9668ry
2026-09-09T13:38:50+00:00	dgx-spark-03	True	1	cmtpsaud71whj2auh0k27ynki
2026-09-09T13:38:50+00:00	dgx-spark-02	True	1	cmtsqj5lz5qd42auh8vvrfn03
2026-09-09T13:38:53+00:00	dgx-spark-04	True	1	cmtpeql4y1etk2auhbk9668ry
2026-09-09T13:38:53+00:00	dgx-spark-03	True	1	cmtpsaud71whj2auh0k27ynki
2026-09-09T13:38:53+00:00	dgx-spark-02	True	1	cmtsqj5lz5qd42auh8vvrfn03
2026-09-09T13:38:55+00:00	dgx-spark-04	True	1	cmtpeql4y1etk2auhbk9668ry
2026-09-09T13:38:55+00:00	dgx-spark-03	True	1	cmtpsaud71whj2auh0k27ynki
2026-09-09T13:38:55+00:00	dgx-spark-02	True	1	cmtsqj5lz5qd42auh8vvrfn03
2026-09-09T13:38:57+00:00	dgx-spark-04	True	1	cmtpeql4y1etk2auhbk9668ry
2026-09-09T13:38:57+00:00	dgx-spark-03	True	1	cmtpsaud71whj2auh0k27ynki
2026-09-09T13:38:57+00:00	dgx-spark-02	True	1	cmtsqj5lz5qd42auh8vvrfn03
2026-09-09T13:38:59+00:00	dgx-spark-04	True	1	cmtpeql4y1etk2auhbk9668ry
2026-09-09T13:38:59+00:00	dgx-spark-03	True	1	cmtpsaud71whj2auh0k27ynki
2026-09-09T13:38:59+00:00	dgx-spark-02	True	1	cmtsqj5lz5qd42auh8vvrfn03
2026-09-09T13:39:01+00:00	dgx-spark-04	True	1	cmtpeql4y1etk2auhbk9668ry
2026-09-09T13:39:01+00:00	dgx-spark-03	True	1	cmtpsaud71whj2auh0k27ynki
2026-09-09T13:39:01+00:00	dgx-spark-02	True	1	cmtsqj5lz5qd42auh8vvrfn03
2026-09-09T13:39:03+00:00	dgx-spark-04	True	1	cmtpeql4y1etk2auhbk9668ry
2026-09-09T13:39:03+00:00	dgx-spark-03	True	1	cmtpsaud71whj2auh0k27ynki
2026-09-09T13:39:03+00:00	dgx-spark-02	True	1	cmtsqj5lz5qd42auh8vvrfn03
2026-09-09T13:39:05+00:00	dgx-spark-04	True	1	cmtpeql4y1etk2auhbk9668ry
2026-09-09T13:39:05+00:00	dgx-spark-03	True	1	cmtpsaud71whj2auh0k27ynki
2026-09-09T13:39:05+00:00	dgx-spark-02	True	1	cmtsqj5lz5qd42auh8vvrfn03
2026-09-09T13:39:07+00:00	dgx-spark-04	True	1	cmtpeql4y1etk2auhbk9668ry
2026-09-09T13:39:07+00:00	dgx-spark-03	True	1	cmtpsaud71whj2auh0k27ynki
2026-09-09T13:39:07+00:00	dgx-spark-02	True	1	cmtsqj5lz5qd42auh8vvrfn03
2026-09-09T13:39:09+00:00	dgx-spark-04	True	1	cmtpeql4y1etk2auhbk9668ry
2026-09-09T13:39:09+00:00	dgx-spark-03	True	1	cmtpsaud71whj2auh0k27ynki
2026-09-09T13:39:09+00:00	dgx-spark-02	True	1	cmtsqj5lz5qd42auh8vvrfn03
2026-09-09T13:39:11+00:00	dgx-spark-04	True	1	cmtpeql4y1etk2auhbk9668ry
2026-09-09T13:39:11+00:00	dgx-spark-03	True	1	cmtpsaud71whj2auh0k27ynki
2026-09-09T13:39:11+00:00	dgx-spark-02	True	1	cmtsqj5lz5qd42auh8vvrfn03
2026-09-09T13:39:13+00:00	dgx-spark-04	True	1	cmtpeql4y1etk2auhbk9668ry
2026-09-09T13:39:13+00:00	dgx-spark-03	True	1	cmtpsaud71whj2auh0k27ynki
2026-09-09T13:39:13+00:00	dgx-spark-02	True	1	cmtsqj5lz5qd42auh8vvrfn03
2026-09-09T13:39:15+00:00	dgx-spark-04	True	1	cmtpeql4y1etk2auhbk9668ry
2026-09-09T13:39:15+00:00	dgx-spark-03	True	1	cmtpsaud71whj2auh0k27ynki
2026-09-09T13:39:15+00:00	dgx-spark-02	True	1	cmtsqj5lz5qd42auh8vvrfn03
2026-09-09T13:39:17+00:00	dgx-spark-04	True	1	cmtpeql4y1etk2auhbk9668ry
2026-09-09T13:39:17+00:00	dgx-spark-03	True	1	cmtpsaud71whj2auh0k27ynki
2026-09-09T13:39:17+00:00	dgx-spark-02	True	1	cmtsqj5lz5qd42auh8vvrfn03
2026-09-09T13:39:19+00:00	dgx-spark-04	True	1	cmtpeql4y1etk2auhbk9668ry
2026-09-09T13:39:19+00:00	dgx-spark-03	True	1	cmtpsaud71whj2auh0k27ynki
2026-09-09T13:39:19+00:00	dgx-spark-02	True	1	cmtsqj5lz5qd42auh8vvrfn03
2026-09-09T13:39:21+00:00	dgx-spark-04	True	1	cmtpeql4y1etk2auhbk9668ry
2026-09-09T13:39:21+00:00	dgx-spark-03	True	1	cmtpsaud71whj2auh0k27ynki
2026-09-09T13:39:21+00:00	dgx-spark-02	True	1	cmtsqj5lz5qd42auh8vvrfn03
2026-09-09T13:39:23+00:00	dgx-spark-04	True	1	cmtpeql4y1etk2auhbk9668ry
2026-09-09T13:39:23+00:00	dgx-spark-03	True	1	cmtpsaud71whj2auh0k27ynki
2026-09-09T13:39:23+00:00	dgx-spark-02	True	1	cmtsqj5lz5qd42auh8vvrfn03
2026-09-09T13:39:25+00:00	dgx-spark-04	True	1	cmtpeql4y1etk2auhbk9668ry
2026-09-09T13:39:25+00:00	dgx-spark-03	True	1	cmtpsaud71whj2auh0k27ynki
2026-09-09T13:39:25+00:00	dgx-spark-02	True	1	cmtsqj5lz5qd42auh8vvrfn03
2026-09-09T13:39:27+00:00	dgx-spark-04	True	1	cmtpeql4y1etk2auhbk9668ry
2026-09-09T13:39:27+00:00	dgx-spark-03	True	1	cmtpsaud71whj2auh0k27ynki
2026-09-09T13:39:27+00:00	dgx-spark-02	True	1	cmtsqj5lz5qd42auh8vvrfn03
2026-09-09T13:39:29+00:00	dgx-spark-04	True	1	cmtpeql4y1etk2auhbk9668ry
2026-09-09T13:39:29+00:00	dgx-spark-03	True	1	cmtpsaud71whj2auh0k27ynki
2026-09-09T13:39:29+00:00	dgx-spark-02	True	1	cmtsqj5lz5qd42auh8vvrfn03
2026-09-09T13:39:31+00:00	dgx-spark-04	True	1	cmtpeql4y1etk2auhbk9668ry
2026-09-09T13:39:31+00:00	dgx-spark-03	True	1	cmtpsaud71whj2auh0k27ynki
2026-09-09T13:39:31+00:00	dgx-spark-02	True	1	cmtsqj5lz5qd42auh8vvrfn03
2026-09-09T13:39:33+00:00	dgx-spark-04	True	1	cmtpeql4y1etk2auhbk9668ry
2026-09-09T13:39:33+00:00	dgx-spark-03	True	1	cmtpsaud71whj2auh0k27ynki
2026-09-09T13:39:33+00:00	dgx-spark-02	True	0	cmtsqj5lz5qd42auh8vvrfn03
2026-09-09T13:39:35+00:00	dgx-spark-04	True	1	cmtpeql4y1etk2auhbk9668ry
2026-09-09T13:39:35+00:00	dgx-spark-03	True	1	cmtpsaud71whj2auh0k27ynki
2026-09-09T13:39:35+00:00	dgx-spark-02	True	1	cmtsqj5lz5qd42auh8vvrfn03
2026-09-09T13:39:37+00:00	dgx-spark-04	True	1	cmtpeql4y1etk2auhbk9668ry
2026-09-09T13:39:37+00:00	dgx-spark-03	True	1	cmtpsaud71whj2auh0k27ynki
2026-09-09T13:39:37+00:00	dgx-spark-02	True	1	cmtsqj5lz5qd42auh8vvrfn03
2026-09-09T13:39:39+00:00	dgx-spark-04	True	1	cmtpeql4y1etk2auhbk9668ry
2026-09-09T13:39:39+00:00	dgx-spark-03	True	1	cmtpsaud71whj2auh0k27ynki
2026-09-09T13:39:39+00:00	dgx-spark-02	True	1	cmtsqj5lz5qd42auh8vvrfn03
2026-09-09T13:39:41+00:00	dgx-spark-04	True	1	cmtpeql4y1etk2auhbk9668ry
2026-09-09T13:39:41+00:00	dgx-spark-03	True	1	cmtpsaud71whj2auh0k27ynki
2026-09-09T13:39:41+00:00	dgx-spark-02	True	1	cmtsqj5lz5qd42auh8vvrfn03
2026-09-09T13:39:43+00:00	dgx-spark-04	True	1	cmtpeql4y1etk2auhbk9668ry
2026-09-09T13:39:43+00:00	dgx-spark-03	True	1	cmtpsaud71whj2auh0k27ynki
2026-09-09T13:39:43+00:00	dgx-spark-02	True	1	cmtsqj5lz5qd42auh8vvrfn03
2026-09-09T13:39:45+00:00	dgx-spark-04	True	1	cmtpeql4y1etk2auhbk9668ry
2026-09-09T13:39:45+00:00	dgx-spark-03	True	1	cmtpsaud71whj2auh0k27ynki
2026-09-09T13:39:45+00:00	dgx-spark-02	True	1	cmtsqj5lz5qd42auh8vvrfn03
2026-09-09T13:39:47+00:00	dgx-spark-04	True	1	cmtpeql4y1etk2auhbk9668ry
2026-09-09T13:39:47+00:00	dgx-spark-03	True	1	cmtpsaud71whj2auh0k27ynki
2026-09-09T13:39:47+00:00	dgx-spark-02	True	1	cmtsqj5lz5qd42auh8vvrfn03
2026-09-09T13:39:49+00:00	dgx-spark-04	True	1	cmtpeql4y1etk2auhbk9668ry
2026-09-09T13:39:49+00:00	dgx-spark-03	True	1	cmtpsaud71whj2auh0k27ynki
2026-09-09T13:39:49+00:00	dgx-spark-02	True	1	cmtsqj5lz5qd42auh8vvrfn03
2026-09-09T13:39:51+00:00	dgx-spark-04	True	1	cmtpeql4y1etk2auhbk9668ry
2026-09-09T13:39:51+00:00	dgx-spark-03	True	1	cmtpsaud71whj2auh0k27ynki
2026-09-09T13:39:51+00:00	dgx-spark-02	True	1	cmtsqj5lz5qd42auh8vvrfn03
2026-09-09T13:39:53+00:00	dgx-spark-04	True	1	cmtpeql4y1etk2auhbk9668ry
2026-09-09T13:39:53+00:00	dgx-spark-03	True	1	cmtpsaud71whj2auh0k27ynki
2026-09-09T13:39:53+00:00	dgx-spark-02	True	1	cmtsqj5lz5qd42auh8vvrfn03
2026-09-09T13:39:55+00:00	dgx-spark-04	True	1	cmtpeql4y1etk2auhbk9668ry
2026-09-09T13:39:55+00:00	dgx-spark-03	True	1	cmtpsaud71whj2auh0k27ynki
2026-09-09T13:39:55+00:00	dgx-spark-02	True	1	cmtsqj5lz5qd42auh8vvrfn03
2026-09-09T13:39:57+00:00	dgx-spark-04	True	1	cmtpeql4y1etk2auhbk9668ry
2026-09-09T13:39:57+00:00	dgx-spark-03	True	1	cmtpsaud71whj2auh0k27ynki
2026-09-09T13:39:57+00:00	dgx-spark-02	True	1	cmtsqj5lz5qd42auh8vvrfn03
2026-09-09T13:39:59+00:00	dgx-spark-04	True	1	cmtpeql4y1etk2auhbk9668ry
2026-09-09T13:39:59+00:00	dgx-spark-03	True	1	cmtpsaud71whj2auh0k27ynki
2026-09-09T13:39:59+00:00	dgx-spark-02	True	1	cmtsqj5lz5qd42auh8vvrfn03
2026-09-09T13:40:01+00:00	dgx-spark-04	True	1	cmtpeql4y1etk2auhbk9668ry
2026-09-09T13:40:01+00:00	dgx-spark-03	True	1	cmtpsaud71whj2auh0k27ynki
2026-09-09T13:40:01+00:00	dgx-spark-02	True	1	cmtsqj5lz5qd42auh8vvrfn03
2026-09-09T13:40:03+00:00	dgx-spark-04	True	1	cmtpeql4y1etk2auhbk9668ry
2026-09-09T13:40:03+00:00	dgx-spark-03	True	1	cmtpsaud71whj2auh0k27ynki
2026-09-09T13:40:03+00:00	dgx-spark-02	True	1	cmtsqj5lz5qd42auh8vvrfn03
2026-09-09T13:40:05+00:00	dgx-spark-04	True	1	cmtpeql4y1etk2auhbk9668ry
2026-09-09T13:40:05+00:00	dgx-spark-03	True	1	cmtpsaud71whj2auh0k27ynki
2026-09-09T13:40:05+00:00	dgx-spark-02	True	1	cmtsqj5lz5qd42auh8vvrfn03
2026-09-09T13:40:07+00:00	dgx-spark-04	True	1	cmtpeql4y1etk2auhbk9668ry
2026-09-09T13:40:07+00:00	dgx-spark-03	True	1	cmtpsaud71whj2auh0k27ynki
2026-09-09T13:40:07+00:00	dgx-spark-02	True	1	cmtsqj5lz5qd42auh8vvrfn03
2026-09-09T13:40:09+00:00	dgx-spark-04	True	1	cmtpeql4y1etk2auhbk9668ry
2026-09-09T13:40:09+00:00	dgx-spark-03	True	0	cmtpsaud71whj2auh0k27ynki
2026-09-09T13:40:09+00:00	dgx-spark-02	True	1	cmtsqj5lz5qd42auh8vvrfn03
2026-09-09T13:40:11+00:00	dgx-spark-04	True	1	cmtpeql4y1etk2auhbk9668ry
2026-09-09T13:40:11+00:00	dgx-spark-03	True	1	cmtpsaud71whj2auh0k27ynki
2026-09-09T13:40:11+00:00	dgx-spark-02	True	1	cmtsqj5lz5qd42auh8vvrfn03
2026-09-09T13:40:13+00:00	dgx-spark-04	True	1	cmtpeql4y1etk2auhbk9668ry
2026-09-09T13:40:13+00:00	dgx-spark-03	True	1	cmtpsaud71whj2auh0k27ynki
2026-09-09T13:40:13+00:00	dgx-spark-02	True	1	cmtsqj5lz5qd42auh8vvrfn03
2026-09-09T13:40:15+00:00	dgx-spark-04	True	1	cmtpeql4y1etk2auhbk9668ry
2026-09-09T13:40:15+00:00	dgx-spark-03	True	1	cmtpsaud71whj2auh0k27ynki
2026-09-09T13:40:15+00:00	dgx-spark-02	True	1	cmtsqj5lz5qd42auh8vvrfn03
2026-09-09T13:40:17+00:00	dgx-spark-04	True	1	cmtpeql4y1etk2auhbk9668ry
2026-09-09T13:40:17+00:00	dgx-spark-03	True	1	cmtpsaud71whj2auh0k27ynki
2026-09-09T13:40:17+00:00	dgx-spark-02	True	1	cmtsqj5lz5qd42auh8vvrfn03
2026-09-09T13:40:19+00:00	dgx-spark-04	True	1	cmtpeql4y1etk2auhbk9668ry
2026-09-09T13:40:19+00:00	dgx-spark-03	True	1	cmtpsaud71whj2auh0k27ynki
2026-09-09T13:40:19+00:00	dgx-spark-02	True	1	cmtsqj5lz5qd42auh8vvrfn03
2026-09-09T13:40:21+00:00	dgx-spark-04	True	1	cmtpeql4y1etk2auhbk9668ry
2026-09-09T13:40:21+00:00	dgx-spark-03	True	1	cmtpsaud71whj2auh0k27ynki
2026-09-09T13:40:21+00:00	dgx-spark-02	True	1	cmtsqj5lz5qd42auh8vvrfn03
2026-09-09T13:40:23+00:00	dgx-spark-04	True	1	cmtpeql4y1etk2auhbk9668ry
2026-09-09T13:40:23+00:00	dgx-spark-03	True	1	cmtpsaud71whj2auh0k27ynki
2026-09-09T13:40:23+00:00	dgx-spark-02	True	1	cmtsqj5lz5qd42auh8vvrfn03
2026-09-09T13:40:25+00:00	dgx-spark-04	True	1	cmtpeql4y1etk2auhbk9668ry
2026-09-09T13:40:25+00:00	dgx-spark-03	True	1	cmtpsaud71whj2auh0k27ynki
2026-09-09T13:40:25+00:00	dgx-spark-02	True	1	cmtsqj5lz5qd42auh8vvrfn03
2026-09-09T13:40:27+00:00	dgx-spark-04	True	1	cmtpeql4y1etk2auhbk9668ry
2026-09-09T13:40:27+00:00	dgx-spark-03	True	1	cmtpsaud71whj2auh0k27ynki
2026-09-09T13:40:27+00:00	dgx-spark-02	True	1	cmtsqj5lz5qd42auh8vvrfn03
2026-09-09T13:40:29+00:00	dgx-spark-04	True	1	cmtpeql4y1etk2auhbk9668ry
2026-09-09T13:40:29+00:00	dgx-spark-03	True	1	cmtpsaud71whj2auh0k27ynki
2026-09-09T13:40:29+00:00	dgx-spark-02	True	1	cmtsqj5lz5qd42auh8vvrfn03
2026-09-09T13:40:31+00:00	dgx-spark-04	True	1	cmtpeql4y1etk2auhbk9668ry
2026-09-09T13:40:31+00:00	dgx-spark-03	True	1	cmtpsaud71whj2auh0k27ynki
2026-09-09T13:40:31+00:00	dgx-spark-02	True	1	cmtsqj5lz5qd42auh8vvrfn03
2026-09-09T13:40:34+00:00	dgx-spark-04	True	1	cmtpeql4y1etk2auhbk9668ry
2026-09-09T13:40:34+00:00	dgx-spark-03	True	1	cmtpsaud71whj2auh0k27ynki
2026-09-09T13:40:34+00:00	dgx-spark-02	True	1	cmtsqj5lz5qd42auh8vvrfn03
2026-09-09T13:40:36+00:00	dgx-spark-04	True	1	cmtpeql4y1etk2auhbk9668ry
2026-09-09T13:40:36+00:00	dgx-spark-03	True	1	cmtpsaud71whj2auh0k27ynki
2026-09-09T13:40:36+00:00	dgx-spark-02	True	1	cmtsqj5lz5qd42auh8vvrfn03
2026-09-09T13:40:38+00:00	dgx-spark-04	True	1	cmtpeql4y1etk2auhbk9668ry
2026-09-09T13:40:38+00:00	dgx-spark-03	True	1	cmtpsaud71whj2auh0k27ynki
2026-09-09T13:40:38+00:00	dgx-spark-02	True	1	cmtsqj5lz5qd42auh8vvrfn03
2026-09-09T13:40:40+00:00	dgx-spark-04	True	1	cmtpeql4y1etk2auhbk9668ry
2026-09-09T13:40:40+00:00	dgx-spark-03	True	1	cmtpsaud71whj2auh0k27ynki
2026-09-09T13:40:40+00:00	dgx-spark-02	True	1	cmtsqj5lz5qd42auh8vvrfn03
2026-09-09T13:40:42+00:00	dgx-spark-04	True	1	cmtpeql4y1etk2auhbk9668ry
2026-09-09T13:40:42+00:00	dgx-spark-03	True	1	cmtpsaud71whj2auh0k27ynki
2026-09-09T13:40:42+00:00	dgx-spark-02	True	1	cmtsqj5lz5qd42auh8vvrfn03
2026-09-09T13:40:44+00:00	dgx-spark-04	True	1	cmtpeql4y1etk2auhbk9668ry
2026-09-09T13:40:44+00:00	dgx-spark-03	True	1	cmtpsaud71whj2auh0k27ynki
2026-09-09T13:40:44+00:00	dgx-spark-02	True	1	cmtsqj5lz5qd42auh8vvrfn03
2026-09-09T13:40:46+00:00	dgx-spark-04	True	1	cmtpeql4y1etk2auhbk9668ry
2026-09-09T13:40:46+00:00	dgx-spark-03	True	1	cmtpsaud71whj2auh0k27ynki
2026-09-09T13:40:46+00:00	dgx-spark-02	True	1	cmtsqj5lz5qd42auh8vvrfn03
2026-09-09T13:40:48+00:00	dgx-spark-04	True	1	cmtpeql4y1etk2auhbk9668ry
2026-09-09T13:40:48+00:00	dgx-spark-03	True	1	cmtpsaud71whj2auh0k27ynki
2026-09-09T13:40:48+00:00	dgx-spark-02	True	1	cmtsqj5lz5qd42auh8vvrfn03
2026-09-09T13:40:50+00:00	dgx-spark-04	True	1	cmtpeql4y1etk2auhbk9668ry
2026-09-09T13:40:50+00:00	dgx-spark-03	True	1	cmtpsaud71whj2auh0k27ynki
2026-09-09T13:40:50+00:00	dgx-spark-02	True	1	cmtsqj5lz5qd42auh8vvrfn03
2026-09-09T13:40:52+00:00	dgx-spark-04	True	1	cmtpeql4y1etk2auhbk9668ry
2026-09-09T13:40:52+00:00	dgx-spark-03	True	1	cmtpsaud71whj2auh0k27ynki
2026-09-09T13:40:52+00:00	dgx-spark-02	True	1	cmtsqj5lz5qd42auh8vvrfn03
2026-09-09T13:40:54+00:00	dgx-spark-04	True	1	cmtpeql4y1etk2auhbk9668ry
2026-09-09T13:40:54+00:00	dgx-spark-03	True	1	cmtpsaud71whj2auh0k27ynki
2026-09-09T13:40:54+00:00	dgx-spark-02	True	1	cmtsqj5lz5qd42auh8vvrfn03
2026-09-09T13:40:56+00:00	dgx-spark-04	True	1	cmtpeql4y1etk2auhbk9668ry
2026-09-09T13:40:56+00:00	dgx-spark-03	True	1	cmtpsaud71whj2auh0k27ynki
2026-09-09T13:40:56+00:00	dgx-spark-02	True	1	cmtsqj5lz5qd42auh8vvrfn03
2026-09-09T13:40:58+00:00	dgx-spark-04	True	1	cmtpeql4y1etk2auhbk9668ry
2026-09-09T13:40:58+00:00	dgx-spark-03	True	1	cmtpsaud71whj2auh0k27ynki
2026-09-09T13:40:58+00:00	dgx-spark-02	True	1	cmtsqj5lz5qd42auh8vvrfn03
2026-09-09T13:41:00+00:00	dgx-spark-04	True	1	cmtpeql4y1etk2auhbk9668ry
2026-09-09T13:41:00+00:00	dgx-spark-03	True	1	cmtpsaud71whj2auh0k27ynki
2026-09-09T13:41:00+00:00	dgx-spark-02	True	1	cmtsqj5lz5qd42auh8vvrfn03
2026-09-09T13:41:02+00:00	dgx-spark-04	True	1	cmtpeql4y1etk2auhbk9668ry
2026-09-09T13:41:02+00:00	dgx-spark-03	True	1	cmtpsaud71whj2auh0k27ynki
2026-09-09T13:41:02+00:00	dgx-spark-02	True	1	cmtsqj5lz5qd42auh8vvrfn03
2026-09-09T13:41:04+00:00	dgx-spark-04	True	1	cmtpeql4y1etk2auhbk9668ry
2026-09-09T13:41:04+00:00	dgx-spark-03	True	1	cmtpsaud71whj2auh0k27ynki
2026-09-09T13:41:04+00:00	dgx-spark-02	True	1	cmtsqj5lz5qd42auh8vvrfn03
2026-09-09T13:41:06+00:00	dgx-spark-04	True	1	cmtpeql4y1etk2auhbk9668ry
2026-09-09T13:41:06+00:00	dgx-spark-03	True	1	cmtpsaud71whj2auh0k27ynki
2026-09-09T13:41:06+00:00	dgx-spark-02	True	1	cmtsqj5lz5qd42auh8vvrfn03
2026-09-09T13:41:08+00:00	dgx-spark-04	True	1	cmtpeql4y1etk2auhbk9668ry
2026-09-09T13:41:08+00:00	dgx-spark-03	True	1	cmtpsaud71whj2auh0k27ynki
2026-09-09T13:41:08+00:00	dgx-spark-02	True	1	cmtsqj5lz5qd42auh8vvrfn03
2026-09-09T13:41:10+00:00	dgx-spark-04	True	1	cmtpeql4y1etk2auhbk9668ry
2026-09-09T13:41:10+00:00	dgx-spark-03	True	1	cmtpsaud71whj2auh0k27ynki
2026-09-09T13:41:10+00:00	dgx-spark-02	True	1	cmtsqj5lz5qd42auh8vvrfn03
2026-09-09T13:41:12+00:00	dgx-spark-04	True	1	cmtpeql4y1etk2auhbk9668ry
2026-09-09T13:41:12+00:00	dgx-spark-03	True	1	cmtpsaud71whj2auh0k27ynki
2026-09-09T13:41:12+00:00	dgx-spark-02	True	1	cmtsqj5lz5qd42auh8vvrfn03
2026-09-09T13:41:14+00:00	dgx-spark-04	True	1	cmtpeql4y1etk2auhbk9668ry
2026-09-09T13:41:14+00:00	dgx-spark-03	True	1	cmtpsaud71whj2auh0k27ynki
2026-09-09T13:41:14+00:00	dgx-spark-02	True	1	cmtsqj5lz5qd42auh8vvrfn03
2026-09-09T13:41:16+00:00	dgx-spark-04	True	1	cmtpeql4y1etk2auhbk9668ry
2026-09-09T13:41:16+00:00	dgx-spark-03	True	1	cmtpsaud71whj2auh0k27ynki
2026-09-09T13:41:16+00:00	dgx-spark-02	True	1	cmtsqj5lz5qd42auh8vvrfn03
2026-09-09T13:41:18+00:00	dgx-spark-04	True	1	cmtpeql4y1etk2auhbk9668ry
2026-09-09T13:41:18+00:00	dgx-spark-03	True	1	cmtpsaud71whj2auh0k27ynki
2026-09-09T13:41:18+00:00	dgx-spark-02	True	1	cmtsqj5lz5qd42auh8vvrfn03
2026-09-09T13:41:20+00:00	dgx-spark-04	True	1	cmtpeql4y1etk2auhbk9668ry
2026-09-09T13:41:20+00:00	dgx-spark-03	True	1	cmtpsaud71whj2auh0k27ynki
2026-09-09T13:41:20+00:00	dgx-spark-02	True	1	cmtsqj5lz5qd42auh8vvrfn03
2026-09-09T13:41:22+00:00	dgx-spark-04	True	1	cmtpeql4y1etk2auhbk9668ry
2026-09-09T13:41:22+00:00	dgx-spark-03	True	1	cmtpsaud71whj2auh0k27ynki
2026-09-09T13:41:22+00:00	dgx-spark-02	True	1	cmtsqj5lz5qd42auh8vvrfn03
2026-09-09T13:41:24+00:00	dgx-spark-04	True	1	cmtpeql4y1etk2auhbk9668ry
2026-09-09T13:41:24+00:00	dgx-spark-03	True	1	cmtpsaud71whj2auh0k27ynki
2026-09-09T13:41:24+00:00	dgx-spark-02	True	1	cmtsqj5lz5qd42auh8vvrfn03
2026-09-09T13:41:26+00:00	dgx-spark-04	True	1	cmtpeql4y1etk2auhbk9668ry
2026-09-09T13:41:26+00:00	dgx-spark-03	True	1	cmtpsaud71whj2auh0k27ynki
2026-09-09T13:41:26+00:00	dgx-spark-02	True	1	cmtsqj5lz5qd42auh8vvrfn03
2026-09-09T13:41:28+00:00	dgx-spark-04	True	1	cmtpeql4y1etk2auhbk9668ry
2026-09-09T13:41:28+00:00	dgx-spark-03	True	1	cmtpsaud71whj2auh0k27ynki
2026-09-09T13:41:28+00:00	dgx-spark-02	True	1	cmtsqj5lz5qd42auh8vvrfn03
2026-09-09T13:41:30+00:00	dgx-spark-04	True	1	cmtpeql4y1etk2auhbk9668ry
2026-09-09T13:41:30+00:00	dgx-spark-03	True	1	cmtpsaud71whj2auh0k27ynki
2026-09-09T13:41:30+00:00	dgx-spark-02	True	1	cmtsqj5lz5qd42auh8vvrfn03
2026-09-09T13:41:32+00:00	dgx-spark-04	True	1	cmtpeql4y1etk2auhbk9668ry
2026-09-09T13:41:32+00:00	dgx-spark-03	True	1	cmtpsaud71whj2auh0k27ynki
2026-09-09T13:41:32+00:00	dgx-spark-02	True	1	cmtsqj5lz5qd42auh8vvrfn03
2026-09-09T13:41:34+00:00	dgx-spark-04	True	1	cmtpeql4y1etk2auhbk9668ry
2026-09-09T13:41:34+00:00	dgx-spark-03	True	1	cmtpsaud71whj2auh0k27ynki
2026-09-09T13:41:34+00:00	dgx-spark-02	True	1	cmtsqj5lz5qd42auh8vvrfn03
2026-09-09T13:41:36+00:00	dgx-spark-04	True	1	cmtpeql4y1etk2auhbk9668ry
2026-09-09T13:41:36+00:00	dgx-spark-03	True	1	cmtpsaud71whj2auh0k27ynki
2026-09-09T13:41:36+00:00	dgx-spark-02	True	1	cmtsqj5lz5qd42auh8vvrfn03
2026-09-09T13:41:38+00:00	dgx-spark-04	True	1	cmtpeql4y1etk2auhbk9668ry
2026-09-09T13:41:38+00:00	dgx-spark-03	True	1	cmtpsaud71whj2auh0k27ynki
2026-09-09T13:41:38+00:00	dgx-spark-02	True	1	cmtsqj5lz5qd42auh8vvrfn03
2026-09-09T13:41:40+00:00	dgx-spark-04	True	1	cmtpeql4y1etk2auhbk9668ry
2026-09-09T13:41:40+00:00	dgx-spark-03	True	1	cmtpsaud71whj2auh0k27ynki
2026-09-09T13:41:40+00:00	dgx-spark-02	True	1	cmtsqj5lz5qd42auh8vvrfn03
2026-09-09T13:41:42+00:00	dgx-spark-04	True	1	cmtpeql4y1etk2auhbk9668ry
2026-09-09T13:41:42+00:00	dgx-spark-03	True	1	cmtpsaud71whj2auh0k27ynki
2026-09-09T13:41:42+00:00	dgx-spark-02	True	1	cmtsqj5lz5qd42auh8vvrfn03
2026-09-09T13:41:44+00:00	dgx-spark-04	True	1	cmtpeql4y1etk2auhbk9668ry
2026-09-09T13:41:44+00:00	dgx-spark-03	True	1	cmtpsaud71whj2auh0k27ynki
2026-09-09T13:41:44+00:00	dgx-spark-02	True	1	cmtsqj5lz5qd42auh8vvrfn03
2026-09-09T13:41:46+00:00	dgx-spark-04	True	1	cmtpeql4y1etk2auhbk9668ry
2026-09-09T13:41:46+00:00	dgx-spark-03	True	1	cmtpsaud71whj2auh0k27ynki
2026-09-09T13:41:46+00:00	dgx-spark-02	True	1	cmtsqj5lz5qd42auh8vvrfn03
2026-09-09T13:41:48+00:00	dgx-spark-04	True	1	cmtpeql4y1etk2auhbk9668ry
2026-09-09T13:41:48+00:00	dgx-spark-03	True	1	cmtpsaud71whj2auh0k27ynki
2026-09-09T13:41:48+00:00	dgx-spark-02	True	1	cmtsqj5lz5qd42auh8vvrfn03
2026-09-09T13:41:50+00:00	dgx-spark-04	True	1	cmtpeql4y1etk2auhbk9668ry
2026-09-09T13:41:50+00:00	dgx-spark-03	True	1	cmtpsaud71whj2auh0k27ynki
2026-09-09T13:41:50+00:00	dgx-spark-02	True	1	cmtsqj5lz5qd42auh8vvrfn03
2026-09-09T13:41:52+00:00	dgx-spark-04	True	1	cmtpeql4y1etk2auhbk9668ry
2026-09-09T13:41:52+00:00	dgx-spark-03	True	1	cmtpsaud71whj2auh0k27ynki
2026-09-09T13:41:52+00:00	dgx-spark-02	True	1	cmtsqj5lz5qd42auh8vvrfn03
2026-09-09T13:41:54+00:00	dgx-spark-04	True	1	cmtpeql4y1etk2auhbk9668ry
2026-09-09T13:41:54+00:00	dgx-spark-03	True	1	cmtpsaud71whj2auh0k27ynki
2026-09-09T13:41:54+00:00	dgx-spark-02	True	1	cmtsqj5lz5qd42auh8vvrfn03
2026-09-09T13:41:56+00:00	dgx-spark-04	True	1	cmtpeql4y1etk2auhbk9668ry
2026-09-09T13:41:56+00:00	dgx-spark-03	True	1	cmtpsaud71whj2auh0k27ynki
2026-09-09T13:41:56+00:00	dgx-spark-02	True	1	cmtsqj5lz5qd42auh8vvrfn03
2026-09-09T13:41:58+00:00	dgx-spark-04	True	1	cmtpeql4y1etk2auhbk9668ry
2026-09-09T13:41:58+00:00	dgx-spark-03	True	1	cmtpsaud71whj2auh0k27ynki
2026-09-09T13:41:58+00:00	dgx-spark-02	True	1	cmtsqj5lz5qd42auh8vvrfn03
2026-09-09T13:42:00+00:00	dgx-spark-04	True	1	cmtpeql4y1etk2auhbk9668ry
2026-09-09T13:42:00+00:00	dgx-spark-03	True	1	cmtpsaud71whj2auh0k27ynki
2026-09-09T13:42:00+00:00	dgx-spark-02	True	1	cmtsqj5lz5qd42auh8vvrfn03
2026-09-09T13:42:02+00:00	dgx-spark-04	True	1	cmtpeql4y1etk2auhbk9668ry
2026-09-09T13:42:02+00:00	dgx-spark-03	True	1	cmtpsaud71whj2auh0k27ynki
2026-09-09T13:42:02+00:00	dgx-spark-02	True	1	cmtsqj5lz5qd42auh8vvrfn03
2026-09-09T13:42:04+00:00	dgx-spark-04	True	1	cmtpeql4y1etk2auhbk9668ry
2026-09-09T13:42:04+00:00	dgx-spark-03	True	1	cmtpsaud71whj2auh0k27ynki
2026-09-09T13:42:04+00:00	dgx-spark-02	True	1	cmtsqj5lz5qd42auh8vvrfn03
2026-09-09T13:42:06+00:00	dgx-spark-04	True	1	cmtpeql4y1etk2auhbk9668ry
2026-09-09T13:42:06+00:00	dgx-spark-03	True	1	cmtpsaud71whj2auh0k27ynki
2026-09-09T13:42:06+00:00	dgx-spark-02	True	1	cmtsqj5lz5qd42auh8vvrfn03
2026-09-09T13:42:08+00:00	dgx-spark-04	True	1	cmtpeql4y1etk2auhbk9668ry
2026-09-09T13:42:08+00:00	dgx-spark-03	True	1	cmtpsaud71whj2auh0k27ynki
2026-09-09T13:42:08+00:00	dgx-spark-02	True	1	cmtsqj5lz5qd42auh8vvrfn03
2026-09-09T13:42:10+00:00	dgx-spark-04	True	1	cmtpeql4y1etk2auhbk9668ry
2026-09-09T13:42:10+00:00	dgx-spark-03	True	1	cmtpsaud71whj2auh0k27ynki
2026-09-09T13:42:10+00:00	dgx-spark-02	True	1	cmtsqj5lz5qd42auh8vvrfn03
2026-09-09T13:42:12+00:00	dgx-spark-04	True	1	cmtpeql4y1etk2auhbk9668ry
2026-09-09T13:42:12+00:00	dgx-spark-03	True	1	cmtpsaud71whj2auh0k27ynki
2026-09-09T13:42:12+00:00	dgx-spark-02	True	1	cmtsqj5lz5qd42auh8vvrfn03
2026-09-09T13:42:14+00:00	dgx-spark-04	True	1	cmtpeql4y1etk2auhbk9668ry
2026-09-09T13:42:14+00:00	dgx-spark-03	True	1	cmtpsaud71whj2auh0k27ynki
2026-09-09T13:42:14+00:00	dgx-spark-02	True	1	cmtsqj5lz5qd42auh8vvrfn03
2026-09-09T13:42:17+00:00	dgx-spark-04	True	1	cmtpeql4y1etk2auhbk9668ry
2026-09-09T13:42:17+00:00	dgx-spark-03	True	1	cmtpsaud71whj2auh0k27ynki
2026-09-09T13:42:17+00:00	dgx-spark-02	True	1	cmtsqj5lz5qd42auh8vvrfn03
2026-09-09T13:42:19+00:00	dgx-spark-04	True	1	cmtpeql4y1etk2auhbk9668ry
2026-09-09T13:42:19+00:00	dgx-spark-03	True	1	cmtpsaud71whj2auh0k27ynki
2026-09-09T13:42:19+00:00	dgx-spark-02	True	1	cmtsqj5lz5qd42auh8vvrfn03
2026-09-09T13:42:21+00:00	dgx-spark-04	True	1	cmtpeql4y1etk2auhbk9668ry
2026-09-09T13:42:21+00:00	dgx-spark-03	True	1	cmtpsaud71whj2auh0k27ynki
2026-09-09T13:42:21+00:00	dgx-spark-02	True	1	cmtsqj5lz5qd42auh8vvrfn03
2026-09-09T13:42:23+00:00	dgx-spark-04	True	1	cmtpeql4y1etk2auhbk9668ry
2026-09-09T13:42:23+00:00	dgx-spark-03	True	1	cmtpsaud71whj2auh0k27ynki
2026-09-09T13:42:23+00:00	dgx-spark-02	True	1	cmtsqj5lz5qd42auh8vvrfn03
2026-09-09T13:42:25+00:00	dgx-spark-04	True	1	cmtpeql4y1etk2auhbk9668ry
2026-09-09T13:42:25+00:00	dgx-spark-03	True	1	cmtpsaud71whj2auh0k27ynki
2026-09-09T13:42:25+00:00	dgx-spark-02	True	1	cmtsqj5lz5qd42auh8vvrfn03
2026-09-09T13:42:27+00:00	dgx-spark-04	True	1	cmtpeql4y1etk2auhbk9668ry
2026-09-09T13:42:27+00:00	dgx-spark-03	True	1	cmtpsaud71whj2auh0k27ynki
2026-09-09T13:42:27+00:00	dgx-spark-02	True	1	cmtsqj5lz5qd42auh8vvrfn03
2026-09-09T13:42:29+00:00	dgx-spark-04	True	1	cmtpeql4y1etk2auhbk9668ry
2026-09-09T13:42:29+00:00	dgx-spark-03	True	1	cmtpsaud71whj2auh0k27ynki
2026-09-09T13:42:29+00:00	dgx-spark-02	True	1	cmtsqj5lz5qd42auh8vvrfn03
2026-09-09T13:42:31+00:00	dgx-spark-04	True	1	cmtpeql4y1etk2auhbk9668ry
2026-09-09T13:42:31+00:00	dgx-spark-03	True	1	cmtpsaud71whj2auh0k27ynki
2026-09-09T13:42:31+00:00	dgx-spark-02	True	1	cmtsqj5lz5qd42auh8vvrfn03
2026-09-09T13:42:33+00:00	dgx-spark-04	True	1	cmtpeql4y1etk2auhbk9668ry
2026-09-09T13:42:33+00:00	dgx-spark-03	True	1	cmtpsaud71whj2auh0k27ynki
2026-09-09T13:42:33+00:00	dgx-spark-02	True	1	cmtsqj5lz5qd42auh8vvrfn03
2026-09-09T13:42:35+00:00	dgx-spark-04	True	1	cmtpeql4y1etk2auhbk9668ry
2026-09-09T13:42:35+00:00	dgx-spark-03	True	1	cmtpsaud71whj2auh0k27ynki
2026-09-09T13:42:35+00:00	dgx-spark-02	True	1	cmtsqj5lz5qd42auh8vvrfn03
2026-09-09T13:42:37+00:00	dgx-spark-04	True	1	cmtpeql4y1etk2auhbk9668ry
2026-09-09T13:42:37+00:00	dgx-spark-03	True	1	cmtpsaud71whj2auh0k27ynki
2026-09-09T13:42:37+00:00	dgx-spark-02	True	1	cmtsqj5lz5qd42auh8vvrfn03
2026-09-09T13:42:39+00:00	dgx-spark-04	True	1	cmtpeql4y1etk2auhbk9668ry
2026-09-09T13:42:39+00:00	dgx-spark-03	True	1	cmtpsaud71whj2auh0k27ynki
2026-09-09T13:42:39+00:00	dgx-spark-02	True	1	cmtsqj5lz5qd42auh8vvrfn03
2026-09-09T13:42:41+00:00	dgx-spark-04	True	1	cmtpeql4y1etk2auhbk9668ry
2026-09-09T13:42:41+00:00	dgx-spark-03	True	1	cmtpsaud71whj2auh0k27ynki
2026-09-09T13:42:41+00:00	dgx-spark-02	True	1	cmtsqj5lz5qd42auh8vvrfn03
2026-09-09T13:42:43+00:00	dgx-spark-04	True	1	cmtpeql4y1etk2auhbk9668ry
2026-09-09T13:42:43+00:00	dgx-spark-03	True	1	cmtpsaud71whj2auh0k27ynki
2026-09-09T13:42:43+00:00	dgx-spark-02	True	1	cmtsqj5lz5qd42auh8vvrfn03
2026-09-09T13:42:45+00:00	dgx-spark-04	True	1	cmtpeql4y1etk2auhbk9668ry
2026-09-09T13:42:45+00:00	dgx-spark-03	True	1	cmtpsaud71whj2auh0k27ynki
2026-09-09T13:42:45+00:00	dgx-spark-02	True	1	cmtsqj5lz5qd42auh8vvrfn03
2026-09-09T13:42:47+00:00	dgx-spark-04	True	1	cmtpeql4y1etk2auhbk9668ry
2026-09-09T13:42:47+00:00	dgx-spark-03	True	1	cmtpsaud71whj2auh0k27ynki
2026-09-09T13:42:47+00:00	dgx-spark-02	True	1	cmtsqj5lz5qd42auh8vvrfn03
2026-09-09T13:42:49+00:00	dgx-spark-04	True	1	cmtpeql4y1etk2auhbk9668ry
2026-09-09T13:42:49+00:00	dgx-spark-03	True	1	cmtpsaud71whj2auh0k27ynki
2026-09-09T13:42:49+00:00	dgx-spark-02	True	1	cmtsqj5lz5qd42auh8vvrfn03
2026-09-09T13:42:51+00:00	dgx-spark-04	True	1	cmtpeql4y1etk2auhbk9668ry
2026-09-09T13:42:51+00:00	dgx-spark-03	True	1	cmtpsaud71whj2auh0k27ynki
2026-09-09T13:42:51+00:00	dgx-spark-02	True	1	cmtsqj5lz5qd42auh8vvrfn03
2026-09-09T13:42:53+00:00	dgx-spark-04	True	1	cmtpeql4y1etk2auhbk9668ry
2026-09-09T13:42:53+00:00	dgx-spark-03	True	1	cmtpsaud71whj2auh0k27ynki
2026-09-09T13:42:53+00:00	dgx-spark-02	True	1	cmtsqj5lz5qd42auh8vvrfn03
2026-09-09T13:42:55+00:00	dgx-spark-04	True	1	cmtpeql4y1etk2auhbk9668ry
2026-09-09T13:42:55+00:00	dgx-spark-03	True	1	cmtpsaud71whj2auh0k27ynki
2026-09-09T13:42:55+00:00	dgx-spark-02	True	1	cmtsqj5lz5qd42auh8vvrfn03
2026-09-09T13:42:57+00:00	dgx-spark-04	True	1	cmtpeql4y1etk2auhbk9668ry
2026-09-09T13:42:57+00:00	dgx-spark-03	True	1	cmtpsaud71whj2auh0k27ynki
2026-09-09T13:42:57+00:00	dgx-spark-02	True	1	cmtsqj5lz5qd42auh8vvrfn03
2026-09-09T13:42:59+00:00	dgx-spark-04	True	1	cmtpeql4y1etk2auhbk9668ry
2026-09-09T13:42:59+00:00	dgx-spark-03	True	1	cmtpsaud71whj2auh0k27ynki
2026-09-09T13:42:59+00:00	dgx-spark-02	True	1	cmtsqj5lz5qd42auh8vvrfn03
2026-09-09T13:43:01+00:00	dgx-spark-04	True	1	cmtpeql4y1etk2auhbk9668ry
2026-09-09T13:43:01+00:00	dgx-spark-03	True	1	cmtpsaud71whj2auh0k27ynki
2026-09-09T13:43:01+00:00	dgx-spark-02	True	1	cmtsqj5lz5qd42auh8vvrfn03
2026-09-09T13:43:03+00:00	dgx-spark-04	True	1	cmtpeql4y1etk2auhbk9668ry
2026-09-09T13:43:03+00:00	dgx-spark-03	True	1	cmtpsaud71whj2auh0k27ynki
2026-09-09T13:43:03+00:00	dgx-spark-02	True	1	cmtsqj5lz5qd42auh8vvrfn03
2026-09-09T13:43:05+00:00	dgx-spark-04	True	1	cmtpeql4y1etk2auhbk9668ry
2026-09-09T13:43:05+00:00	dgx-spark-03	True	1	cmtpsaud71whj2auh0k27ynki
2026-09-09T13:43:05+00:00	dgx-spark-02	True	1	cmtsqj5lz5qd42auh8vvrfn03
2026-09-09T13:43:07+00:00	dgx-spark-04	True	1	cmtpeql4y1etk2auhbk9668ry
2026-09-09T13:43:07+00:00	dgx-spark-03	True	1	cmtpsaud71whj2auh0k27ynki
2026-09-09T13:43:07+00:00	dgx-spark-02	True	1	cmtsqj5lz5qd42auh8vvrfn03
2026-09-09T13:43:09+00:00	dgx-spark-04	True	1	cmtpeql4y1etk2auhbk9668ry
2026-09-09T13:43:09+00:00	dgx-spark-03	True	1	cmtpsaud71whj2auh0k27ynki
2026-09-09T13:43:09+00:00	dgx-spark-02	True	1	cmtsqj5lz5qd42auh8vvrfn03
2026-09-09T13:43:11+00:00	dgx-spark-04	True	1	cmtpeql4y1etk2auhbk9668ry
2026-09-09T13:43:11+00:00	dgx-spark-03	True	1	cmtpsaud71whj2auh0k27ynki
2026-09-09T13:43:11+00:00	dgx-spark-02	True	1	cmtsqj5lz5qd42auh8vvrfn03
2026-09-09T13:43:13+00:00	dgx-spark-04	True	1	cmtpeql4y1etk2auhbk9668ry
2026-09-09T13:43:13+00:00	dgx-spark-03	True	1	cmtpsaud71whj2auh0k27ynki
2026-09-09T13:43:13+00:00	dgx-spark-02	True	1	cmtsqj5lz5qd42auh8vvrfn03
2026-09-09T13:43:15+00:00	dgx-spark-04	True	1	cmtpeql4y1etk2auhbk9668ry
2026-09-09T13:43:15+00:00	dgx-spark-03	True	1	cmtpsaud71whj2auh0k27ynki
2026-09-09T13:43:15+00:00	dgx-spark-02	True	1	cmtsqj5lz5qd42auh8vvrfn03
2026-09-09T13:43:17+00:00	dgx-spark-04	True	1	cmtpeql4y1etk2auhbk9668ry
2026-09-09T13:43:17+00:00	dgx-spark-03	True	1	cmtpsaud71whj2auh0k27ynki
2026-09-09T13:43:17+00:00	dgx-spark-02	True	1	cmtsqj5lz5qd42auh8vvrfn03
2026-09-09T13:43:19+00:00	dgx-spark-04	True	1	cmtpeql4y1etk2auhbk9668ry
2026-09-09T13:43:19+00:00	dgx-spark-03	True	1	cmtpsaud71whj2auh0k27ynki
2026-09-09T13:43:19+00:00	dgx-spark-02	True	1	cmtsqj5lz5qd42auh8vvrfn03
2026-09-09T13:43:21+00:00	dgx-spark-04	True	1	cmtpeql4y1etk2auhbk9668ry
2026-09-09T13:43:21+00:00	dgx-spark-03	True	1	cmtpsaud71whj2auh0k27ynki
2026-09-09T13:43:21+00:00	dgx-spark-02	True	1	cmtsqj5lz5qd42auh8vvrfn03
2026-09-09T13:43:23+00:00	dgx-spark-04	True	1	cmtpeql4y1etk2auhbk9668ry
2026-09-09T13:43:23+00:00	dgx-spark-03	True	1	cmtpsaud71whj2auh0k27ynki
2026-09-09T13:43:23+00:00	dgx-spark-02	True	1	cmtsqj5lz5qd42auh8vvrfn03
2026-09-09T13:43:25+00:00	dgx-spark-04	True	1	cmtpeql4y1etk2auhbk9668ry
2026-09-09T13:43:25+00:00	dgx-spark-03	True	1	cmtpsaud71whj2auh0k27ynki
2026-09-09T13:43:25+00:00	dgx-spark-02	True	1	cmtsqj5lz5qd42auh8vvrfn03
2026-09-09T13:43:27+00:00	dgx-spark-04	True	1	cmtpeql4y1etk2auhbk9668ry
2026-09-09T13:43:27+00:00	dgx-spark-03	True	1	cmtpsaud71whj2auh0k27ynki
2026-09-09T13:43:27+00:00	dgx-spark-02	True	1	cmtsqj5lz5qd42auh8vvrfn03
2026-09-09T13:43:29+00:00	dgx-spark-04	True	1	cmtpeql4y1etk2auhbk9668ry
2026-09-09T13:43:29+00:00	dgx-spark-03	True	1	cmtpsaud71whj2auh0k27ynki
2026-09-09T13:43:29+00:00	dgx-spark-02	True	1	cmtsqj5lz5qd42auh8vvrfn03
2026-09-09T13:43:31+00:00	dgx-spark-04	True	1	cmtpeql4y1etk2auhbk9668ry
2026-09-09T13:43:31+00:00	dgx-spark-03	True	1	cmtpsaud71whj2auh0k27ynki
2026-09-09T13:43:31+00:00	dgx-spark-02	True	1	cmtsqj5lz5qd42auh8vvrfn03
2026-09-09T13:43:33+00:00	dgx-spark-04	True	1	cmtpeql4y1etk2auhbk9668ry
2026-09-09T13:43:33+00:00	dgx-spark-03	True	1	cmtpsaud71whj2auh0k27ynki
2026-09-09T13:43:33+00:00	dgx-spark-02	True	1	cmtsqj5lz5qd42auh8vvrfn03
2026-09-09T13:43:35+00:00	dgx-spark-04	True	1	cmtpeql4y1etk2auhbk9668ry
2026-09-09T13:43:35+00:00	dgx-spark-03	True	1	cmtpsaud71whj2auh0k27ynki
2026-09-09T13:43:35+00:00	dgx-spark-02	True	1	cmtsqj5lz5qd42auh8vvrfn03
2026-09-09T13:43:37+00:00	dgx-spark-04	True	1	cmtpeql4y1etk2auhbk9668ry
2026-09-09T13:43:37+00:00	dgx-spark-03	True	1	cmtpsaud71whj2auh0k27ynki
2026-09-09T13:43:37+00:00	dgx-spark-02	True	1	cmtsqj5lz5qd42auh8vvrfn03
2026-09-09T13:43:39+00:00	dgx-spark-04	True	1	cmtpeql4y1etk2auhbk9668ry
2026-09-09T13:43:39+00:00	dgx-spark-03	True	1	cmtpsaud71whj2auh0k27ynki
2026-09-09T13:43:39+00:00	dgx-spark-02	True	1	cmtsqj5lz5qd42auh8vvrfn03
2026-09-09T13:43:41+00:00	dgx-spark-04	True	1	cmtpeql4y1etk2auhbk9668ry
2026-09-09T13:43:41+00:00	dgx-spark-03	True	1	cmtpsaud71whj2auh0k27ynki
2026-09-09T13:43:41+00:00	dgx-spark-02	True	1	cmtsqj5lz5qd42auh8vvrfn03
2026-09-09T13:43:43+00:00	dgx-spark-04	True	1	cmtpeql4y1etk2auhbk9668ry
2026-09-09T13:43:43+00:00	dgx-spark-03	True	1	cmtpsaud71whj2auh0k27ynki
2026-09-09T13:43:43+00:00	dgx-spark-02	True	1	cmtsqj5lz5qd42auh8vvrfn03
2026-09-09T13:43:45+00:00	dgx-spark-04	True	1	cmtpeql4y1etk2auhbk9668ry
2026-09-09T13:43:45+00:00	dgx-spark-03	True	1	cmtpsaud71whj2auh0k27ynki
2026-09-09T13:43:45+00:00	dgx-spark-02	True	1	cmtsqj5lz5qd42auh8vvrfn03
2026-09-09T13:43:47+00:00	dgx-spark-04	True	1	cmtpeql4y1etk2auhbk9668ry
2026-09-09T13:43:47+00:00	dgx-spark-03	True	1	cmtpsaud71whj2auh0k27ynki
2026-09-09T13:43:47+00:00	dgx-spark-02	True	1	cmtsqj5lz5qd42auh8vvrfn03
2026-09-09T13:43:49+00:00	dgx-spark-04	True	1	cmtpeql4y1etk2auhbk9668ry
2026-09-09T13:43:49+00:00	dgx-spark-03	True	1	cmtpsaud71whj2auh0k27ynki
2026-09-09T13:43:49+00:00	dgx-spark-02	True	1	cmtsqj5lz5qd42auh8vvrfn03
2026-09-09T13:43:51+00:00	dgx-spark-04	True	1	cmtpeql4y1etk2auhbk9668ry
2026-09-09T13:43:51+00:00	dgx-spark-03	True	1	cmtpsaud71whj2auh0k27ynki
2026-09-09T13:43:51+00:00	dgx-spark-02	True	1	cmtsqj5lz5qd42auh8vvrfn03
2026-09-09T13:43:53+00:00	dgx-spark-04	True	1	cmtpeql4y1etk2auhbk9668ry
2026-09-09T13:43:53+00:00	dgx-spark-03	True	1	cmtpsaud71whj2auh0k27ynki
2026-09-09T13:43:53+00:00	dgx-spark-02	True	1	cmtsqj5lz5qd42auh8vvrfn03
2026-09-09T13:43:55+00:00	dgx-spark-04	True	1	cmtpeql4y1etk2auhbk9668ry
2026-09-09T13:43:55+00:00	dgx-spark-03	True	1	cmtpsaud71whj2auh0k27ynki
2026-09-09T13:43:55+00:00	dgx-spark-02	True	1	cmtsqj5lz5qd42auh8vvrfn03
2026-09-09T13:43:57+00:00	dgx-spark-04	True	1	cmtpeql4y1etk2auhbk9668ry
2026-09-09T13:43:57+00:00	dgx-spark-03	True	1	cmtpsaud71whj2auh0k27ynki
2026-09-09T13:43:57+00:00	dgx-spark-02	True	1	cmtsqj5lz5qd42auh8vvrfn03
2026-09-09T13:43:59+00:00	dgx-spark-04	True	1	cmtpeql4y1etk2auhbk9668ry
2026-09-09T13:43:59+00:00	dgx-spark-03	True	1	cmtpsaud71whj2auh0k27ynki
2026-09-09T13:43:59+00:00	dgx-spark-02	True	1	cmtsqj5lz5qd42auh8vvrfn03
2026-09-09T13:44:02+00:00	dgx-spark-04	True	1	cmtpeql4y1etk2auhbk9668ry
2026-09-09T13:44:02+00:00	dgx-spark-03	True	1	cmtpsaud71whj2auh0k27ynki
2026-09-09T13:44:02+00:00	dgx-spark-02	True	1	cmtsqj5lz5qd42auh8vvrfn03
2026-09-09T13:44:04+00:00	dgx-spark-04	True	1	cmtpeql4y1etk2auhbk9668ry
2026-09-09T13:44:04+00:00	dgx-spark-03	True	1	cmtpsaud71whj2auh0k27ynki
2026-09-09T13:44:04+00:00	dgx-spark-02	True	1	cmtsqj5lz5qd42auh8vvrfn03
2026-09-09T13:44:06+00:00	dgx-spark-04	True	1	cmtpeql4y1etk2auhbk9668ry
2026-09-09T13:44:06+00:00	dgx-spark-03	True	1	cmtpsaud71whj2auh0k27ynki
2026-09-09T13:44:06+00:00	dgx-spark-02	True	1	cmtsqj5lz5qd42auh8vvrfn03
2026-09-09T13:44:08+00:00	dgx-spark-04	True	1	cmtpeql4y1etk2auhbk9668ry
2026-09-09T13:44:08+00:00	dgx-spark-03	True	1	cmtpsaud71whj2auh0k27ynki
2026-09-09T13:44:08+00:00	dgx-spark-02	True	1	cmtsqj5lz5qd42auh8vvrfn03
2026-09-09T13:44:10+00:00	dgx-spark-04	True	1	cmtpeql4y1etk2auhbk9668ry
2026-09-09T13:44:10+00:00	dgx-spark-03	True	1	cmtpsaud71whj2auh0k27ynki
2026-09-09T13:44:10+00:00	dgx-spark-02	True	1	cmtsqj5lz5qd42auh8vvrfn03
2026-09-09T13:44:12+00:00	dgx-spark-04	True	1	cmtpeql4y1etk2auhbk9668ry
2026-09-09T13:44:12+00:00	dgx-spark-03	True	1	cmtpsaud71whj2auh0k27ynki
2026-09-09T13:44:12+00:00	dgx-spark-02	True	1	cmtsqj5lz5qd42auh8vvrfn03
2026-09-09T13:44:14+00:00	dgx-spark-04	True	1	cmtpeql4y1etk2auhbk9668ry
2026-09-09T13:44:14+00:00	dgx-spark-03	True	1	cmtpsaud71whj2auh0k27ynki
2026-09-09T13:44:14+00:00	dgx-spark-02	True	1	cmtsqj5lz5qd42auh8vvrfn03
2026-09-09T13:44:16+00:00	dgx-spark-04	True	1	cmtpeql4y1etk2auhbk9668ry
2026-09-09T13:44:16+00:00	dgx-spark-03	True	1	cmtpsaud71whj2auh0k27ynki
2026-09-09T13:44:16+00:00	dgx-spark-02	True	1	cmtsqj5lz5qd42auh8vvrfn03
2026-09-09T13:44:18+00:00	dgx-spark-04	True	1	cmtpeql4y1etk2auhbk9668ry
2026-09-09T13:44:18+00:00	dgx-spark-03	True	1	cmtpsaud71whj2auh0k27ynki
2026-09-09T13:44:18+00:00	dgx-spark-02	True	1	cmtsqj5lz5qd42auh8vvrfn03
2026-09-09T13:44:20+00:00	dgx-spark-04	True	1	cmtpeql4y1etk2auhbk9668ry
2026-09-09T13:44:20+00:00	dgx-spark-03	True	1	cmtpsaud71whj2auh0k27ynki
2026-09-09T13:44:20+00:00	dgx-spark-02	True	1	cmtsqj5lz5qd42auh8vvrfn03
2026-09-09T13:44:22+00:00	dgx-spark-04	True	1	cmtpeql4y1etk2auhbk9668ry
2026-09-09T13:44:22+00:00	dgx-spark-03	True	1	cmtpsaud71whj2auh0k27ynki
2026-09-09T13:44:22+00:00	dgx-spark-02	True	1	cmtsqj5lz5qd42auh8vvrfn03
2026-09-09T13:44:24+00:00	dgx-spark-04	True	1	cmtpeql4y1etk2auhbk9668ry
2026-09-09T13:44:24+00:00	dgx-spark-03	True	1	cmtpsaud71whj2auh0k27ynki
2026-09-09T13:44:24+00:00	dgx-spark-02	True	1	cmtsqj5lz5qd42auh8vvrfn03
2026-09-09T13:44:26+00:00	dgx-spark-04	True	1	cmtpeql4y1etk2auhbk9668ry
2026-09-09T13:44:26+00:00	dgx-spark-03	True	1	cmtpsaud71whj2auh0k27ynki
2026-09-09T13:44:26+00:00	dgx-spark-02	True	1	cmtsqj5lz5qd42auh8vvrfn03
2026-09-09T13:44:28+00:00	dgx-spark-04	True	1	cmtpeql4y1etk2auhbk9668ry
2026-09-09T13:44:28+00:00	dgx-spark-03	True	1	cmtpsaud71whj2auh0k27ynki
2026-09-09T13:44:28+00:00	dgx-spark-02	True	1	cmtsqj5lz5qd42auh8vvrfn03
2026-09-09T13:44:30+00:00	dgx-spark-04	True	1	cmtpeql4y1etk2auhbk9668ry
2026-09-09T13:44:30+00:00	dgx-spark-03	True	1	cmtpsaud71whj2auh0k27ynki
2026-09-09T13:44:30+00:00	dgx-spark-02	True	1	cmtsqj5lz5qd42auh8vvrfn03
2026-09-09T13:44:32+00:00	dgx-spark-04	True	1	cmtpeql4y1etk2auhbk9668ry
2026-09-09T13:44:32+00:00	dgx-spark-03	True	1	cmtpsaud71whj2auh0k27ynki
2026-09-09T13:44:32+00:00	dgx-spark-02	True	1	cmtsqj5lz5qd42auh8vvrfn03
2026-09-09T13:44:34+00:00	dgx-spark-04	True	1	cmtpeql4y1etk2auhbk9668ry
2026-09-09T13:44:34+00:00	dgx-spark-03	True	1	cmtpsaud71whj2auh0k27ynki
2026-09-09T13:44:34+00:00	dgx-spark-02	True	1	cmtsqj5lz5qd42auh8vvrfn03
2026-09-09T13:44:36+00:00	dgx-spark-04	True	1	cmtpeql4y1etk2auhbk9668ry
2026-09-09T13:44:36+00:00	dgx-spark-03	True	1	cmtpsaud71whj2auh0k27ynki
2026-09-09T13:44:36+00:00	dgx-spark-02	True	1	cmtsqj5lz5qd42auh8vvrfn03
2026-09-09T13:44:38+00:00	dgx-spark-04	True	1	cmtpeql4y1etk2auhbk9668ry
2026-09-09T13:44:38+00:00	dgx-spark-03	True	1	cmtpsaud71whj2auh0k27ynki
2026-09-09T13:44:38+00:00	dgx-spark-02	True	1	cmtsqj5lz5qd42auh8vvrfn03
2026-09-09T13:44:40+00:00	dgx-spark-04	True	1	cmtpeql4y1etk2auhbk9668ry
2026-09-09T13:44:40+00:00	dgx-spark-03	True	1	cmtpsaud71whj2auh0k27ynki
2026-09-09T13:44:40+00:00	dgx-spark-02	True	1	cmtsqj5lz5qd42auh8vvrfn03
2026-09-09T13:44:42+00:00	dgx-spark-04	True	1	cmtpeql4y1etk2auhbk9668ry
2026-09-09T13:44:42+00:00	dgx-spark-03	True	1	cmtpsaud71whj2auh0k27ynki
2026-09-09T13:44:42+00:00	dgx-spark-02	True	1	cmtsqj5lz5qd42auh8vvrfn03
2026-09-09T13:44:44+00:00	dgx-spark-04	True	1	cmtpeql4y1etk2auhbk9668ry
2026-09-09T13:44:44+00:00	dgx-spark-03	True	1	cmtpsaud71whj2auh0k27ynki
2026-09-09T13:44:44+00:00	dgx-spark-02	True	1	cmtsqj5lz5qd42auh8vvrfn03
2026-09-09T13:44:46+00:00	dgx-spark-04	True	1	cmtpeql4y1etk2auhbk9668ry
2026-09-09T13:44:46+00:00	dgx-spark-03	True	1	cmtpsaud71whj2auh0k27ynki
2026-09-09T13:44:46+00:00	dgx-spark-02	True	1	cmtsqj5lz5qd42auh8vvrfn03
2026-09-09T13:44:48+00:00	dgx-spark-04	True	1	cmtpeql4y1etk2auhbk9668ry
2026-09-09T13:44:48+00:00	dgx-spark-03	True	1	cmtpsaud71whj2auh0k27ynki
2026-09-09T13:44:48+00:00	dgx-spark-02	True	1	cmtsqj5lz5qd42auh8vvrfn03
2026-09-09T13:44:50+00:00	dgx-spark-04	True	1	cmtpeql4y1etk2auhbk9668ry
2026-09-09T13:44:50+00:00	dgx-spark-03	True	1	cmtpsaud71whj2auh0k27ynki
2026-09-09T13:44:50+00:00	dgx-spark-02	True	1	cmtsqj5lz5qd42auh8vvrfn03
2026-09-09T13:44:52+00:00	dgx-spark-04	True	1	cmtpeql4y1etk2auhbk9668ry
2026-09-09T13:44:52+00:00	dgx-spark-03	True	1	cmtpsaud71whj2auh0k27ynki
2026-09-09T13:44:52+00:00	dgx-spark-02	True	1	cmtsqj5lz5qd42auh8vvrfn03
2026-09-09T13:44:54+00:00	dgx-spark-04	True	1	cmtpeql4y1etk2auhbk9668ry
2026-09-09T13:44:54+00:00	dgx-spark-03	True	1	cmtpsaud71whj2auh0k27ynki
2026-09-09T13:44:54+00:00	dgx-spark-02	True	1	cmtsqj5lz5qd42auh8vvrfn03
2026-09-09T13:44:56+00:00	dgx-spark-04	True	1	cmtpeql4y1etk2auhbk9668ry
2026-09-09T13:44:56+00:00	dgx-spark-03	True	1	cmtpsaud71whj2auh0k27ynki
2026-09-09T13:44:56+00:00	dgx-spark-02	True	1	cmtsqj5lz5qd42auh8vvrfn03
2026-09-09T13:44:58+00:00	dgx-spark-04	True	1	cmtpeql4y1etk2auhbk9668ry
2026-09-09T13:44:58+00:00	dgx-spark-03	True	1	cmtpsaud71whj2auh0k27ynki
2026-09-09T13:44:58+00:00	dgx-spark-02	True	1	cmtsqj5lz5qd42auh8vvrfn03
2026-09-09T13:45:00+00:00	dgx-spark-04	True	1	cmtpeql4y1etk2auhbk9668ry
2026-09-09T13:45:00+00:00	dgx-spark-03	True	1	cmtpsaud71whj2auh0k27ynki
2026-09-09T13:45:00+00:00	dgx-spark-02	True	1	cmtsqj5lz5qd42auh8vvrfn03
2026-09-09T13:45:02+00:00	dgx-spark-04	True	1	cmtpeql4y1etk2auhbk9668ry
2026-09-09T13:45:02+00:00	dgx-spark-03	True	1	cmtpsaud71whj2auh0k27ynki
2026-09-09T13:45:02+00:00	dgx-spark-02	True	1	cmtsqj5lz5qd42auh8vvrfn03
2026-09-09T13:45:04+00:00	dgx-spark-04	True	1	cmtpeql4y1etk2auhbk9668ry
2026-09-09T13:45:04+00:00	dgx-spark-03	True	1	cmtpsaud71whj2auh0k27ynki
2026-09-09T13:45:04+00:00	dgx-spark-02	True	1	cmtsqj5lz5qd42auh8vvrfn03
2026-09-09T13:45:06+00:00	dgx-spark-04	True	1	cmtpeql4y1etk2auhbk9668ry
2026-09-09T13:45:06+00:00	dgx-spark-03	True	1	cmtpsaud71whj2auh0k27ynki
2026-09-09T13:45:06+00:00	dgx-spark-02	True	1	cmtsqj5lz5qd42auh8vvrfn03
2026-09-09T13:45:08+00:00	dgx-spark-04	True	1	cmtpeql4y1etk2auhbk9668ry
2026-09-09T13:45:08+00:00	dgx-spark-03	True	1	cmtpsaud71whj2auh0k27ynki
2026-09-09T13:45:08+00:00	dgx-spark-02	True	1	cmtsqj5lz5qd42auh8vvrfn03
2026-09-09T13:45:10+00:00	dgx-spark-04	True	1	cmtpeql4y1etk2auhbk9668ry
2026-09-09T13:45:10+00:00	dgx-spark-03	True	1	cmtpsaud71whj2auh0k27ynki
2026-09-09T13:45:10+00:00	dgx-spark-02	True	1	cmtsqj5lz5qd42auh8vvrfn03
2026-09-09T13:45:12+00:00	dgx-spark-04	True	1	cmtpeql4y1etk2auhbk9668ry
2026-09-09T13:45:12+00:00	dgx-spark-03	True	1	cmtpsaud71whj2auh0k27ynki
2026-09-09T13:45:12+00:00	dgx-spark-02	True	1	cmtsqj5lz5qd42auh8vvrfn03
2026-09-09T13:45:14+00:00	dgx-spark-04	True	1	cmtpeql4y1etk2auhbk9668ry
2026-09-09T13:45:14+00:00	dgx-spark-03	True	1	cmtpsaud71whj2auh0k27ynki
2026-09-09T13:45:14+00:00	dgx-spark-02	True	1	cmtsqj5lz5qd42auh8vvrfn03
2026-09-09T13:45:16+00:00	dgx-spark-04	True	1	cmtpeql4y1etk2auhbk9668ry
2026-09-09T13:45:16+00:00	dgx-spark-03	True	1	cmtpsaud71whj2auh0k27ynki
2026-09-09T13:45:16+00:00	dgx-spark-02	True	1	cmtsqj5lz5qd42auh8vvrfn03
2026-09-09T13:45:18+00:00	dgx-spark-04	True	1	cmtpeql4y1etk2auhbk9668ry
2026-09-09T13:45:18+00:00	dgx-spark-03	True	1	cmtpsaud71whj2auh0k27ynki
2026-09-09T13:45:18+00:00	dgx-spark-02	True	1	cmtsqj5lz5qd42auh8vvrfn03
2026-09-09T13:45:20+00:00	dgx-spark-04	True	1	cmtpeql4y1etk2auhbk9668ry
2026-09-09T13:45:20+00:00	dgx-spark-03	True	1	cmtpsaud71whj2auh0k27ynki
2026-09-09T13:45:20+00:00	dgx-spark-02	True	1	cmtsqj5lz5qd42auh8vvrfn03
2026-09-09T13:45:22+00:00	dgx-spark-04	True	1	cmtpeql4y1etk2auhbk9668ry
2026-09-09T13:45:22+00:00	dgx-spark-03	True	1	cmtpsaud71whj2auh0k27ynki
2026-09-09T13:45:22+00:00	dgx-spark-02	True	1	cmtsqj5lz5qd42auh8vvrfn03
2026-09-09T13:45:24+00:00	dgx-spark-04	True	1	cmtpeql4y1etk2auhbk9668ry
2026-09-09T13:45:24+00:00	dgx-spark-03	True	1	cmtpsaud71whj2auh0k27ynki
2026-09-09T13:45:24+00:00	dgx-spark-02	True	1	cmtsqj5lz5qd42auh8vvrfn03
2026-09-09T13:45:26+00:00	dgx-spark-04	True	1	cmtpeql4y1etk2auhbk9668ry
2026-09-09T13:45:26+00:00	dgx-spark-03	True	1	cmtpsaud71whj2auh0k27ynki
2026-09-09T13:45:26+00:00	dgx-spark-02	True	1	cmtsqj5lz5qd42auh8vvrfn03
2026-09-09T13:45:28+00:00	dgx-spark-04	True	1	cmtpeql4y1etk2auhbk9668ry
2026-09-09T13:45:28+00:00	dgx-spark-03	True	1	cmtpsaud71whj2auh0k27ynki
2026-09-09T13:45:28+00:00	dgx-spark-02	True	1	cmtsqj5lz5qd42auh8vvrfn03
2026-09-09T13:45:30+00:00	dgx-spark-04	True	1	cmtpeql4y1etk2auhbk9668ry
2026-09-09T13:45:30+00:00	dgx-spark-03	True	1	cmtpsaud71whj2auh0k27ynki
2026-09-09T13:45:30+00:00	dgx-spark-02	True	1	cmtsqj5lz5qd42auh8vvrfn03
2026-09-09T13:45:32+00:00	dgx-spark-04	True	1	cmtpeql4y1etk2auhbk9668ry
2026-09-09T13:45:32+00:00	dgx-spark-03	True	1	cmtpsaud71whj2auh0k27ynki
2026-09-09T13:45:32+00:00	dgx-spark-02	True	1	cmtsqj5lz5qd42auh8vvrfn03
2026-09-09T13:45:34+00:00	dgx-spark-04	True	1	cmtpeql4y1etk2auhbk9668ry
2026-09-09T13:45:34+00:00	dgx-spark-03	True	1	cmtpsaud71whj2auh0k27ynki
2026-09-09T13:45:34+00:00	dgx-spark-02	True	1	cmtsqj5lz5qd42auh8vvrfn03
2026-09-09T13:45:36+00:00	dgx-spark-04	True	1	cmtpeql4y1etk2auhbk9668ry
2026-09-09T13:45:36+00:00	dgx-spark-03	True	1	cmtpsaud71whj2auh0k27ynki
2026-09-09T13:45:36+00:00	dgx-spark-02	True	1	cmtsqj5lz5qd42auh8vvrfn03
2026-09-09T13:45:38+00:00	dgx-spark-04	True	1	cmtpeql4y1etk2auhbk9668ry
2026-09-09T13:45:38+00:00	dgx-spark-03	True	1	cmtpsaud71whj2auh0k27ynki
2026-09-09T13:45:38+00:00	dgx-spark-02	True	1	cmtsqj5lz5qd42auh8vvrfn03
2026-09-09T13:45:40+00:00	dgx-spark-04	True	1	cmtpeql4y1etk2auhbk9668ry
2026-09-09T13:45:40+00:00	dgx-spark-03	True	1	cmtpsaud71whj2auh0k27ynki
2026-09-09T13:45:40+00:00	dgx-spark-02	True	1	cmtsqj5lz5qd42auh8vvrfn03
2026-09-09T13:45:42+00:00	dgx-spark-04	True	1	cmtpeql4y1etk2auhbk9668ry
2026-09-09T13:45:42+00:00	dgx-spark-03	True	1	cmtpsaud71whj2auh0k27ynki
2026-09-09T13:45:42+00:00	dgx-spark-02	True	1	cmtsqj5lz5qd42auh8vvrfn03
2026-09-09T13:45:44+00:00	dgx-spark-04	True	1	cmtpeql4y1etk2auhbk9668ry
2026-09-09T13:45:44+00:00	dgx-spark-03	True	1	cmtpsaud71whj2auh0k27ynki
2026-09-09T13:45:44+00:00	dgx-spark-02	True	1	cmtsqj5lz5qd42auh8vvrfn03
2026-09-09T13:45:46+00:00	dgx-spark-04	True	1	cmtpeql4y1etk2auhbk9668ry
2026-09-09T13:45:46+00:00	dgx-spark-03	True	1	cmtpsaud71whj2auh0k27ynki
2026-09-09T13:45:46+00:00	dgx-spark-02	True	1	cmtsqj5lz5qd42auh8vvrfn03
2026-09-09T13:45:48+00:00	dgx-spark-04	True	1	cmtpeql4y1etk2auhbk9668ry
2026-09-09T13:45:48+00:00	dgx-spark-03	True	1	cmtpsaud71whj2auh0k27ynki
2026-09-09T13:45:48+00:00	dgx-spark-02	True	1	cmtsqj5lz5qd42auh8vvrfn03
2026-09-09T13:45:50+00:00	dgx-spark-04	True	1	cmtpeql4y1etk2auhbk9668ry
2026-09-09T13:45:50+00:00	dgx-spark-03	True	1	cmtpsaud71whj2auh0k27ynki
2026-09-09T13:45:50+00:00	dgx-spark-02	True	1	cmtsqj5lz5qd42auh8vvrfn03
2026-09-09T13:45:53+00:00	dgx-spark-04	True	1	cmtpeql4y1etk2auhbk9668ry
2026-09-09T13:45:53+00:00	dgx-spark-03	True	1	cmtpsaud71whj2auh0k27ynki
2026-09-09T13:45:53+00:00	dgx-spark-02	True	1	cmtsqj5lz5qd42auh8vvrfn03
2026-09-09T13:45:55+00:00	dgx-spark-04	True	1	cmtpeql4y1etk2auhbk9668ry
2026-09-09T13:45:55+00:00	dgx-spark-03	True	1	cmtpsaud71whj2auh0k27ynki
2026-09-09T13:45:55+00:00	dgx-spark-02	True	1	cmtsqj5lz5qd42auh8vvrfn03
2026-09-09T13:45:57+00:00	dgx-spark-04	True	1	cmtpeql4y1etk2auhbk9668ry
2026-09-09T13:45:57+00:00	dgx-spark-03	True	1	cmtpsaud71whj2auh0k27ynki
2026-09-09T13:45:57+00:00	dgx-spark-02	True	1	cmtsqj5lz5qd42auh8vvrfn03
2026-09-09T13:45:59+00:00	dgx-spark-04	True	1	cmtpeql4y1etk2auhbk9668ry
2026-09-09T13:45:59+00:00	dgx-spark-03	True	1	cmtpsaud71whj2auh0k27ynki
2026-09-09T13:45:59+00:00	dgx-spark-02	True	1	cmtsqj5lz5qd42auh8vvrfn03
2026-09-09T13:46:01+00:00	dgx-spark-04	True	1	cmtpeql4y1etk2auhbk9668ry
2026-09-09T13:46:01+00:00	dgx-spark-03	True	1	cmtpsaud71whj2auh0k27ynki
2026-09-09T13:46:01+00:00	dgx-spark-02	True	1	cmtsqj5lz5qd42auh8vvrfn03
2026-09-09T13:46:03+00:00	dgx-spark-04	True	1	cmtpeql4y1etk2auhbk9668ry
2026-09-09T13:46:03+00:00	dgx-spark-03	True	1	cmtpsaud71whj2auh0k27ynki
2026-09-09T13:46:03+00:00	dgx-spark-02	True	1	cmtsqj5lz5qd42auh8vvrfn03
2026-09-09T13:46:05+00:00	dgx-spark-04	True	1	cmtpeql4y1etk2auhbk9668ry
2026-09-09T13:46:05+00:00	dgx-spark-03	True	1	cmtpsaud71whj2auh0k27ynki
2026-09-09T13:46:05+00:00	dgx-spark-02	True	1	cmtsqj5lz5qd42auh8vvrfn03
2026-09-09T13:46:07+00:00	dgx-spark-04	True	1	cmtpeql4y1etk2auhbk9668ry
2026-09-09T13:46:07+00:00	dgx-spark-03	True	1	cmtpsaud71whj2auh0k27ynki
2026-09-09T13:46:07+00:00	dgx-spark-02	True	1	cmtsqj5lz5qd42auh8vvrfn03
2026-09-09T13:46:09+00:00	dgx-spark-04	True	1	cmtpeql4y1etk2auhbk9668ry
2026-09-09T13:46:09+00:00	dgx-spark-03	True	1	cmtpsaud71whj2auh0k27ynki
2026-09-09T13:46:09+00:00	dgx-spark-02	True	1	cmtsqj5lz5qd42auh8vvrfn03
2026-09-09T13:46:11+00:00	dgx-spark-04	True	1	cmtpeql4y1etk2auhbk9668ry
2026-09-09T13:46:11+00:00	dgx-spark-03	True	1	cmtpsaud71whj2auh0k27ynki
2026-09-09T13:46:11+00:00	dgx-spark-02	True	1	cmtsqj5lz5qd42auh8vvrfn03
2026-09-09T13:46:13+00:00	dgx-spark-04	True	1	cmtpeql4y1etk2auhbk9668ry
2026-09-09T13:46:13+00:00	dgx-spark-03	True	1	cmtpsaud71whj2auh0k27ynki
2026-09-09T13:46:13+00:00	dgx-spark-02	True	1	cmtsqj5lz5qd42auh8vvrfn03
2026-09-09T13:46:15+00:00	dgx-spark-04	True	1	cmtpeql4y1etk2auhbk9668ry
2026-09-09T13:46:15+00:00	dgx-spark-03	True	1	cmtpsaud71whj2auh0k27ynki
2026-09-09T13:46:15+00:00	dgx-spark-02	True	1	cmtsqj5lz5qd42auh8vvrfn03
2026-09-09T13:46:17+00:00	dgx-spark-04	True	1	cmtpeql4y1etk2auhbk9668ry
2026-09-09T13:46:17+00:00	dgx-spark-03	True	1	cmtpsaud71whj2auh0k27ynki
2026-09-09T13:46:17+00:00	dgx-spark-02	True	1	cmtsqj5lz5qd42auh8vvrfn03
2026-09-09T13:46:19+00:00	dgx-spark-04	True	1	cmtpeql4y1etk2auhbk9668ry
2026-09-09T13:46:19+00:00	dgx-spark-03	True	1	cmtpsaud71whj2auh0k27ynki
2026-09-09T13:46:19+00:00	dgx-spark-02	True	1	cmtsqj5lz5qd42auh8vvrfn03
2026-09-09T13:46:21+00:00	dgx-spark-04	True	1	cmtpeql4y1etk2auhbk9668ry
2026-09-09T13:46:21+00:00	dgx-spark-03	True	1	cmtpsaud71whj2auh0k27ynki
2026-09-09T13:46:21+00:00	dgx-spark-02	True	1	cmtsqj5lz5qd42auh8vvrfn03
2026-09-09T13:46:23+00:00	dgx-spark-04	True	1	cmtpeql4y1etk2auhbk9668ry
2026-09-09T13:46:23+00:00	dgx-spark-03	True	1	cmtpsaud71whj2auh0k27ynki
2026-09-09T13:46:23+00:00	dgx-spark-02	True	1	cmtsqj5lz5qd42auh8vvrfn03
2026-09-09T13:46:25+00:00	dgx-spark-04	True	1	cmtpeql4y1etk2auhbk9668ry
2026-09-09T13:46:25+00:00	dgx-spark-03	True	1	cmtpsaud71whj2auh0k27ynki
2026-09-09T13:46:25+00:00	dgx-spark-02	True	1	cmtsqj5lz5qd42auh8vvrfn03
2026-09-09T13:46:27+00:00	dgx-spark-04	True	1	cmtpeql4y1etk2auhbk9668ry
2026-09-09T13:46:27+00:00	dgx-spark-03	True	1	cmtpsaud71whj2auh0k27ynki
2026-09-09T13:46:27+00:00	dgx-spark-02	True	1	cmtsqj5lz5qd42auh8vvrfn03
2026-09-09T13:46:29+00:00	dgx-spark-04	True	1	cmtpeql4y1etk2auhbk9668ry
2026-09-09T13:46:29+00:00	dgx-spark-03	True	1	cmtpsaud71whj2auh0k27ynki
2026-09-09T13:46:29+00:00	dgx-spark-02	True	1	cmtsqj5lz5qd42auh8vvrfn03
2026-09-09T13:46:31+00:00	dgx-spark-04	True	1	cmtpeql4y1etk2auhbk9668ry
2026-09-09T13:46:31+00:00	dgx-spark-03	True	1	cmtpsaud71whj2auh0k27ynki
2026-09-09T13:46:31+00:00	dgx-spark-02	True	1	cmtsqj5lz5qd42auh8vvrfn03
2026-09-09T13:46:33+00:00	dgx-spark-04	True	1	cmtpeql4y1etk2auhbk9668ry
2026-09-09T13:46:33+00:00	dgx-spark-03	True	1	cmtpsaud71whj2auh0k27ynki
2026-09-09T13:46:33+00:00	dgx-spark-02	True	1	cmtsqj5lz5qd42auh8vvrfn03
2026-09-09T13:46:35+00:00	dgx-spark-04	True	1	cmtpeql4y1etk2auhbk9668ry
2026-09-09T13:46:35+00:00	dgx-spark-03	True	1	cmtpsaud71whj2auh0k27ynki
2026-09-09T13:46:35+00:00	dgx-spark-02	True	1	cmtsqj5lz5qd42auh8vvrfn03
2026-09-09T13:46:37+00:00	dgx-spark-04	True	1	cmtpeql4y1etk2auhbk9668ry
2026-09-09T13:46:37+00:00	dgx-spark-03	True	1	cmtpsaud71whj2auh0k27ynki
2026-09-09T13:46:37+00:00	dgx-spark-02	True	1	cmtsqj5lz5qd42auh8vvrfn03
2026-09-09T13:46:39+00:00	dgx-spark-04	True	1	cmtpeql4y1etk2auhbk9668ry
2026-09-09T13:46:39+00:00	dgx-spark-03	True	1	cmtpsaud71whj2auh0k27ynki
2026-09-09T13:46:39+00:00	dgx-spark-02	True	1	cmtsqj5lz5qd42auh8vvrfn03
2026-09-09T13:46:41+00:00	dgx-spark-04	True	1	cmtpeql4y1etk2auhbk9668ry
2026-09-09T13:46:41+00:00	dgx-spark-03	True	1	cmtpsaud71whj2auh0k27ynki
2026-09-09T13:46:41+00:00	dgx-spark-02	True	1	cmtsqj5lz5qd42auh8vvrfn03
2026-09-09T13:46:43+00:00	dgx-spark-04	True	1	cmtpeql4y1etk2auhbk9668ry
2026-09-09T13:46:43+00:00	dgx-spark-03	True	1	cmtpsaud71whj2auh0k27ynki
2026-09-09T13:46:43+00:00	dgx-spark-02	True	1	cmtsqj5lz5qd42auh8vvrfn03
2026-09-09T13:46:45+00:00	dgx-spark-04	True	1	cmtpeql4y1etk2auhbk9668ry
2026-09-09T13:46:45+00:00	dgx-spark-03	True	1	cmtpsaud71whj2auh0k27ynki
2026-09-09T13:46:45+00:00	dgx-spark-02	True	1	cmtsqj5lz5qd42auh8vvrfn03
2026-09-09T13:46:47+00:00	dgx-spark-04	True	1	cmtpeql4y1etk2auhbk9668ry
2026-09-09T13:46:47+00:00	dgx-spark-03	True	1	cmtpsaud71whj2auh0k27ynki
2026-09-09T13:46:47+00:00	dgx-spark-02	True	1	cmtsqj5lz5qd42auh8vvrfn03
2026-09-09T13:46:49+00:00	dgx-spark-04	True	1	cmtpeql4y1etk2auhbk9668ry
2026-09-09T13:46:49+00:00	dgx-spark-03	True	1	cmtpsaud71whj2auh0k27ynki
2026-09-09T13:46:49+00:00	dgx-spark-02	True	1	cmtsqj5lz5qd42auh8vvrfn03
2026-09-09T13:46:51+00:00	dgx-spark-04	True	1	cmtpeql4y1etk2auhbk9668ry
2026-09-09T13:46:51+00:00	dgx-spark-03	True	1	cmtpsaud71whj2auh0k27ynki
2026-09-09T13:46:51+00:00	dgx-spark-02	True	1	cmtsqj5lz5qd42auh8vvrfn03
2026-09-09T13:46:53+00:00	dgx-spark-04	True	1	cmtpeql4y1etk2auhbk9668ry
2026-09-09T13:46:53+00:00	dgx-spark-03	True	1	cmtpsaud71whj2auh0k27ynki
2026-09-09T13:46:53+00:00	dgx-spark-02	True	1	cmtsqj5lz5qd42auh8vvrfn03
2026-09-09T13:46:55+00:00	dgx-spark-04	True	1	cmtpeql4y1etk2auhbk9668ry
2026-09-09T13:46:55+00:00	dgx-spark-03	True	1	cmtpsaud71whj2auh0k27ynki
2026-09-09T13:46:55+00:00	dgx-spark-02	True	1	cmtsqj5lz5qd42auh8vvrfn03
2026-09-09T13:46:57+00:00	dgx-spark-04	True	1	cmtpeql4y1etk2auhbk9668ry
2026-09-09T13:46:57+00:00	dgx-spark-03	True	1	cmtpsaud71whj2auh0k27ynki
2026-09-09T13:46:57+00:00	dgx-spark-02	True	1	cmtsqj5lz5qd42auh8vvrfn03
2026-09-09T13:46:59+00:00	dgx-spark-04	True	1	cmtpeql4y1etk2auhbk9668ry
2026-09-09T13:46:59+00:00	dgx-spark-03	True	1	cmtpsaud71whj2auh0k27ynki
2026-09-09T13:46:59+00:00	dgx-spark-02	True	1	cmtsqj5lz5qd42auh8vvrfn03
2026-09-09T13:47:01+00:00	dgx-spark-04	True	1	cmtpeql4y1etk2auhbk9668ry
2026-09-09T13:47:01+00:00	dgx-spark-03	True	0	cmtpsaud71whj2auh0k27ynki
2026-09-09T13:47:01+00:00	dgx-spark-02	True	1	cmtsqj5lz5qd42auh8vvrfn03
2026-09-09T13:47:03+00:00	dgx-spark-04	True	1	cmtpeql4y1etk2auhbk9668ry
2026-09-09T13:47:03+00:00	dgx-spark-03	True	1	cmtpsaud71whj2auh0k27ynki
2026-09-09T13:47:03+00:00	dgx-spark-02	True	1	cmtsqj5lz5qd42auh8vvrfn03
2026-09-09T13:47:05+00:00	dgx-spark-04	True	1	cmtpeql4y1etk2auhbk9668ry
2026-09-09T13:47:05+00:00	dgx-spark-03	True	1	cmtpsaud71whj2auh0k27ynki
2026-09-09T13:47:05+00:00	dgx-spark-02	True	1	cmtsqj5lz5qd42auh8vvrfn03
2026-09-09T13:47:07+00:00	dgx-spark-04	True	1	cmtpeql4y1etk2auhbk9668ry
2026-09-09T13:47:07+00:00	dgx-spark-03	True	1	cmtpsaud71whj2auh0k27ynki
2026-09-09T13:47:07+00:00	dgx-spark-02	True	1	cmtsqj5lz5qd42auh8vvrfn03
2026-09-09T13:47:09+00:00	dgx-spark-04	True	1	cmtpeql4y1etk2auhbk9668ry
2026-09-09T13:47:09+00:00	dgx-spark-03	True	1	cmtpsaud71whj2auh0k27ynki
2026-09-09T13:47:09+00:00	dgx-spark-02	True	1	cmtsqj5lz5qd42auh8vvrfn03
2026-09-09T13:47:11+00:00	dgx-spark-04	True	1	cmtpeql4y1etk2auhbk9668ry
2026-09-09T13:47:11+00:00	dgx-spark-03	True	1	cmtpsaud71whj2auh0k27ynki
2026-09-09T13:47:11+00:00	dgx-spark-02	True	1	cmtsqj5lz5qd42auh8vvrfn03
2026-09-09T13:47:13+00:00	dgx-spark-04	True	1	cmtpeql4y1etk2auhbk9668ry
2026-09-09T13:47:13+00:00	dgx-spark-03	True	1	cmtpsaud71whj2auh0k27ynki
2026-09-09T13:47:13+00:00	dgx-spark-02	True	1	cmtsqj5lz5qd42auh8vvrfn03
2026-09-09T13:47:15+00:00	dgx-spark-04	True	1	cmtpeql4y1etk2auhbk9668ry
2026-09-09T13:47:15+00:00	dgx-spark-03	True	1	cmtpsaud71whj2auh0k27ynki
2026-09-09T13:47:15+00:00	dgx-spark-02	True	1	cmtsqj5lz5qd42auh8vvrfn03
2026-09-09T13:47:17+00:00	dgx-spark-04	True	1	cmtpeql4y1etk2auhbk9668ry
2026-09-09T13:47:17+00:00	dgx-spark-03	True	1	cmtpsaud71whj2auh0k27ynki
2026-09-09T13:47:17+00:00	dgx-spark-02	True	1	cmtsqj5lz5qd42auh8vvrfn03
2026-09-09T13:47:19+00:00	dgx-spark-04	True	1	cmtpeql4y1etk2auhbk9668ry
2026-09-09T13:47:19+00:00	dgx-spark-03	True	1	cmtpsaud71whj2auh0k27ynki
2026-09-09T13:47:19+00:00	dgx-spark-02	True	1	cmtsqj5lz5qd42auh8vvrfn03
2026-09-09T13:47:21+00:00	dgx-spark-04	True	1	cmtpeql4y1etk2auhbk9668ry
2026-09-09T13:47:21+00:00	dgx-spark-03	True	1	cmtpsaud71whj2auh0k27ynki
2026-09-09T13:47:21+00:00	dgx-spark-02	True	1	cmtsqj5lz5qd42auh8vvrfn03
2026-09-09T13:47:23+00:00	dgx-spark-04	True	1	cmtpeql4y1etk2auhbk9668ry
2026-09-09T13:47:23+00:00	dgx-spark-03	True	1	cmtpsaud71whj2auh0k27ynki
2026-09-09T13:47:23+00:00	dgx-spark-02	True	1	cmtsqj5lz5qd42auh8vvrfn03
2026-09-09T13:47:25+00:00	dgx-spark-04	True	1	cmtpeql4y1etk2auhbk9668ry
2026-09-09T13:47:25+00:00	dgx-spark-03	True	1	cmtpsaud71whj2auh0k27ynki
2026-09-09T13:47:25+00:00	dgx-spark-02	True	1	cmtsqj5lz5qd42auh8vvrfn03
2026-09-09T13:47:27+00:00	dgx-spark-04	True	1	cmtpeql4y1etk2auhbk9668ry
2026-09-09T13:47:27+00:00	dgx-spark-03	True	1	cmtpsaud71whj2auh0k27ynki
2026-09-09T13:47:27+00:00	dgx-spark-02	True	1	cmtsqj5lz5qd42auh8vvrfn03
2026-09-09T13:47:29+00:00	dgx-spark-04	True	1	cmtpeql4y1etk2auhbk9668ry
2026-09-09T13:47:29+00:00	dgx-spark-03	True	1	cmtpsaud71whj2auh0k27ynki
2026-09-09T13:47:29+00:00	dgx-spark-02	True	1	cmtsqj5lz5qd42auh8vvrfn03
2026-09-09T13:47:31+00:00	dgx-spark-04	True	1	cmtpeql4y1etk2auhbk9668ry
2026-09-09T13:47:31+00:00	dgx-spark-03	True	1	cmtpsaud71whj2auh0k27ynki
2026-09-09T13:47:31+00:00	dgx-spark-02	True	1	cmtsqj5lz5qd42auh8vvrfn03
2026-09-09T13:47:33+00:00	dgx-spark-04	True	1	cmtpeql4y1etk2auhbk9668ry
2026-09-09T13:47:33+00:00	dgx-spark-03	True	1	cmtpsaud71whj2auh0k27ynki
2026-09-09T13:47:33+00:00	dgx-spark-02	True	1	cmtsqj5lz5qd42auh8vvrfn03
2026-09-09T13:47:35+00:00	dgx-spark-04	True	1	cmtpeql4y1etk2auhbk9668ry
2026-09-09T13:47:35+00:00	dgx-spark-03	True	1	cmtpsaud71whj2auh0k27ynki
2026-09-09T13:47:35+00:00	dgx-spark-02	True	1	cmtsqj5lz5qd42auh8vvrfn03
2026-09-09T13:47:37+00:00	dgx-spark-04	True	1	cmtpeql4y1etk2auhbk9668ry
2026-09-09T13:47:37+00:00	dgx-spark-03	True	1	cmtpsaud71whj2auh0k27ynki
2026-09-09T13:47:37+00:00	dgx-spark-02	True	1	cmtsqj5lz5qd42auh8vvrfn03
2026-09-09T13:47:39+00:00	dgx-spark-04	True	1	cmtpeql4y1etk2auhbk9668ry
2026-09-09T13:47:39+00:00	dgx-spark-03	True	1	cmtpsaud71whj2auh0k27ynki
2026-09-09T13:47:39+00:00	dgx-spark-02	True	1	cmtsqj5lz5qd42auh8vvrfn03
2026-09-09T13:47:42+00:00	dgx-spark-04	True	1	cmtpeql4y1etk2auhbk9668ry
2026-09-09T13:47:42+00:00	dgx-spark-03	True	1	cmtpsaud71whj2auh0k27ynki
2026-09-09T13:47:42+00:00	dgx-spark-02	True	1	cmtsqj5lz5qd42auh8vvrfn03
2026-09-09T13:47:44+00:00	dgx-spark-04	True	1	cmtpeql4y1etk2auhbk9668ry
2026-09-09T13:47:44+00:00	dgx-spark-03	True	1	cmtpsaud71whj2auh0k27ynki
2026-09-09T13:47:44+00:00	dgx-spark-02	True	1	cmtsqj5lz5qd42auh8vvrfn03
2026-09-09T13:47:46+00:00	dgx-spark-04	True	1	cmtpeql4y1etk2auhbk9668ry
2026-09-09T13:47:46+00:00	dgx-spark-03	True	1	cmtpsaud71whj2auh0k27ynki
2026-09-09T13:47:46+00:00	dgx-spark-02	True	1	cmtsqj5lz5qd42auh8vvrfn03
2026-09-09T13:47:48+00:00	dgx-spark-04	True	1	cmtpeql4y1etk2auhbk9668ry
2026-09-09T13:47:48+00:00	dgx-spark-03	True	1	cmtpsaud71whj2auh0k27ynki
2026-09-09T13:47:48+00:00	dgx-spark-02	True	1	cmtsqj5lz5qd42auh8vvrfn03
2026-09-09T13:47:50+00:00	dgx-spark-04	True	1	cmtpeql4y1etk2auhbk9668ry
2026-09-09T13:47:50+00:00	dgx-spark-03	True	1	cmtpsaud71whj2auh0k27ynki
2026-09-09T13:47:50+00:00	dgx-spark-02	True	1	cmtsqj5lz5qd42auh8vvrfn03
2026-09-09T13:47:52+00:00	dgx-spark-04	True	1	cmtpeql4y1etk2auhbk9668ry
2026-09-09T13:47:52+00:00	dgx-spark-03	True	1	cmtpsaud71whj2auh0k27ynki
2026-09-09T13:47:52+00:00	dgx-spark-02	True	1	cmtsqj5lz5qd42auh8vvrfn03
2026-09-09T13:47:54+00:00	dgx-spark-04	True	1	cmtpeql4y1etk2auhbk9668ry
2026-09-09T13:47:54+00:00	dgx-spark-03	True	1	cmtpsaud71whj2auh0k27ynki
2026-09-09T13:47:54+00:00	dgx-spark-02	True	1	cmtsqj5lz5qd42auh8vvrfn03
2026-09-09T13:47:56+00:00	dgx-spark-04	True	1	cmtpeql4y1etk2auhbk9668ry
2026-09-09T13:47:56+00:00	dgx-spark-03	True	1	cmtpsaud71whj2auh0k27ynki
2026-09-09T13:47:56+00:00	dgx-spark-02	True	1	cmtsqj5lz5qd42auh8vvrfn03
2026-09-09T13:47:58+00:00	dgx-spark-04	True	1	cmtpeql4y1etk2auhbk9668ry
2026-09-09T13:47:58+00:00	dgx-spark-03	True	1	cmtpsaud71whj2auh0k27ynki
2026-09-09T13:47:58+00:00	dgx-spark-02	True	1	cmtsqj5lz5qd42auh8vvrfn03
2026-09-09T13:48:00+00:00	dgx-spark-04	True	1	cmtpeql4y1etk2auhbk9668ry
2026-09-09T13:48:00+00:00	dgx-spark-03	True	1	cmtpsaud71whj2auh0k27ynki
2026-09-09T13:48:00+00:00	dgx-spark-02	True	1	cmtsqj5lz5qd42auh8vvrfn03
2026-09-09T13:48:02+00:00	dgx-spark-04	True	1	cmtpeql4y1etk2auhbk9668ry
2026-09-09T13:48:02+00:00	dgx-spark-03	True	1	cmtpsaud71whj2auh0k27ynki
2026-09-09T13:48:02+00:00	dgx-spark-02	True	1	cmtsqj5lz5qd42auh8vvrfn03
2026-09-09T13:48:04+00:00	dgx-spark-04	True	1	cmtpeql4y1etk2auhbk9668ry
2026-09-09T13:48:04+00:00	dgx-spark-03	True	1	cmtpsaud71whj2auh0k27ynki
2026-09-09T13:48:04+00:00	dgx-spark-02	True	1	cmtsqj5lz5qd42auh8vvrfn03
2026-09-09T13:48:06+00:00	dgx-spark-04	True	1	cmtpeql4y1etk2auhbk9668ry
2026-09-09T13:48:06+00:00	dgx-spark-03	True	1	cmtpsaud71whj2auh0k27ynki
2026-09-09T13:48:06+00:00	dgx-spark-02	True	1	cmtsqj5lz5qd42auh8vvrfn03
2026-09-09T13:48:08+00:00	dgx-spark-04	True	1	cmtpeql4y1etk2auhbk9668ry
2026-09-09T13:48:08+00:00	dgx-spark-03	True	1	cmtpsaud71whj2auh0k27ynki
2026-09-09T13:48:08+00:00	dgx-spark-02	True	1	cmtsqj5lz5qd42auh8vvrfn03
2026-09-09T13:48:10+00:00	dgx-spark-04	True	1	cmtpeql4y1etk2auhbk9668ry
2026-09-09T13:48:10+00:00	dgx-spark-03	True	1	cmtpsaud71whj2auh0k27ynki
2026-09-09T13:48:10+00:00	dgx-spark-02	True	1	cmtsqj5lz5qd42auh8vvrfn03
2026-09-09T13:48:12+00:00	dgx-spark-04	True	1	cmtpeql4y1etk2auhbk9668ry
2026-09-09T13:48:12+00:00	dgx-spark-03	True	1	cmtpsaud71whj2auh0k27ynki
2026-09-09T13:48:12+00:00	dgx-spark-02	True	1	cmtsqj5lz5qd42auh8vvrfn03
2026-09-09T13:48:14+00:00	dgx-spark-04	True	1	cmtpeql4y1etk2auhbk9668ry
2026-09-09T13:48:14+00:00	dgx-spark-03	True	1	cmtpsaud71whj2auh0k27ynki
2026-09-09T13:48:14+00:00	dgx-spark-02	True	1	cmtsqj5lz5qd42auh8vvrfn03
2026-09-09T13:48:16+00:00	dgx-spark-04	True	1	cmtpeql4y1etk2auhbk9668ry
2026-09-09T13:48:16+00:00	dgx-spark-03	True	1	cmtpsaud71whj2auh0k27ynki
2026-09-09T13:48:16+00:00	dgx-spark-02	True	1	cmtsqj5lz5qd42auh8vvrfn03
2026-09-09T13:48:18+00:00	dgx-spark-04	True	1	cmtpeql4y1etk2auhbk9668ry
2026-09-09T13:48:18+00:00	dgx-spark-03	True	1	cmtpsaud71whj2auh0k27ynki
2026-09-09T13:48:18+00:00	dgx-spark-02	True	1	cmtsqj5lz5qd42auh8vvrfn03
2026-09-09T13:48:20+00:00	dgx-spark-04	True	1	cmtpeql4y1etk2auhbk9668ry
2026-09-09T13:48:20+00:00	dgx-spark-03	True	1	cmtpsaud71whj2auh0k27ynki
2026-09-09T13:48:20+00:00	dgx-spark-02	True	1	cmtsqj5lz5qd42auh8vvrfn03
2026-09-09T13:48:22+00:00	dgx-spark-04	True	1	cmtpeql4y1etk2auhbk9668ry
2026-09-09T13:48:22+00:00	dgx-spark-03	True	1	cmtpsaud71whj2auh0k27ynki
2026-09-09T13:48:22+00:00	dgx-spark-02	True	1	cmtsqj5lz5qd42auh8vvrfn03
2026-09-09T13:48:24+00:00	dgx-spark-04	True	1	cmtpeql4y1etk2auhbk9668ry
2026-09-09T13:48:24+00:00	dgx-spark-03	True	1	cmtpsaud71whj2auh0k27ynki
2026-09-09T13:48:24+00:00	dgx-spark-02	True	1	cmtsqj5lz5qd42auh8vvrfn03
2026-09-09T13:48:26+00:00	dgx-spark-04	True	1	cmtpeql4y1etk2auhbk9668ry
2026-09-09T13:48:26+00:00	dgx-spark-03	True	1	cmtpsaud71whj2auh0k27ynki
2026-09-09T13:48:26+00:00	dgx-spark-02	True	1	cmtsqj5lz5qd42auh8vvrfn03
2026-09-09T13:48:28+00:00	dgx-spark-04	True	1	cmtpeql4y1etk2auhbk9668ry
2026-09-09T13:48:28+00:00	dgx-spark-03	True	1	cmtpsaud71whj2auh0k27ynki
2026-09-09T13:48:28+00:00	dgx-spark-02	True	1	cmtsqj5lz5qd42auh8vvrfn03
2026-09-09T13:48:30+00:00	dgx-spark-04	True	1	cmtpeql4y1etk2auhbk9668ry
2026-09-09T13:48:30+00:00	dgx-spark-03	True	1	cmtpsaud71whj2auh0k27ynki
2026-09-09T13:48:30+00:00	dgx-spark-02	True	1	cmtsqj5lz5qd42auh8vvrfn03
2026-09-09T13:48:32+00:00	dgx-spark-04	True	1	cmtpeql4y1etk2auhbk9668ry
2026-09-09T13:48:32+00:00	dgx-spark-03	True	1	cmtpsaud71whj2auh0k27ynki
2026-09-09T13:48:32+00:00	dgx-spark-02	True	1	cmtsqj5lz5qd42auh8vvrfn03
2026-09-09T13:48:34+00:00	dgx-spark-04	True	1	cmtpeql4y1etk2auhbk9668ry
2026-09-09T13:48:34+00:00	dgx-spark-03	True	1	cmtpsaud71whj2auh0k27ynki
2026-09-09T13:48:34+00:00	dgx-spark-02	True	1	cmtsqj5lz5qd42auh8vvrfn03
2026-09-09T13:48:36+00:00	dgx-spark-04	True	1	cmtpeql4y1etk2auhbk9668ry
2026-09-09T13:48:36+00:00	dgx-spark-03	True	1	cmtpsaud71whj2auh0k27ynki
2026-09-09T13:48:36+00:00	dgx-spark-02	True	1	cmtsqj5lz5qd42auh8vvrfn03
2026-09-09T13:48:38+00:00	dgx-spark-04	True	1	cmtpeql4y1etk2auhbk9668ry
2026-09-09T13:48:38+00:00	dgx-spark-03	True	1	cmtpsaud71whj2auh0k27ynki
2026-09-09T13:48:38+00:00	dgx-spark-02	True	1	cmtsqj5lz5qd42auh8vvrfn03
2026-09-09T13:48:40+00:00	dgx-spark-04	True	1	cmtpeql4y1etk2auhbk9668ry
2026-09-09T13:48:40+00:00	dgx-spark-03	True	1	cmtpsaud71whj2auh0k27ynki
2026-09-09T13:48:40+00:00	dgx-spark-02	True	1	cmtsqj5lz5qd42auh8vvrfn03
2026-09-09T13:48:42+00:00	dgx-spark-04	True	1	cmtpeql4y1etk2auhbk9668ry
2026-09-09T13:48:42+00:00	dgx-spark-03	True	1	cmtpsaud71whj2auh0k27ynki
2026-09-09T13:48:42+00:00	dgx-spark-02	True	1	cmtsqj5lz5qd42auh8vvrfn03
2026-09-09T13:48:44+00:00	dgx-spark-04	True	1	cmtpeql4y1etk2auhbk9668ry
2026-09-09T13:48:44+00:00	dgx-spark-03	True	1	cmtpsaud71whj2auh0k27ynki
2026-09-09T13:48:44+00:00	dgx-spark-02	True	1	cmtsqj5lz5qd42auh8vvrfn03
2026-09-09T13:48:46+00:00	dgx-spark-04	True	1	cmtpeql4y1etk2auhbk9668ry
2026-09-09T13:48:46+00:00	dgx-spark-03	True	1	cmtpsaud71whj2auh0k27ynki
2026-09-09T13:48:46+00:00	dgx-spark-02	True	1	cmtsqj5lz5qd42auh8vvrfn03
2026-09-09T13:48:48+00:00	dgx-spark-04	True	1	cmtpeql4y1etk2auhbk9668ry
2026-09-09T13:48:48+00:00	dgx-spark-03	True	1	cmtpsaud71whj2auh0k27ynki
2026-09-09T13:48:48+00:00	dgx-spark-02	True	1	cmtsqj5lz5qd42auh8vvrfn03
2026-09-09T13:48:50+00:00	dgx-spark-04	True	1	cmtpeql4y1etk2auhbk9668ry
2026-09-09T13:48:50+00:00	dgx-spark-03	True	1	cmtpsaud71whj2auh0k27ynki
2026-09-09T13:48:50+00:00	dgx-spark-02	True	1	cmtsqj5lz5qd42auh8vvrfn03
2026-09-09T13:48:52+00:00	dgx-spark-04	True	1	cmtpeql4y1etk2auhbk9668ry
2026-09-09T13:48:52+00:00	dgx-spark-03	True	1	cmtpsaud71whj2auh0k27ynki
2026-09-09T13:48:52+00:00	dgx-spark-02	True	1	cmtsqj5lz5qd42auh8vvrfn03
2026-09-09T13:48:54+00:00	dgx-spark-04	True	1	cmtpeql4y1etk2auhbk9668ry
2026-09-09T13:48:54+00:00	dgx-spark-03	True	1	cmtpsaud71whj2auh0k27ynki
2026-09-09T13:48:54+00:00	dgx-spark-02	True	1	cmtsqj5lz5qd42auh8vvrfn03
2026-09-09T13:48:56+00:00	dgx-spark-04	True	1	cmtpeql4y1etk2auhbk9668ry
2026-09-09T13:48:56+00:00	dgx-spark-03	True	1	cmtpsaud71whj2auh0k27ynki
2026-09-09T13:48:56+00:00	dgx-spark-02	True	1	cmtsqj5lz5qd42auh8vvrfn03
2026-09-09T13:48:58+00:00	dgx-spark-04	True	1	cmtpeql4y1etk2auhbk9668ry
2026-09-09T13:48:58+00:00	dgx-spark-03	True	1	cmtpsaud71whj2auh0k27ynki
2026-09-09T13:48:58+00:00	dgx-spark-02	True	1	cmtsqj5lz5qd42auh8vvrfn03
2026-09-09T13:49:00+00:00	dgx-spark-04	True	1	cmtpeql4y1etk2auhbk9668ry
2026-09-09T13:49:00+00:00	dgx-spark-03	True	1	cmtpsaud71whj2auh0k27ynki
2026-09-09T13:49:00+00:00	dgx-spark-02	True	1	cmtsqj5lz5qd42auh8vvrfn03
2026-09-09T13:49:02+00:00	dgx-spark-04	True	1	cmtpeql4y1etk2auhbk9668ry
2026-09-09T13:49:02+00:00	dgx-spark-03	True	0	cmtpsaud71whj2auh0k27ynki
2026-09-09T13:49:02+00:00	dgx-spark-02	True	1	cmtsqj5lz5qd42auh8vvrfn03
2026-09-09T13:49:04+00:00	dgx-spark-04	True	1	cmtpeql4y1etk2auhbk9668ry
2026-09-09T13:49:04+00:00	dgx-spark-03	True	0	cmtpsaud71whj2auh0k27ynki
2026-09-09T13:49:04+00:00	dgx-spark-02	True	1	cmtsqj5lz5qd42auh8vvrfn03
2026-09-09T13:49:06+00:00	dgx-spark-04	True	1	cmtpeql4y1etk2auhbk9668ry
2026-09-09T13:49:06+00:00	dgx-spark-03	True	0	cmtpsaud71whj2auh0k27ynki
2026-09-09T13:49:06+00:00	dgx-spark-02	True	0	cmtsqj5lz5qd42auh8vvrfn03
2026-09-09T13:49:08+00:00	dgx-spark-04	True	1	cmtpeql4y1etk2auhbk9668ry
2026-09-09T13:49:08+00:00	dgx-spark-03	True	0	cmtpsaud71whj2auh0k27ynki
2026-09-09T13:49:08+00:00	dgx-spark-02	True	0	cmtsqj5lz5qd42auh8vvrfn03
2026-09-09T13:49:10+00:00	dgx-spark-04	True	1	cmtpeql4y1etk2auhbk9668ry
2026-09-09T13:49:10+00:00	dgx-spark-03	True	0	cmtpsaud71whj2auh0k27ynki
2026-09-09T13:49:10+00:00	dgx-spark-02	True	0	cmtsqj5lz5qd42auh8vvrfn03
2026-09-09T13:49:12+00:00	dgx-spark-04	True	1	cmtpeql4y1etk2auhbk9668ry
2026-09-09T13:49:12+00:00	dgx-spark-03	True	0	cmtpsaud71whj2auh0k27ynki
2026-09-09T13:49:12+00:00	dgx-spark-02	True	0	cmtsqj5lz5qd42auh8vvrfn03
2026-09-09T13:49:14+00:00	dgx-spark-04	True	1	cmtpeql4y1etk2auhbk9668ry
2026-09-09T13:49:14+00:00	dgx-spark-03	True	0	cmtpsaud71whj2auh0k27ynki
2026-09-09T13:49:14+00:00	dgx-spark-02	True	0	cmtsqj5lz5qd42auh8vvrfn03
2026-09-09T13:49:16+00:00	dgx-spark-04	True	0	cmtpeql4y1etk2auhbk9668ry
2026-09-09T13:49:16+00:00	dgx-spark-03	True	0	cmtpsaud71whj2auh0k27ynki
2026-09-09T13:49:16+00:00	dgx-spark-02	True	0	cmtsqj5lz5qd42auh8vvrfn03
2026-09-09T13:49:18+00:00	dgx-spark-04	True	0	cmtpeql4y1etk2auhbk9668ry
2026-09-09T13:49:18+00:00	dgx-spark-03	True	0	cmtpsaud71whj2auh0k27ynki
2026-09-09T13:49:18+00:00	dgx-spark-02	True	0	cmtsqj5lz5qd42auh8vvrfn03
2026-09-09T13:49:20+00:00	dgx-spark-04	True	0	cmtpeql4y1etk2auhbk9668ry
2026-09-09T13:49:20+00:00	dgx-spark-03	True	0	cmtpsaud71whj2auh0k27ynki
2026-09-09T13:49:20+00:00	dgx-spark-02	True	0	cmtsqj5lz5qd42auh8vvrfn03
2026-09-09T13:49:22+00:00	dgx-spark-04	True	0	cmtpeql4y1etk2auhbk9668ry
2026-09-09T13:49:22+00:00	dgx-spark-03	True	0	cmtpsaud71whj2auh0k27ynki
2026-09-09T13:49:22+00:00	dgx-spark-02	True	0	cmtsqj5lz5qd42auh8vvrfn03
2026-09-09T13:49:24+00:00	dgx-spark-04	True	0	cmtpeql4y1etk2auhbk9668ry
2026-09-09T13:49:24+00:00	dgx-spark-03	True	0	cmtpsaud71whj2auh0k27ynki
2026-09-09T13:49:24+00:00	dgx-spark-02	True	0	cmtsqj5lz5qd42auh8vvrfn03
2026-09-09T13:49:26+00:00	dgx-spark-04	True	0	cmtpeql4y1etk2auhbk9668ry
2026-09-09T13:49:26+00:00	dgx-spark-03	True	0	cmtpsaud71whj2auh0k27ynki
2026-09-09T13:49:26+00:00	dgx-spark-02	True	0	cmtsqj5lz5qd42auh8vvrfn03
2026-09-09T13:49:29+00:00	dgx-spark-04	True	0	cmtpeql4y1etk2auhbk9668ry
2026-09-09T13:49:29+00:00	dgx-spark-03	True	0	cmtpsaud71whj2auh0k27ynki
2026-09-09T13:49:29+00:00	dgx-spark-02	True	0	cmtsqj5lz5qd42auh8vvrfn03
2026-09-09T13:49:31+00:00	dgx-spark-04	True	0	cmtpeql4y1etk2auhbk9668ry
2026-09-09T13:49:31+00:00	dgx-spark-03	True	0	cmtpsaud71whj2auh0k27ynki
2026-09-09T13:49:31+00:00	dgx-spark-02	True	0	cmtsqj5lz5qd42auh8vvrfn03
2026-09-09T13:49:33+00:00	dgx-spark-04	True	0	cmtpeql4y1etk2auhbk9668ry
2026-09-09T13:49:33+00:00	dgx-spark-03	True	0	cmtpsaud71whj2auh0k27ynki
2026-09-09T13:49:33+00:00	dgx-spark-02	True	0	cmtsqj5lz5qd42auh8vvrfn03
2026-09-09T13:49:35+00:00	dgx-spark-04	True	0	cmtpeql4y1etk2auhbk9668ry
2026-09-09T13:49:35+00:00	dgx-spark-03	True	0	cmtpsaud71whj2auh0k27ynki
2026-09-09T13:49:35+00:00	dgx-spark-02	True	0	cmtsqj5lz5qd42auh8vvrfn03
2026-09-09T13:49:37+00:00	dgx-spark-04	True	0	cmtpeql4y1etk2auhbk9668ry
2026-09-09T13:49:37+00:00	dgx-spark-03	True	0	cmtpsaud71whj2auh0k27ynki
2026-09-09T13:49:37+00:00	dgx-spark-02	True	0	cmtsqj5lz5qd42auh8vvrfn03
2026-09-09T13:49:39+00:00	dgx-spark-04	True	0	cmtpeql4y1etk2auhbk9668ry
2026-09-09T13:49:39+00:00	dgx-spark-03	True	0	cmtpsaud71whj2auh0k27ynki
2026-09-09T13:49:39+00:00	dgx-spark-02	True	0	cmtsqj5lz5qd42auh8vvrfn03
2026-09-09T13:49:41+00:00	dgx-spark-04	True	0	cmtpeql4y1etk2auhbk9668ry
2026-09-09T13:49:41+00:00	dgx-spark-03	True	0	cmtpsaud71whj2auh0k27ynki
2026-09-09T13:49:41+00:00	dgx-spark-02	True	0	cmtsqj5lz5qd42auh8vvrfn03
2026-09-09T13:49:43+00:00	dgx-spark-04	True	0	cmtpeql4y1etk2auhbk9668ry
2026-09-09T13:49:43+00:00	dgx-spark-03	True	0	cmtpsaud71whj2auh0k27ynki
2026-09-09T13:49:43+00:00	dgx-spark-02	True	0	cmtsqj5lz5qd42auh8vvrfn03
2026-09-09T13:49:45+00:00	dgx-spark-04	True	0	cmtpeql4y1etk2auhbk9668ry
2026-09-09T13:49:45+00:00	dgx-spark-03	True	0	cmtpsaud71whj2auh0k27ynki
2026-09-09T13:49:45+00:00	dgx-spark-02	True	0	cmtsqj5lz5qd42auh8vvrfn03
2026-09-09T13:49:47+00:00	dgx-spark-04	True	0	cmtpeql4y1etk2auhbk9668ry
2026-09-09T13:49:47+00:00	dgx-spark-03	True	0	cmtpsaud71whj2auh0k27ynki
2026-09-09T13:49:47+00:00	dgx-spark-02	True	0	cmtsqj5lz5qd42auh8vvrfn03
2026-09-09T13:49:49+00:00	dgx-spark-04	True	0	cmtpeql4y1etk2auhbk9668ry
2026-09-09T13:49:49+00:00	dgx-spark-03	True	0	cmtpsaud71whj2auh0k27ynki
2026-09-09T13:49:49+00:00	dgx-spark-02	True	0	cmtsqj5lz5qd42auh8vvrfn03
2026-09-09T13:49:51+00:00	dgx-spark-04	True	0	cmtpeql4y1etk2auhbk9668ry
2026-09-09T13:49:51+00:00	dgx-spark-03	True	0	cmtpsaud71whj2auh0k27ynki
2026-09-09T13:49:51+00:00	dgx-spark-02	True	0	cmtsqj5lz5qd42auh8vvrfn03
2026-09-09T13:49:53+00:00	dgx-spark-04	True	0	cmtpeql4y1etk2auhbk9668ry
2026-09-09T13:49:53+00:00	dgx-spark-03	True	0	cmtpsaud71whj2auh0k27ynki
2026-09-09T13:49:53+00:00	dgx-spark-02	True	0	cmtsqj5lz5qd42auh8vvrfn03
2026-09-09T13:49:55+00:00	dgx-spark-04	True	0	cmtpeql4y1etk2auhbk9668ry
2026-09-09T13:49:55+00:00	dgx-spark-03	True	0	cmtpsaud71whj2auh0k27ynki
2026-09-09T13:49:55+00:00	dgx-spark-02	True	0	cmtsqj5lz5qd42auh8vvrfn03
2026-09-09T13:49:57+00:00	dgx-spark-04	True	0	cmtpeql4y1etk2auhbk9668ry
2026-09-09T13:49:57+00:00	dgx-spark-03	True	0	cmtpsaud71whj2auh0k27ynki
2026-09-09T13:49:57+00:00	dgx-spark-02	True	0	cmtsqj5lz5qd42auh8vvrfn03
2026-09-09T13:49:59+00:00	dgx-spark-04	True	0	cmtpeql4y1etk2auhbk9668ry
2026-09-09T13:49:59+00:00	dgx-spark-03	True	0	cmtpsaud71whj2auh0k27ynki
2026-09-09T13:49:59+00:00	dgx-spark-02	True	0	cmtsqj5lz5qd42auh8vvrfn03
2026-09-09T13:50:01+00:00	dgx-spark-04	True	0	cmtpeql4y1etk2auhbk9668ry
2026-09-09T13:50:01+00:00	dgx-spark-03	True	0	cmtpsaud71whj2auh0k27ynki
2026-09-09T13:50:01+00:00	dgx-spark-02	True	0	cmtsqj5lz5qd42auh8vvrfn03
2026-09-09T13:50:03+00:00	dgx-spark-04	True	0	cmtpeql4y1etk2auhbk9668ry
2026-09-09T13:50:03+00:00	dgx-spark-03	True	0	cmtpsaud71whj2auh0k27ynki
2026-09-09T13:50:03+00:00	dgx-spark-02	True	0	cmtsqj5lz5qd42auh8vvrfn03
2026-09-09T13:50:05+00:00	dgx-spark-04	True	0	cmtpeql4y1etk2auhbk9668ry
2026-09-09T13:50:05+00:00	dgx-spark-03	True	0	cmtpsaud71whj2auh0k27ynki
2026-09-09T13:50:05+00:00	dgx-spark-02	True	0	cmtsqj5lz5qd42auh8vvrfn03
2026-09-09T13:50:07+00:00	dgx-spark-04	True	0	cmtpeql4y1etk2auhbk9668ry
2026-09-09T13:50:07+00:00	dgx-spark-03	True	0	cmtpsaud71whj2auh0k27ynki
2026-09-09T13:50:07+00:00	dgx-spark-02	True	0	cmtsqj5lz5qd42auh8vvrfn03
2026-09-09T13:50:09+00:00	dgx-spark-04	True	0	cmtpeql4y1etk2auhbk9668ry
2026-09-09T13:50:09+00:00	dgx-spark-03	True	0	cmtpsaud71whj2auh0k27ynki
2026-09-09T13:50:09+00:00	dgx-spark-02	True	0	cmtsqj5lz5qd42auh8vvrfn03
2026-09-09T13:50:11+00:00	dgx-spark-04	True	0	cmtpeql4y1etk2auhbk9668ry
2026-09-09T13:50:11+00:00	dgx-spark-03	True	0	cmtpsaud71whj2auh0k27ynki
2026-09-09T13:50:11+00:00	dgx-spark-02	True	0	cmtsqj5lz5qd42auh8vvrfn03
2026-09-09T13:50:13+00:00	dgx-spark-04	True	0	cmtpeql4y1etk2auhbk9668ry
2026-09-09T13:50:13+00:00	dgx-spark-03	True	0	cmtpsaud71whj2auh0k27ynki
2026-09-09T13:50:13+00:00	dgx-spark-02	True	0	cmtsqj5lz5qd42auh8vvrfn03
2026-09-09T13:50:15+00:00	dgx-spark-04	True	0	cmtpeql4y1etk2auhbk9668ry
2026-09-09T13:50:15+00:00	dgx-spark-03	True	0	cmtpsaud71whj2auh0k27ynki
2026-09-09T13:50:15+00:00	dgx-spark-02	True	0	cmtsqj5lz5qd42auh8vvrfn03
2026-09-09T13:50:17+00:00	dgx-spark-04	True	0	cmtpeql4y1etk2auhbk9668ry
2026-09-09T13:50:17+00:00	dgx-spark-03	True	0	cmtpsaud71whj2auh0k27ynki
2026-09-09T13:50:17+00:00	dgx-spark-02	True	0	cmtsqj5lz5qd42auh8vvrfn03
2026-09-09T13:50:19+00:00	dgx-spark-04	True	0	cmtpeql4y1etk2auhbk9668ry
2026-09-09T13:50:19+00:00	dgx-spark-03	True	0	cmtpsaud71whj2auh0k27ynki
2026-09-09T13:50:19+00:00	dgx-spark-02	True	0	cmtsqj5lz5qd42auh8vvrfn03
2026-09-09T13:50:21+00:00	dgx-spark-04	True	0	cmtpeql4y1etk2auhbk9668ry
2026-09-09T13:50:21+00:00	dgx-spark-03	True	0	cmtpsaud71whj2auh0k27ynki
2026-09-09T13:50:21+00:00	dgx-spark-02	True	0	cmtsqj5lz5qd42auh8vvrfn03
2026-09-09T13:50:23+00:00	dgx-spark-04	True	0	cmtpeql4y1etk2auhbk9668ry
2026-09-09T13:50:23+00:00	dgx-spark-03	True	0	cmtpsaud71whj2auh0k27ynki
2026-09-09T13:50:23+00:00	dgx-spark-02	True	0	cmtsqj5lz5qd42auh8vvrfn03
2026-09-09T13:50:25+00:00	dgx-spark-04	True	0	cmtpeql4y1etk2auhbk9668ry
2026-09-09T13:50:25+00:00	dgx-spark-03	True	0	cmtpsaud71whj2auh0k27ynki
2026-09-09T13:50:25+00:00	dgx-spark-02	True	0	cmtsqj5lz5qd42auh8vvrfn03
2026-09-09T13:50:27+00:00	dgx-spark-04	True	0	cmtpeql4y1etk2auhbk9668ry
2026-09-09T13:50:27+00:00	dgx-spark-03	True	0	cmtpsaud71whj2auh0k27ynki
2026-09-09T13:50:27+00:00	dgx-spark-02	True	0	cmtsqj5lz5qd42auh8vvrfn03
2026-09-09T13:50:29+00:00	dgx-spark-04	True	0	cmtpeql4y1etk2auhbk9668ry
2026-09-09T13:50:29+00:00	dgx-spark-03	True	0	cmtpsaud71whj2auh0k27ynki
2026-09-09T13:50:29+00:00	dgx-spark-02	True	0	cmtsqj5lz5qd42auh8vvrfn03
2026-09-09T13:50:31+00:00	dgx-spark-04	True	0	cmtpeql4y1etk2auhbk9668ry
2026-09-09T13:50:31+00:00	dgx-spark-03	True	0	cmtpsaud71whj2auh0k27ynki
2026-09-09T13:50:31+00:00	dgx-spark-02	True	0	cmtsqj5lz5qd42auh8vvrfn03
2026-09-09T13:50:33+00:00	dgx-spark-04	True	0	cmtpeql4y1etk2auhbk9668ry
2026-09-09T13:50:33+00:00	dgx-spark-03	True	0	cmtpsaud71whj2auh0k27ynki
2026-09-09T13:50:33+00:00	dgx-spark-02	True	0	cmtsqj5lz5qd42auh8vvrfn03
2026-09-09T13:50:35+00:00	dgx-spark-04	True	0	cmtpeql4y1etk2auhbk9668ry
2026-09-09T13:50:35+00:00	dgx-spark-03	True	0	cmtpsaud71whj2auh0k27ynki
2026-09-09T13:50:35+00:00	dgx-spark-02	True	0	cmtsqj5lz5qd42auh8vvrfn03
2026-09-09T13:50:37+00:00	dgx-spark-04	True	0	cmtpeql4y1etk2auhbk9668ry
2026-09-09T13:50:37+00:00	dgx-spark-03	True	0	cmtpsaud71whj2auh0k27ynki
2026-09-09T13:50:37+00:00	dgx-spark-02	True	0	cmtsqj5lz5qd42auh8vvrfn03
2026-09-09T13:50:39+00:00	dgx-spark-04	True	0	cmtpeql4y1etk2auhbk9668ry
2026-09-09T13:50:39+00:00	dgx-spark-03	True	0	cmtpsaud71whj2auh0k27ynki
2026-09-09T13:50:39+00:00	dgx-spark-02	True	0	cmtsqj5lz5qd42auh8vvrfn03
2026-09-09T13:50:41+00:00	dgx-spark-04	True	0	cmtpeql4y1etk2auhbk9668ry
2026-09-09T13:50:41+00:00	dgx-spark-03	True	0	cmtpsaud71whj2auh0k27ynki
2026-09-09T13:50:41+00:00	dgx-spark-02	True	0	cmtsqj5lz5qd42auh8vvrfn03
2026-09-09T13:50:43+00:00	dgx-spark-04	True	0	cmtpeql4y1etk2auhbk9668ry
2026-09-09T13:50:43+00:00	dgx-spark-03	True	0	cmtpsaud71whj2auh0k27ynki
2026-09-09T13:50:43+00:00	dgx-spark-02	True	0	cmtsqj5lz5qd42auh8vvrfn03
2026-09-09T13:50:45+00:00	dgx-spark-04	True	0	cmtpeql4y1etk2auhbk9668ry
2026-09-09T13:50:45+00:00	dgx-spark-03	True	0	cmtpsaud71whj2auh0k27ynki
2026-09-09T13:50:45+00:00	dgx-spark-02	True	0	cmtsqj5lz5qd42auh8vvrfn03
2026-09-09T13:50:47+00:00	dgx-spark-04	True	0	cmtpeql4y1etk2auhbk9668ry
2026-09-09T13:50:47+00:00	dgx-spark-03	True	0	cmtpsaud71whj2auh0k27ynki
2026-09-09T13:50:47+00:00	dgx-spark-02	True	0	cmtsqj5lz5qd42auh8vvrfn03
2026-09-09T13:50:49+00:00	dgx-spark-04	True	0	cmtpeql4y1etk2auhbk9668ry
2026-09-09T13:50:49+00:00	dgx-spark-03	True	0	cmtpsaud71whj2auh0k27ynki
2026-09-09T13:50:49+00:00	dgx-spark-02	True	0	cmtsqj5lz5qd42auh8vvrfn03
2026-09-09T13:50:51+00:00	dgx-spark-04	True	0	cmtpeql4y1etk2auhbk9668ry
2026-09-09T13:50:51+00:00	dgx-spark-03	True	0	cmtpsaud71whj2auh0k27ynki
2026-09-09T13:50:51+00:00	dgx-spark-02	True	0	cmtsqj5lz5qd42auh8vvrfn03
2026-09-09T13:50:53+00:00	dgx-spark-04	True	0	cmtpeql4y1etk2auhbk9668ry
2026-09-09T13:50:53+00:00	dgx-spark-03	True	0	cmtpsaud71whj2auh0k27ynki
2026-09-09T13:50:53+00:00	dgx-spark-02	True	0	cmtsqj5lz5qd42auh8vvrfn03
2026-09-09T13:50:55+00:00	dgx-spark-04	True	0	cmtpeql4y1etk2auhbk9668ry
2026-09-09T13:50:55+00:00	dgx-spark-03	True	0	cmtpsaud71whj2auh0k27ynki
2026-09-09T13:50:55+00:00	dgx-spark-02	True	0	cmtsqj5lz5qd42auh8vvrfn03
2026-09-09T13:50:57+00:00	dgx-spark-04	True	0	cmtpeql4y1etk2auhbk9668ry
2026-09-09T13:50:57+00:00	dgx-spark-03	True	0	cmtpsaud71whj2auh0k27ynki
2026-09-09T13:50:57+00:00	dgx-spark-02	True	0	cmtsqj5lz5qd42auh8vvrfn03
2026-09-09T13:50:59+00:00	dgx-spark-04	True	0	cmtpeql4y1etk2auhbk9668ry
2026-09-09T13:50:59+00:00	dgx-spark-03	True	0	cmtpsaud71whj2auh0k27ynki
2026-09-09T13:50:59+00:00	dgx-spark-02	True	0	cmtsqj5lz5qd42auh8vvrfn03
2026-09-09T13:51:02+00:00	dgx-spark-04	True	0	cmtpeql4y1etk2auhbk9668ry
2026-09-09T13:51:02+00:00	dgx-spark-03	True	0	cmtpsaud71whj2auh0k27ynki
2026-09-09T13:51:02+00:00	dgx-spark-02	True	0	cmtsqj5lz5qd42auh8vvrfn03
2026-09-09T13:51:04+00:00	dgx-spark-04	True	0	cmtpeql4y1etk2auhbk9668ry
2026-09-09T13:51:04+00:00	dgx-spark-03	True	0	cmtpsaud71whj2auh0k27ynki
2026-09-09T13:51:04+00:00	dgx-spark-02	True	0	cmtsqj5lz5qd42auh8vvrfn03
2026-09-09T13:51:06+00:00	dgx-spark-04	True	0	cmtpeql4y1etk2auhbk9668ry
2026-09-09T13:51:06+00:00	dgx-spark-03	True	0	cmtpsaud71whj2auh0k27ynki
2026-09-09T13:51:06+00:00	dgx-spark-02	True	0	cmtsqj5lz5qd42auh8vvrfn03
2026-09-09T13:51:08+00:00	dgx-spark-04	True	0	cmtpeql4y1etk2auhbk9668ry
2026-09-09T13:51:08+00:00	dgx-spark-03	True	0	cmtpsaud71whj2auh0k27ynki
2026-09-09T13:51:08+00:00	dgx-spark-02	True	0	cmtsqj5lz5qd42auh8vvrfn03
2026-09-09T13:51:10+00:00	dgx-spark-04	True	0	cmtpeql4y1etk2auhbk9668ry
2026-09-09T13:51:10+00:00	dgx-spark-03	True	0	cmtpsaud71whj2auh0k27ynki
2026-09-09T13:51:10+00:00	dgx-spark-02	True	0	cmtsqj5lz5qd42auh8vvrfn03
2026-09-09T13:51:12+00:00	dgx-spark-04	True	0	cmtpeql4y1etk2auhbk9668ry
2026-09-09T13:51:12+00:00	dgx-spark-03	True	0	cmtpsaud71whj2auh0k27ynki
2026-09-09T13:51:12+00:00	dgx-spark-02	True	0	cmtsqj5lz5qd42auh8vvrfn03
2026-09-09T13:51:14+00:00	dgx-spark-04	True	0	cmtpeql4y1etk2auhbk9668ry
2026-09-09T13:51:14+00:00	dgx-spark-03	True	0	cmtpsaud71whj2auh0k27ynki
2026-09-09T13:51:14+00:00	dgx-spark-02	True	0	cmtsqj5lz5qd42auh8vvrfn03
2026-09-09T13:51:16+00:00	dgx-spark-04	True	0	cmtpeql4y1etk2auhbk9668ry
2026-09-09T13:51:16+00:00	dgx-spark-03	True	0	cmtpsaud71whj2auh0k27ynki
2026-09-09T13:51:16+00:00	dgx-spark-02	True	0	cmtsqj5lz5qd42auh8vvrfn03
2026-09-09T13:51:18+00:00	dgx-spark-04	True	0	cmtpeql4y1etk2auhbk9668ry
2026-09-09T13:51:18+00:00	dgx-spark-03	True	0	cmtpsaud71whj2auh0k27ynki
2026-09-09T13:51:18+00:00	dgx-spark-02	True	0	cmtsqj5lz5qd42auh8vvrfn03
2026-09-09T13:51:20+00:00	dgx-spark-04	True	0	cmtpeql4y1etk2auhbk9668ry
2026-09-09T13:51:20+00:00	dgx-spark-03	True	0	cmtpsaud71whj2auh0k27ynki
2026-09-09T13:51:20+00:00	dgx-spark-02	True	0	cmtsqj5lz5qd42auh8vvrfn03
2026-09-09T13:51:22+00:00	dgx-spark-04	True	0	cmtpeql4y1etk2auhbk9668ry
2026-09-09T13:51:22+00:00	dgx-spark-03	True	0	cmtpsaud71whj2auh0k27ynki
2026-09-09T13:51:22+00:00	dgx-spark-02	True	0	cmtsqj5lz5qd42auh8vvrfn03
2026-09-09T13:51:24+00:00	dgx-spark-04	True	0	cmtpeql4y1etk2auhbk9668ry
2026-09-09T13:51:24+00:00	dgx-spark-03	True	0	cmtpsaud71whj2auh0k27ynki
2026-09-09T13:51:24+00:00	dgx-spark-02	True	0	cmtsqj5lz5qd42auh8vvrfn03
2026-09-09T13:51:26+00:00	dgx-spark-04	True	0	cmtpeql4y1etk2auhbk9668ry
2026-09-09T13:51:26+00:00	dgx-spark-03	True	0	cmtpsaud71whj2auh0k27ynki
2026-09-09T13:51:26+00:00	dgx-spark-02	True	0	cmtsqj5lz5qd42auh8vvrfn03
2026-09-09T13:51:28+00:00	dgx-spark-04	True	0	cmtpeql4y1etk2auhbk9668ry
2026-09-09T13:51:28+00:00	dgx-spark-03	True	0	cmtpsaud71whj2auh0k27ynki
2026-09-09T13:51:28+00:00	dgx-spark-02	True	0	cmtsqj5lz5qd42auh8vvrfn03
2026-09-09T13:51:30+00:00	dgx-spark-04	True	0	cmtpeql4y1etk2auhbk9668ry
2026-09-09T13:51:30+00:00	dgx-spark-03	True	0	cmtpsaud71whj2auh0k27ynki
2026-09-09T13:51:30+00:00	dgx-spark-02	True	0	cmtsqj5lz5qd42auh8vvrfn03
2026-09-09T13:51:32+00:00	dgx-spark-04	True	0	cmtpeql4y1etk2auhbk9668ry
2026-09-09T13:51:32+00:00	dgx-spark-03	True	0	cmtpsaud71whj2auh0k27ynki
2026-09-09T13:51:32+00:00	dgx-spark-02	True	0	cmtsqj5lz5qd42auh8vvrfn03
2026-09-09T13:51:34+00:00	dgx-spark-04	True	0	cmtpeql4y1etk2auhbk9668ry
2026-09-09T13:51:34+00:00	dgx-spark-03	True	0	cmtpsaud71whj2auh0k27ynki
2026-09-09T13:51:34+00:00	dgx-spark-02	True	0	cmtsqj5lz5qd42auh8vvrfn03
2026-09-09T13:51:36+00:00	dgx-spark-04	True	0	cmtpeql4y1etk2auhbk9668ry
2026-09-09T13:51:36+00:00	dgx-spark-03	True	0	cmtpsaud71whj2auh0k27ynki
2026-09-09T13:51:36+00:00	dgx-spark-02	True	0	cmtsqj5lz5qd42auh8vvrfn03
2026-09-09T13:51:38+00:00	dgx-spark-04	True	0	cmtpeql4y1etk2auhbk9668ry
2026-09-09T13:51:38+00:00	dgx-spark-03	True	0	cmtpsaud71whj2auh0k27ynki
2026-09-09T13:51:38+00:00	dgx-spark-02	True	0	cmtsqj5lz5qd42auh8vvrfn03
2026-09-09T13:51:40+00:00	dgx-spark-04	True	0	cmtpeql4y1etk2auhbk9668ry
2026-09-09T13:51:40+00:00	dgx-spark-03	True	0	cmtpsaud71whj2auh0k27ynki
2026-09-09T13:51:40+00:00	dgx-spark-02	True	0	cmtsqj5lz5qd42auh8vvrfn03
2026-09-09T13:51:42+00:00	dgx-spark-04	True	0	cmtpeql4y1etk2auhbk9668ry
2026-09-09T13:51:42+00:00	dgx-spark-03	True	0	cmtpsaud71whj2auh0k27ynki
2026-09-09T13:51:42+00:00	dgx-spark-02	True	0	cmtsqj5lz5qd42auh8vvrfn03
2026-09-09T13:51:44+00:00	dgx-spark-04	True	0	cmtpeql4y1etk2auhbk9668ry
2026-09-09T13:51:44+00:00	dgx-spark-03	True	0	cmtpsaud71whj2auh0k27ynki
2026-09-09T13:51:44+00:00	dgx-spark-02	True	0	cmtsqj5lz5qd42auh8vvrfn03
2026-09-09T13:51:46+00:00	dgx-spark-04	True	0	cmtpeql4y1etk2auhbk9668ry
2026-09-09T13:51:46+00:00	dgx-spark-03	True	0	cmtpsaud71whj2auh0k27ynki
2026-09-09T13:51:46+00:00	dgx-spark-02	True	0	cmtsqj5lz5qd42auh8vvrfn03
2026-09-09T13:51:48+00:00	dgx-spark-04	True	0	cmtpeql4y1etk2auhbk9668ry
2026-09-09T13:51:48+00:00	dgx-spark-03	True	0	cmtpsaud71whj2auh0k27ynki
2026-09-09T13:51:48+00:00	dgx-spark-02	True	0	cmtsqj5lz5qd42auh8vvrfn03
2026-09-09T13:51:50+00:00	dgx-spark-04	True	0	cmtpeql4y1etk2auhbk9668ry
2026-09-09T13:51:50+00:00	dgx-spark-03	True	0	cmtpsaud71whj2auh0k27ynki
2026-09-09T13:51:50+00:00	dgx-spark-02	True	0	cmtsqj5lz5qd42auh8vvrfn03
2026-09-09T13:51:52+00:00	dgx-spark-04	True	0	cmtpeql4y1etk2auhbk9668ry
2026-09-09T13:51:52+00:00	dgx-spark-03	True	0	cmtpsaud71whj2auh0k27ynki
2026-09-09T13:51:52+00:00	dgx-spark-02	True	0	cmtsqj5lz5qd42auh8vvrfn03
2026-09-09T13:51:54+00:00	dgx-spark-04	True	0	cmtpeql4y1etk2auhbk9668ry
2026-09-09T13:51:54+00:00	dgx-spark-03	True	0	cmtpsaud71whj2auh0k27ynki
2026-09-09T13:51:54+00:00	dgx-spark-02	True	0	cmtsqj5lz5qd42auh8vvrfn03
2026-09-09T13:51:56+00:00	dgx-spark-04	True	0	cmtpeql4y1etk2auhbk9668ry
2026-09-09T13:51:56+00:00	dgx-spark-03	True	0	cmtpsaud71whj2auh0k27ynki
2026-09-09T13:51:56+00:00	dgx-spark-02	True	0	cmtsqj5lz5qd42auh8vvrfn03
2026-09-09T13:51:58+00:00	dgx-spark-04	True	0	cmtpeql4y1etk2auhbk9668ry
2026-09-09T13:51:58+00:00	dgx-spark-03	True	0	cmtpsaud71whj2auh0k27ynki
2026-09-09T13:51:58+00:00	dgx-spark-02	True	0	cmtsqj5lz5qd42auh8vvrfn03
2026-09-09T13:52:00+00:00	dgx-spark-04	True	0	cmtpeql4y1etk2auhbk9668ry
2026-09-09T13:52:00+00:00	dgx-spark-03	True	0	cmtpsaud71whj2auh0k27ynki
2026-09-09T13:52:00+00:00	dgx-spark-02	True	0	cmtsqj5lz5qd42auh8vvrfn03
2026-09-09T13:52:02+00:00	dgx-spark-04	True	0	cmtpeql4y1etk2auhbk9668ry
2026-09-09T13:52:02+00:00	dgx-spark-03	True	0	cmtpsaud71whj2auh0k27ynki
2026-09-09T13:52:02+00:00	dgx-spark-02	True	0	cmtsqj5lz5qd42auh8vvrfn03
2026-09-09T13:52:04+00:00	dgx-spark-04	True	0	cmtpeql4y1etk2auhbk9668ry
2026-09-09T13:52:04+00:00	dgx-spark-03	True	0	cmtpsaud71whj2auh0k27ynki
2026-09-09T13:52:04+00:00	dgx-spark-02	True	0	cmtsqj5lz5qd42auh8vvrfn03
2026-09-09T13:52:06+00:00	dgx-spark-04	True	0	cmtpeql4y1etk2auhbk9668ry
2026-09-09T13:52:06+00:00	dgx-spark-03	True	0	cmtpsaud71whj2auh0k27ynki
2026-09-09T13:52:06+00:00	dgx-spark-02	True	0	cmtsqj5lz5qd42auh8vvrfn03
2026-09-09T13:52:08+00:00	dgx-spark-04	True	0	cmtpeql4y1etk2auhbk9668ry
2026-09-09T13:52:08+00:00	dgx-spark-03	True	0	cmtpsaud71whj2auh0k27ynki
2026-09-09T13:52:08+00:00	dgx-spark-02	True	0	cmtsqj5lz5qd42auh8vvrfn03
2026-09-09T13:52:10+00:00	dgx-spark-04	True	0	cmtpeql4y1etk2auhbk9668ry
2026-09-09T13:52:10+00:00	dgx-spark-03	True	0	cmtpsaud71whj2auh0k27ynki
2026-09-09T13:52:10+00:00	dgx-spark-02	True	0	cmtsqj5lz5qd42auh8vvrfn03
2026-09-09T13:52:12+00:00	dgx-spark-04	True	0	cmtpeql4y1etk2auhbk9668ry
2026-09-09T13:52:12+00:00	dgx-spark-03	True	0	cmtpsaud71whj2auh0k27ynki
2026-09-09T13:52:12+00:00	dgx-spark-02	True	0	cmtsqj5lz5qd42auh8vvrfn03
2026-09-09T13:52:14+00:00	dgx-spark-04	True	0	cmtpeql4y1etk2auhbk9668ry
2026-09-09T13:52:14+00:00	dgx-spark-03	True	0	cmtpsaud71whj2auh0k27ynki
2026-09-09T13:52:14+00:00	dgx-spark-02	True	0	cmtsqj5lz5qd42auh8vvrfn03
2026-09-09T13:52:16+00:00	dgx-spark-04	True	0	cmtpeql4y1etk2auhbk9668ry
2026-09-09T13:52:16+00:00	dgx-spark-03	True	0	cmtpsaud71whj2auh0k27ynki
2026-09-09T13:52:16+00:00	dgx-spark-02	True	0	cmtsqj5lz5qd42auh8vvrfn03
2026-09-09T13:52:18+00:00	dgx-spark-04	True	0	cmtpeql4y1etk2auhbk9668ry
2026-09-09T13:52:18+00:00	dgx-spark-03	True	0	cmtpsaud71whj2auh0k27ynki
2026-09-09T13:52:18+00:00	dgx-spark-02	True	0	cmtsqj5lz5qd42auh8vvrfn03
2026-09-09T13:52:20+00:00	dgx-spark-04	True	0	cmtpeql4y1etk2auhbk9668ry
2026-09-09T13:52:20+00:00	dgx-spark-03	True	0	cmtpsaud71whj2auh0k27ynki
2026-09-09T13:52:20+00:00	dgx-spark-02	True	0	cmtsqj5lz5qd42auh8vvrfn03
2026-09-09T13:52:22+00:00	dgx-spark-04	True	0	cmtpeql4y1etk2auhbk9668ry
2026-09-09T13:52:22+00:00	dgx-spark-03	True	0	cmtpsaud71whj2auh0k27ynki
2026-09-09T13:52:22+00:00	dgx-spark-02	True	0	cmtsqj5lz5qd42auh8vvrfn03
2026-09-09T13:52:24+00:00	dgx-spark-04	True	0	cmtpeql4y1etk2auhbk9668ry
2026-09-09T13:52:24+00:00	dgx-spark-03	True	0	cmtpsaud71whj2auh0k27ynki
2026-09-09T13:52:24+00:00	dgx-spark-02	True	0	cmtsqj5lz5qd42auh8vvrfn03
2026-09-09T13:52:26+00:00	dgx-spark-04	True	0	cmtpeql4y1etk2auhbk9668ry
2026-09-09T13:52:26+00:00	dgx-spark-03	True	0	cmtpsaud71whj2auh0k27ynki
2026-09-09T13:52:26+00:00	dgx-spark-02	True	0	cmtsqj5lz5qd42auh8vvrfn03
2026-09-09T13:52:28+00:00	dgx-spark-04	True	0	cmtpeql4y1etk2auhbk9668ry
2026-09-09T13:52:28+00:00	dgx-spark-03	True	0	cmtpsaud71whj2auh0k27ynki
2026-09-09T13:52:28+00:00	dgx-spark-02	True	0	cmtsqj5lz5qd42auh8vvrfn03
2026-09-09T13:52:30+00:00	dgx-spark-04	True	0	cmtpeql4y1etk2auhbk9668ry
2026-09-09T13:52:30+00:00	dgx-spark-03	True	0	cmtpsaud71whj2auh0k27ynki
2026-09-09T13:52:30+00:00	dgx-spark-02	True	0	cmtsqj5lz5qd42auh8vvrfn03
2026-09-09T13:52:32+00:00	dgx-spark-04	True	0	cmtpeql4y1etk2auhbk9668ry
2026-09-09T13:52:32+00:00	dgx-spark-03	True	0	cmtpsaud71whj2auh0k27ynki
2026-09-09T13:52:32+00:00	dgx-spark-02	True	0	cmtsqj5lz5qd42auh8vvrfn03
2026-09-09T13:52:34+00:00	dgx-spark-04	True	0	cmtpeql4y1etk2auhbk9668ry
2026-09-09T13:52:34+00:00	dgx-spark-03	True	0	cmtpsaud71whj2auh0k27ynki
2026-09-09T13:52:34+00:00	dgx-spark-02	True	0	cmtsqj5lz5qd42auh8vvrfn03
2026-09-09T13:52:36+00:00	dgx-spark-04	True	0	cmtpeql4y1etk2auhbk9668ry
2026-09-09T13:52:36+00:00	dgx-spark-03	True	0	cmtpsaud71whj2auh0k27ynki
2026-09-09T13:52:36+00:00	dgx-spark-02	True	0	cmtsqj5lz5qd42auh8vvrfn03
2026-09-09T13:52:38+00:00	dgx-spark-04	True	0	cmtpeql4y1etk2auhbk9668ry
2026-09-09T13:52:38+00:00	dgx-spark-03	True	0	cmtpsaud71whj2auh0k27ynki
2026-09-09T13:52:38+00:00	dgx-spark-02	True	0	cmtsqj5lz5qd42auh8vvrfn03
2026-09-09T13:52:40+00:00	dgx-spark-04	True	0	cmtpeql4y1etk2auhbk9668ry
2026-09-09T13:52:40+00:00	dgx-spark-03	True	0	cmtpsaud71whj2auh0k27ynki
2026-09-09T13:52:40+00:00	dgx-spark-02	True	0	cmtsqj5lz5qd42auh8vvrfn03
2026-09-09T13:52:43+00:00	dgx-spark-04	True	0	cmtpeql4y1etk2auhbk9668ry
2026-09-09T13:52:43+00:00	dgx-spark-03	True	0	cmtpsaud71whj2auh0k27ynki
2026-09-09T13:52:43+00:00	dgx-spark-02	True	0	cmtsqj5lz5qd42auh8vvrfn03
2026-09-09T13:52:45+00:00	dgx-spark-04	True	0	cmtpeql4y1etk2auhbk9668ry
2026-09-09T13:52:45+00:00	dgx-spark-03	True	0	cmtpsaud71whj2auh0k27ynki
2026-09-09T13:52:45+00:00	dgx-spark-02	True	0	cmtsqj5lz5qd42auh8vvrfn03
2026-09-09T13:52:47+00:00	dgx-spark-04	True	0	cmtpeql4y1etk2auhbk9668ry
2026-09-09T13:52:47+00:00	dgx-spark-03	True	0	cmtpsaud71whj2auh0k27ynki
2026-09-09T13:52:47+00:00	dgx-spark-02	True	0	cmtsqj5lz5qd42auh8vvrfn03
2026-09-09T13:52:49+00:00	dgx-spark-04	True	0	cmtpeql4y1etk2auhbk9668ry
2026-09-09T13:52:49+00:00	dgx-spark-03	True	0	cmtpsaud71whj2auh0k27ynki
2026-09-09T13:52:49+00:00	dgx-spark-02	True	0	cmtsqj5lz5qd42auh8vvrfn03
2026-09-09T13:52:51+00:00	dgx-spark-04	True	0	cmtpeql4y1etk2auhbk9668ry
2026-09-09T13:52:51+00:00	dgx-spark-03	True	0	cmtpsaud71whj2auh0k27ynki
2026-09-09T13:52:51+00:00	dgx-spark-02	True	0	cmtsqj5lz5qd42auh8vvrfn03
2026-09-09T13:52:53+00:00	dgx-spark-04	True	0	cmtpeql4y1etk2auhbk9668ry
2026-09-09T13:52:53+00:00	dgx-spark-03	True	0	cmtpsaud71whj2auh0k27ynki
2026-09-09T13:52:53+00:00	dgx-spark-02	True	0	cmtsqj5lz5qd42auh8vvrfn03
2026-09-09T13:52:55+00:00	dgx-spark-04	True	0	cmtpeql4y1etk2auhbk9668ry
2026-09-09T13:52:55+00:00	dgx-spark-03	True	0	cmtpsaud71whj2auh0k27ynki
2026-09-09T13:52:55+00:00	dgx-spark-02	True	0	cmtsqj5lz5qd42auh8vvrfn03
2026-09-09T13:52:57+00:00	dgx-spark-04	True	0	cmtpeql4y1etk2auhbk9668ry
2026-09-09T13:52:57+00:00	dgx-spark-03	True	0	cmtpsaud71whj2auh0k27ynki
2026-09-09T13:52:57+00:00	dgx-spark-02	True	0	cmtsqj5lz5qd42auh8vvrfn03
2026-09-09T13:52:59+00:00	dgx-spark-04	True	0	cmtpeql4y1etk2auhbk9668ry
2026-09-09T13:52:59+00:00	dgx-spark-03	True	0	cmtpsaud71whj2auh0k27ynki
2026-09-09T13:52:59+00:00	dgx-spark-02	True	0	cmtsqj5lz5qd42auh8vvrfn03
2026-09-09T13:53:01+00:00	dgx-spark-04	True	0	cmtpeql4y1etk2auhbk9668ry
2026-09-09T13:53:01+00:00	dgx-spark-03	True	0	cmtpsaud71whj2auh0k27ynki
2026-09-09T13:53:01+00:00	dgx-spark-02	True	0	cmtsqj5lz5qd42auh8vvrfn03
2026-09-09T13:53:03+00:00	dgx-spark-04	True	0	cmtpeql4y1etk2auhbk9668ry
2026-09-09T13:53:03+00:00	dgx-spark-03	True	0	cmtpsaud71whj2auh0k27ynki
2026-09-09T13:53:03+00:00	dgx-spark-02	True	0	cmtsqj5lz5qd42auh8vvrfn03
2026-09-09T13:53:05+00:00	dgx-spark-04	True	0	cmtpeql4y1etk2auhbk9668ry
2026-09-09T13:53:05+00:00	dgx-spark-03	True	0	cmtpsaud71whj2auh0k27ynki
2026-09-09T13:53:05+00:00	dgx-spark-02	True	0	cmtsqj5lz5qd42auh8vvrfn03
2026-09-09T13:53:07+00:00	dgx-spark-04	True	0	cmtpeql4y1etk2auhbk9668ry
2026-09-09T13:53:07+00:00	dgx-spark-03	True	0	cmtpsaud71whj2auh0k27ynki
2026-09-09T13:53:07+00:00	dgx-spark-02	True	0	cmtsqj5lz5qd42auh8vvrfn03
2026-09-09T13:53:09+00:00	dgx-spark-04	True	0	cmtpeql4y1etk2auhbk9668ry
2026-09-09T13:53:09+00:00	dgx-spark-03	True	0	cmtpsaud71whj2auh0k27ynki
2026-09-09T13:53:09+00:00	dgx-spark-02	True	0	cmtsqj5lz5qd42auh8vvrfn03
2026-09-09T13:53:11+00:00	dgx-spark-04	True	0	cmtpeql4y1etk2auhbk9668ry
2026-09-09T13:53:11+00:00	dgx-spark-03	True	0	cmtpsaud71whj2auh0k27ynki
2026-09-09T13:53:11+00:00	dgx-spark-02	True	0	cmtsqj5lz5qd42auh8vvrfn03
2026-09-09T13:53:13+00:00	dgx-spark-04	True	0	cmtpeql4y1etk2auhbk9668ry
2026-09-09T13:53:13+00:00	dgx-spark-03	True	0	cmtpsaud71whj2auh0k27ynki
2026-09-09T13:53:13+00:00	dgx-spark-02	True	0	cmtsqj5lz5qd42auh8vvrfn03
2026-09-09T13:53:15+00:00	dgx-spark-04	True	0	cmtpeql4y1etk2auhbk9668ry
2026-09-09T13:53:15+00:00	dgx-spark-03	True	0	cmtpsaud71whj2auh0k27ynki
2026-09-09T13:53:15+00:00	dgx-spark-02	True	0	cmtsqj5lz5qd42auh8vvrfn03
2026-09-09T13:53:17+00:00	dgx-spark-04	True	0	cmtpeql4y1etk2auhbk9668ry
2026-09-09T13:53:17+00:00	dgx-spark-03	True	0	cmtpsaud71whj2auh0k27ynki
2026-09-09T13:53:17+00:00	dgx-spark-02	True	0	cmtsqj5lz5qd42auh8vvrfn03
2026-09-09T13:53:19+00:00	dgx-spark-04	True	0	cmtpeql4y1etk2auhbk9668ry
2026-09-09T13:53:19+00:00	dgx-spark-03	True	0	cmtpsaud71whj2auh0k27ynki
2026-09-09T13:53:19+00:00	dgx-spark-02	True	0	cmtsqj5lz5qd42auh8vvrfn03
2026-09-09T13:53:21+00:00	dgx-spark-04	True	0	cmtpeql4y1etk2auhbk9668ry
2026-09-09T13:53:21+00:00	dgx-spark-03	True	0	cmtpsaud71whj2auh0k27ynki
2026-09-09T13:53:21+00:00	dgx-spark-02	True	0	cmtsqj5lz5qd42auh8vvrfn03
2026-09-09T13:53:23+00:00	dgx-spark-04	True	0	cmtpeql4y1etk2auhbk9668ry
2026-09-09T13:53:23+00:00	dgx-spark-03	True	0	cmtpsaud71whj2auh0k27ynki
2026-09-09T13:53:23+00:00	dgx-spark-02	True	0	cmtsqj5lz5qd42auh8vvrfn03
2026-09-09T13:53:25+00:00	dgx-spark-04	True	0	cmtpeql4y1etk2auhbk9668ry
2026-09-09T13:53:25+00:00	dgx-spark-03	True	0	cmtpsaud71whj2auh0k27ynki
2026-09-09T13:53:25+00:00	dgx-spark-02	True	0	cmtsqj5lz5qd42auh8vvrfn03
2026-09-09T13:53:27+00:00	dgx-spark-04	True	0	cmtpeql4y1etk2auhbk9668ry
2026-09-09T13:53:27+00:00	dgx-spark-03	True	0	cmtpsaud71whj2auh0k27ynki
2026-09-09T13:53:27+00:00	dgx-spark-02	True	0	cmtsqj5lz5qd42auh8vvrfn03
2026-09-09T13:53:29+00:00	dgx-spark-04	True	0	cmtpeql4y1etk2auhbk9668ry
2026-09-09T13:53:29+00:00	dgx-spark-03	True	0	cmtpsaud71whj2auh0k27ynki
2026-09-09T13:53:29+00:00	dgx-spark-02	True	0	cmtsqj5lz5qd42auh8vvrfn03
2026-09-09T13:53:31+00:00	dgx-spark-04	True	0	cmtpeql4y1etk2auhbk9668ry
2026-09-09T13:53:31+00:00	dgx-spark-03	True	0	cmtpsaud71whj2auh0k27ynki
2026-09-09T13:53:31+00:00	dgx-spark-02	True	0	cmtsqj5lz5qd42auh8vvrfn03
2026-09-09T13:53:33+00:00	dgx-spark-04	True	0	cmtpeql4y1etk2auhbk9668ry
2026-09-09T13:53:33+00:00	dgx-spark-03	True	0	cmtpsaud71whj2auh0k27ynki
2026-09-09T13:53:33+00:00	dgx-spark-02	True	0	cmtsqj5lz5qd42auh8vvrfn03
2026-09-09T13:53:35+00:00	dgx-spark-04	True	0	cmtpeql4y1etk2auhbk9668ry
2026-09-09T13:53:35+00:00	dgx-spark-03	True	0	cmtpsaud71whj2auh0k27ynki
2026-09-09T13:53:35+00:00	dgx-spark-02	True	0	cmtsqj5lz5qd42auh8vvrfn03
2026-09-09T13:53:37+00:00	dgx-spark-04	True	0	cmtpeql4y1etk2auhbk9668ry
2026-09-09T13:53:37+00:00	dgx-spark-03	True	0	cmtpsaud71whj2auh0k27ynki
2026-09-09T13:53:37+00:00	dgx-spark-02	True	0	cmtsqj5lz5qd42auh8vvrfn03
2026-09-09T13:53:39+00:00	dgx-spark-04	True	0	cmtpeql4y1etk2auhbk9668ry
2026-09-09T13:53:39+00:00	dgx-spark-03	True	0	cmtpsaud71whj2auh0k27ynki
2026-09-09T13:53:39+00:00	dgx-spark-02	True	0	cmtsqj5lz5qd42auh8vvrfn03
2026-09-09T13:53:41+00:00	dgx-spark-04	True	0	cmtpeql4y1etk2auhbk9668ry
2026-09-09T13:53:41+00:00	dgx-spark-03	True	0	cmtpsaud71whj2auh0k27ynki
2026-09-09T13:53:41+00:00	dgx-spark-02	True	0	cmtsqj5lz5qd42auh8vvrfn03
2026-09-09T13:53:43+00:00	dgx-spark-04	True	0	cmtpeql4y1etk2auhbk9668ry
2026-09-09T13:53:43+00:00	dgx-spark-03	True	0	cmtpsaud71whj2auh0k27ynki
2026-09-09T13:53:43+00:00	dgx-spark-02	True	0	cmtsqj5lz5qd42auh8vvrfn03
2026-09-09T13:53:45+00:00	dgx-spark-04	True	0	cmtpeql4y1etk2auhbk9668ry
2026-09-09T13:53:45+00:00	dgx-spark-03	True	0	cmtpsaud71whj2auh0k27ynki
2026-09-09T13:53:45+00:00	dgx-spark-02	True	0	cmtsqj5lz5qd42auh8vvrfn03
2026-09-09T13:53:47+00:00	dgx-spark-04	True	0	cmtpeql4y1etk2auhbk9668ry
2026-09-09T13:53:47+00:00	dgx-spark-03	True	0	cmtpsaud71whj2auh0k27ynki
2026-09-09T13:53:47+00:00	dgx-spark-02	True	0	cmtsqj5lz5qd42auh8vvrfn03
2026-09-09T13:53:49+00:00	dgx-spark-04	True	0	cmtpeql4y1etk2auhbk9668ry
2026-09-09T13:53:49+00:00	dgx-spark-03	True	0	cmtpsaud71whj2auh0k27ynki
2026-09-09T13:53:49+00:00	dgx-spark-02	True	0	cmtsqj5lz5qd42auh8vvrfn03
2026-09-09T13:53:51+00:00	dgx-spark-04	True	0	cmtpeql4y1etk2auhbk9668ry
2026-09-09T13:53:51+00:00	dgx-spark-03	True	0	cmtpsaud71whj2auh0k27ynki
2026-09-09T13:53:51+00:00	dgx-spark-02	True	0	cmtsqj5lz5qd42auh8vvrfn03
2026-09-09T13:53:53+00:00	dgx-spark-04	True	0	cmtpeql4y1etk2auhbk9668ry
2026-09-09T13:53:53+00:00	dgx-spark-03	True	0	cmtpsaud71whj2auh0k27ynki
2026-09-09T13:53:53+00:00	dgx-spark-02	True	0	cmtsqj5lz5qd42auh8vvrfn03
2026-09-09T13:53:55+00:00	dgx-spark-04	True	0	cmtpeql4y1etk2auhbk9668ry
2026-09-09T13:53:55+00:00	dgx-spark-03	True	0	cmtpsaud71whj2auh0k27ynki
2026-09-09T13:53:55+00:00	dgx-spark-02	True	0	cmtsqj5lz5qd42auh8vvrfn03
2026-09-09T13:53:57+00:00	dgx-spark-04	True	0	cmtpeql4y1etk2auhbk9668ry
2026-09-09T13:53:57+00:00	dgx-spark-03	True	0	cmtpsaud71whj2auh0k27ynki
2026-09-09T13:53:57+00:00	dgx-spark-02	True	0	cmtsqj5lz5qd42auh8vvrfn03
2026-09-09T13:53:59+00:00	dgx-spark-04	True	0	cmtpeql4y1etk2auhbk9668ry
2026-09-09T13:53:59+00:00	dgx-spark-03	True	0	cmtpsaud71whj2auh0k27ynki
2026-09-09T13:53:59+00:00	dgx-spark-02	True	0	cmtsqj5lz5qd42auh8vvrfn03
2026-09-09T13:54:01+00:00	dgx-spark-04	True	0	cmtpeql4y1etk2auhbk9668ry
2026-09-09T13:54:01+00:00	dgx-spark-03	True	0	cmtpsaud71whj2auh0k27ynki
2026-09-09T13:54:01+00:00	dgx-spark-02	True	0	cmtsqj5lz5qd42auh8vvrfn03
2026-09-09T13:54:03+00:00	dgx-spark-04	True	0	cmtpeql4y1etk2auhbk9668ry
2026-09-09T13:54:03+00:00	dgx-spark-03	True	0	cmtpsaud71whj2auh0k27ynki
2026-09-09T13:54:03+00:00	dgx-spark-02	True	0	cmtsqj5lz5qd42auh8vvrfn03
2026-09-09T13:54:05+00:00	dgx-spark-04	True	0	cmtpeql4y1etk2auhbk9668ry
2026-09-09T13:54:05+00:00	dgx-spark-03	True	0	cmtpsaud71whj2auh0k27ynki
2026-09-09T13:54:05+00:00	dgx-spark-02	True	0	cmtsqj5lz5qd42auh8vvrfn03
2026-09-09T13:54:07+00:00	dgx-spark-04	True	0	cmtpeql4y1etk2auhbk9668ry
2026-09-09T13:54:07+00:00	dgx-spark-03	True	0	cmtpsaud71whj2auh0k27ynki
2026-09-09T13:54:07+00:00	dgx-spark-02	True	0	cmtsqj5lz5qd42auh8vvrfn03
2026-09-09T13:54:09+00:00	dgx-spark-04	True	0	cmtpeql4y1etk2auhbk9668ry
2026-09-09T13:54:09+00:00	dgx-spark-03	True	0	cmtpsaud71whj2auh0k27ynki
2026-09-09T13:54:09+00:00	dgx-spark-02	True	0	cmtsqj5lz5qd42auh8vvrfn03
